status,error,job_id,steered_job_id,pair_id,side,site,stack,block,scale,token_window_label,token_start,token_end,audio_tokens,token_start_fraction,token_end_fraction,segment_label,segment_start_fraction,segment_end_fraction,segment_overlap_fraction,segment_inside_token_window,clip_spectral_centroid_mean_hz,rms_dbfs,duration,steps,guidance_scale,seed,prompt,wav_path,elapsed_seconds,spectral_centroid_mean_hz,spectral_centroid_median_hz,segment_start_sample,segment_end_sample
ok,,bright-s00-l3-single-sample-000-seed-7003,bright-s00-l3-single-sample-000-seed-7003_transformer_blocks-3_first_half_s0p0,bright-s00-l3,single,transformer.transformer_blocks.3,dual,3,0.0,first_half,0,322,645,0.0,0.5,q1,0.0,0.25,1.0,True,5753.67578125,-83.03871656108774,3.5,50,4.0,7003,a neutral and balanced synth pad,/outputs/time-localized-brightness-steer-v1/bright-s00-l3/single/bright-s00-l3-single-sample-000-seed-7003-transformer-blocks-3-first-half-s0p0.wav,28.868,6392.416015625,6422.20556640625,0,38588
ok,,bright-s00-l3-single-sample-000-seed-7003,bright-s00-l3-single-sample-000-seed-7003_transformer_blocks-3_first_half_s0p0,bright-s00-l3,single,transformer.transformer_blocks.3,dual,3,0.0,first_half,0,322,645,0.0,0.5,q2,0.25,0.5,1.0,True,5753.67578125,-83.03871656108774,3.5,50,4.0,7003,a neutral and balanced synth pad,/outputs/time-localized-brightness-steer-v1/bright-s00-l3/single/bright-s00-l3-single-sample-000-seed-7003-transformer-blocks-3-first-half-s0p0.wav,28.87,4831.9267578125,4796.54345703125,38588,77175
ok,,bright-s00-l3-single-sample-000-seed-7003,bright-s00-l3-single-sample-000-seed-7003_transformer_blocks-3_first_half_s0p0,bright-s00-l3,single,transformer.transformer_blocks.3,dual,3,0.0,first_half,0,322,645,0.0,0.5,q3,0.5,0.75,0.0,False,5753.67578125,-83.03871656108774,3.5,50,4.0,7003,a neutral and balanced synth pad,/outputs/time-localized-brightness-steer-v1/bright-s00-l3/single/bright-s00-l3-single-sample-000-seed-7003-transformer-blocks-3-first-half-s0p0.wav,28.871,5738.45068359375,5440.37353515625,77175,115762
ok,,bright-s00-l3-single-sample-000-seed-7003,bright-s00-l3-single-sample-000-seed-7003_transformer_blocks-3_first_half_s0p0,bright-s00-l3,single,transformer.transformer_blocks.3,dual,3,0.0,first_half,0,322,645,0.0,0.5,q4,0.75,1.0,0.0,False,5753.67578125,-83.03871656108774,3.5,50,4.0,7003,a neutral and balanced synth pad,/outputs/time-localized-brightness-steer-v1/bright-s00-l3/single/bright-s00-l3-single-sample-000-seed-7003-transformer-blocks-3-first-half-s0p0.wav,28.872,6033.951171875,6317.6181640625,115762,154350
ok,,bright-s00-l3-single-sample-000-seed-7003,bright-s00-l3-single-sample-000-seed-7003_transformer_blocks-3_first_half_s1p0,bright-s00-l3,single,transformer.transformer_blocks.3,dual,3,1.0,first_half,0,322,645,0.0,0.5,q1,0.0,0.25,1.0,True,5665.12353515625,-82.63026458178679,3.5,50,4.0,7003,a neutral and balanced synth pad,/outputs/time-localized-brightness-steer-v1/bright-s00-l3/single/bright-s00-l3-single-sample-000-seed-7003-transformer-blocks-3-first-half-s1p0.wav,36.078,6290.16748046875,6329.91943359375,0,38588
ok,,bright-s00-l3-single-sample-000-seed-7003,bright-s00-l3-single-sample-000-seed-7003_transformer_blocks-3_first_half_s1p0,bright-s00-l3,single,transformer.transformer_blocks.3,dual,3,1.0,first_half,0,322,645,0.0,0.5,q2,0.25,0.5,1.0,True,5665.12353515625,-82.63026458178679,3.5,50,4.0,7003,a neutral and balanced synth pad,/outputs/time-localized-brightness-steer-v1/bright-s00-l3/single/bright-s00-l3-single-sample-000-seed-7003-transformer-blocks-3-first-half-s1p0.wav,36.079,4747.97998046875,4742.46142578125,38588,77175
ok,,bright-s00-l3-single-sample-000-seed-7003,bright-s00-l3-single-sample-000-seed-7003_transformer_blocks-3_first_half_s1p0,bright-s00-l3,single,transformer.transformer_blocks.3,dual,3,1.0,first_half,0,322,645,0.0,0.5,q3,0.5,0.75,0.0,False,5665.12353515625,-82.63026458178679,3.5,50,4.0,7003,a neutral and balanced synth pad,/outputs/time-localized-brightness-steer-v1/bright-s00-l3/single/bright-s00-l3-single-sample-000-seed-7003-transformer-blocks-3-first-half-s1p0.wav,36.08,5640.8134765625,5342.9794921875,77175,115762
ok,,bright-s00-l3-single-sample-000-seed-7003,bright-s00-l3-single-sample-000-seed-7003_transformer_blocks-3_first_half_s1p0,bright-s00-l3,single,transformer.transformer_blocks.3,dual,3,1.0,first_half,0,322,645,0.0,0.5,q4,0.75,1.0,0.0,False,5665.12353515625,-82.63026458178679,3.5,50,4.0,7003,a neutral and balanced synth pad,/outputs/time-localized-brightness-steer-v1/bright-s00-l3/single/bright-s00-l3-single-sample-000-seed-7003-transformer-blocks-3-first-half-s1p0.wav,36.081,5960.39599609375,6185.5849609375,115762,154350
ok,,bright-s00-l3-single-sample-000-seed-7003,bright-s00-l3-single-sample-000-seed-7003_transformer_blocks-3_first_half_s2p0,bright-s00-l3,single,transformer.transformer_blocks.3,dual,3,2.0,first_half,0,322,645,0.0,0.5,q1,0.0,0.25,1.0,True,5541.74072265625,-82.19193156011667,3.5,50,4.0,7003,a neutral and balanced synth pad,/outputs/time-localized-brightness-steer-v1/bright-s00-l3/single/bright-s00-l3-single-sample-000-seed-7003-transformer-blocks-3-first-half-s2p0.wav,29.191,6153.00634765625,6151.75634765625,0,38588
ok,,bright-s00-l3-single-sample-000-seed-7003,bright-s00-l3-single-sample-000-seed-7003_transformer_blocks-3_first_half_s2p0,bright-s00-l3,single,transformer.transformer_blocks.3,dual,3,2.0,first_half,0,322,645,0.0,0.5,q2,0.25,0.5,1.0,True,5541.74072265625,-82.19193156011667,3.5,50,4.0,7003,a neutral and balanced synth pad,/outputs/time-localized-brightness-steer-v1/bright-s00-l3/single/bright-s00-l3-single-sample-000-seed-7003-transformer-blocks-3-first-half-s2p0.wav,29.193,4644.67626953125,4676.013671875,38588,77175
ok,,bright-s00-l3-single-sample-000-seed-7003,bright-s00-l3-single-sample-000-seed-7003_transformer_blocks-3_first_half_s2p0,bright-s00-l3,single,transformer.transformer_blocks.3,dual,3,2.0,first_half,0,322,645,0.0,0.5,q3,0.5,0.75,0.0,False,5541.74072265625,-82.19193156011667,3.5,50,4.0,7003,a neutral and balanced synth pad,/outputs/time-localized-brightness-steer-v1/bright-s00-l3/single/bright-s00-l3-single-sample-000-seed-7003-transformer-blocks-3-first-half-s2p0.wav,29.194,5446.763671875,5164.841796875,77175,115762
ok,,bright-s00-l3-single-sample-000-seed-7003,bright-s00-l3-single-sample-000-seed-7003_transformer_blocks-3_first_half_s2p0,bright-s00-l3,single,transformer.transformer_blocks.3,dual,3,2.0,first_half,0,322,645,0.0,0.5,q4,0.75,1.0,0.0,False,5541.74072265625,-82.19193156011667,3.5,50,4.0,7003,a neutral and balanced synth pad,/outputs/time-localized-brightness-steer-v1/bright-s00-l3/single/bright-s00-l3-single-sample-000-seed-7003-transformer-blocks-3-first-half-s2p0.wav,29.195,5900.55078125,6222.744140625,115762,154350
ok,,bright-s00-l3-single-sample-000-seed-7003,bright-s00-l3-single-sample-000-seed-7003_transformer_blocks-3_first_half_s4p0,bright-s00-l3,single,transformer.transformer_blocks.3,dual,3,4.0,first_half,0,322,645,0.0,0.5,q1,0.0,0.25,1.0,True,5320.09375,-81.35459028704302,3.5,50,4.0,7003,a neutral and balanced synth pad,/outputs/time-localized-brightness-steer-v1/bright-s00-l3/single/bright-s00-l3-single-sample-000-seed-7003-transformer-blocks-3-first-half-s4p0.wav,27.35,5858.53173828125,5671.322265625,0,38588
ok,,bright-s00-l3-single-sample-000-seed-7003,bright-s00-l3-single-sample-000-seed-7003_transformer_blocks-3_first_half_s4p0,bright-s00-l3,single,transformer.transformer_blocks.3,dual,3,4.0,first_half,0,322,645,0.0,0.5,q2,0.25,0.5,1.0,True,5320.09375,-81.35459028704302,3.5,50,4.0,7003,a neutral and balanced synth pad,/outputs/time-localized-brightness-steer-v1/bright-s00-l3/single/bright-s00-l3-single-sample-000-seed-7003-transformer-blocks-3-first-half-s4p0.wav,27.352,4437.71240234375,4488.92138671875,38588,77175
ok,,bright-s00-l3-single-sample-000-seed-7003,bright-s00-l3-single-sample-000-seed-7003_transformer_blocks-3_first_half_s4p0,bright-s00-l3,single,transformer.transformer_blocks.3,dual,3,4.0,first_half,0,322,645,0.0,0.5,q3,0.5,0.75,0.0,False,5320.09375,-81.35459028704302,3.5,50,4.0,7003,a neutral and balanced synth pad,/outputs/time-localized-brightness-steer-v1/bright-s00-l3/single/bright-s00-l3-single-sample-000-seed-7003-transformer-blocks-3-first-half-s4p0.wav,27.353,5192.92919921875,4824.92919921875,77175,115762
ok,,bright-s00-l3-single-sample-000-seed-7003,bright-s00-l3-single-sample-000-seed-7003_transformer_blocks-3_first_half_s4p0,bright-s00-l3,single,transformer.transformer_blocks.3,dual,3,4.0,first_half,0,322,645,0.0,0.5,q4,0.75,1.0,0.0,False,5320.09375,-81.35459028704302,3.5,50,4.0,7003,a neutral and balanced synth pad,/outputs/time-localized-brightness-steer-v1/bright-s00-l3/single/bright-s00-l3-single-sample-000-seed-7003-transformer-blocks-3-first-half-s4p0.wav,27.353,5761.40234375,5980.7646484375,115762,154350
ok,,bright-s00-l3-single-sample-000-seed-7003,bright-s00-l3-single-sample-000-seed-7003_transformer_blocks-3_middle_half_s0p0,bright-s00-l3,single,transformer.transformer_blocks.3,dual,3,0.0,middle_half,161,484,645,0.25,0.75,q1,0.0,0.25,0.0,False,5753.67578125,-83.03871656108774,3.5,50,4.0,7003,a neutral and balanced synth pad,/outputs/time-localized-brightness-steer-v1/bright-s00-l3/single/bright-s00-l3-single-sample-000-seed-7003-transformer-blocks-3-middle-half-s0p0.wav,28.882,6392.416015625,6422.20556640625,0,38588
ok,,bright-s00-l3-single-sample-000-seed-7003,bright-s00-l3-single-sample-000-seed-7003_transformer_blocks-3_middle_half_s0p0,bright-s00-l3,single,transformer.transformer_blocks.3,dual,3,0.0,middle_half,161,484,645,0.25,0.75,q2,0.25,0.5,1.0,True,5753.67578125,-83.03871656108774,3.5,50,4.0,7003,a neutral and balanced synth pad,/outputs/time-localized-brightness-steer-v1/bright-s00-l3/single/bright-s00-l3-single-sample-000-seed-7003-transformer-blocks-3-middle-half-s0p0.wav,28.884,4831.9267578125,4796.54345703125,38588,77175
ok,,bright-s00-l3-single-sample-000-seed-7003,bright-s00-l3-single-sample-000-seed-7003_transformer_blocks-3_middle_half_s0p0,bright-s00-l3,single,transformer.transformer_blocks.3,dual,3,0.0,middle_half,161,484,645,0.25,0.75,q3,0.5,0.75,1.0,True,5753.67578125,-83.03871656108774,3.5,50,4.0,7003,a neutral and balanced synth pad,/outputs/time-localized-brightness-steer-v1/bright-s00-l3/single/bright-s00-l3-single-sample-000-seed-7003-transformer-blocks-3-middle-half-s0p0.wav,28.885,5738.45068359375,5440.37353515625,77175,115762
ok,,bright-s00-l3-single-sample-000-seed-7003,bright-s00-l3-single-sample-000-seed-7003_transformer_blocks-3_middle_half_s0p0,bright-s00-l3,single,transformer.transformer_blocks.3,dual,3,0.0,middle_half,161,484,645,0.25,0.75,q4,0.75,1.0,0.0,False,5753.67578125,-83.03871656108774,3.5,50,4.0,7003,a neutral and balanced synth pad,/outputs/time-localized-brightness-steer-v1/bright-s00-l3/single/bright-s00-l3-single-sample-000-seed-7003-transformer-blocks-3-middle-half-s0p0.wav,28.886,6033.951171875,6317.6181640625,115762,154350
ok,,bright-s00-l3-single-sample-000-seed-7003,bright-s00-l3-single-sample-000-seed-7003_transformer_blocks-3_middle_half_s1p0,bright-s00-l3,single,transformer.transformer_blocks.3,dual,3,1.0,middle_half,161,484,645,0.25,0.75,q1,0.0,0.25,0.0,False,5795.56298828125,-83.06703427843698,3.5,50,4.0,7003,a neutral and balanced synth pad,/outputs/time-localized-brightness-steer-v1/bright-s00-l3/single/bright-s00-l3-single-sample-000-seed-7003-transformer-blocks-3-middle-half-s1p0.wav,27.182,6425.8759765625,6449.22021484375,0,38588
ok,,bright-s00-l3-single-sample-000-seed-7003,bright-s00-l3-single-sample-000-seed-7003_transformer_blocks-3_middle_half_s1p0,bright-s00-l3,single,transformer.transformer_blocks.3,dual,3,1.0,middle_half,161,484,645,0.25,0.75,q2,0.25,0.5,1.0,True,5795.56298828125,-83.06703427843698,3.5,50,4.0,7003,a neutral and balanced synth pad,/outputs/time-localized-brightness-steer-v1/bright-s00-l3/single/bright-s00-l3-single-sample-000-seed-7003-transformer-blocks-3-middle-half-s1p0.wav,27.184,4871.0478515625,4829.13671875,38588,77175
ok,,bright-s00-l3-single-sample-000-seed-7003,bright-s00-l3-single-sample-000-seed-7003_transformer_blocks-3_middle_half_s1p0,bright-s00-l3,single,transformer.transformer_blocks.3,dual,3,1.0,middle_half,161,484,645,0.25,0.75,q3,0.5,0.75,1.0,True,5795.56298828125,-83.06703427843698,3.5,50,4.0,7003,a neutral and balanced synth pad,/outputs/time-localized-brightness-steer-v1/bright-s00-l3/single/bright-s00-l3-single-sample-000-seed-7003-transformer-blocks-3-middle-half-s1p0.wav,27.185,5786.46826171875,5525.18701171875,77175,115762
ok,,bright-s00-l3-single-sample-000-seed-7003,bright-s00-l3-single-sample-000-seed-7003_transformer_blocks-3_middle_half_s1p0,bright-s00-l3,single,transformer.transformer_blocks.3,dual,3,1.0,middle_half,161,484,645,0.25,0.75,q4,0.75,1.0,0.0,False,5795.56298828125,-83.06703427843698,3.5,50,4.0,7003,a neutral and balanced synth pad,/outputs/time-localized-brightness-steer-v1/bright-s00-l3/single/bright-s00-l3-single-sample-000-seed-7003-transformer-blocks-3-middle-half-s1p0.wav,27.185,6081.62255859375,6361.9267578125,115762,154350
ok,,bright-s00-l3-single-sample-000-seed-7003,bright-s00-l3-single-sample-000-seed-7003_transformer_blocks-3_middle_half_s2p0,bright-s00-l3,single,transformer.transformer_blocks.3,dual,3,2.0,middle_half,161,484,645,0.25,0.75,q1,0.0,0.25,0.0,False,5823.94970703125,-83.05948260421869,3.5,50,4.0,7003,a neutral and balanced synth pad,/outputs/time-localized-brightness-steer-v1/bright-s00-l3/single/bright-s00-l3-single-sample-000-seed-7003-transformer-blocks-3-middle-half-s2p0.wav,29.894,6431.99853515625,6458.1494140625,0,38588
ok,,bright-s00-l3-single-sample-000-seed-7003,bright-s00-l3-single-sample-000-seed-7003_transformer_blocks-3_middle_half_s2p0,bright-s00-l3,single,transformer.transformer_blocks.3,dual,3,2.0,middle_half,161,484,645,0.25,0.75,q2,0.25,0.5,1.0,True,5823.94970703125,-83.05948260421869,3.5,50,4.0,7003,a neutral and balanced synth pad,/outputs/time-localized-brightness-steer-v1/bright-s00-l3/single/bright-s00-l3-single-sample-000-seed-7003-transformer-blocks-3-middle-half-s2p0.wav,29.896,4884.74560546875,4862.2392578125,38588,77175
ok,,bright-s00-l3-single-sample-000-seed-7003,bright-s00-l3-single-sample-000-seed-7003_transformer_blocks-3_middle_half_s2p0,bright-s00-l3,single,transformer.transformer_blocks.3,dual,3,2.0,middle_half,161,484,645,0.25,0.75,q3,0.5,0.75,1.0,True,5823.94970703125,-83.05948260421869,3.5,50,4.0,7003,a neutral and balanced synth pad,/outputs/time-localized-brightness-steer-v1/bright-s00-l3/single/bright-s00-l3-single-sample-000-seed-7003-transformer-blocks-3-middle-half-s2p0.wav,29.897,5803.78466796875,5575.66845703125,77175,115762
ok,,bright-s00-l3-single-sample-000-seed-7003,bright-s00-l3-single-sample-000-seed-7003_transformer_blocks-3_middle_half_s2p0,bright-s00-l3,single,transformer.transformer_blocks.3,dual,3,2.0,middle_half,161,484,645,0.25,0.75,q4,0.75,1.0,0.0,False,5823.94970703125,-83.05948260421869,3.5,50,4.0,7003,a neutral and balanced synth pad,/outputs/time-localized-brightness-steer-v1/bright-s00-l3/single/bright-s00-l3-single-sample-000-seed-7003-transformer-blocks-3-middle-half-s2p0.wav,29.897,6157.69921875,6466.4609375,115762,154350
ok,,bright-s00-l3-single-sample-000-seed-7003,bright-s00-l3-single-sample-000-seed-7003_transformer_blocks-3_middle_half_s4p0,bright-s00-l3,single,transformer.transformer_blocks.3,dual,3,4.0,middle_half,161,484,645,0.25,0.75,q1,0.0,0.25,0.0,False,5844.42333984375,-83.02796030416022,3.5,50,4.0,7003,a neutral and balanced synth pad,/outputs/time-localized-brightness-steer-v1/bright-s00-l3/single/bright-s00-l3-single-sample-000-seed-7003-transformer-blocks-3-middle-half-s4p0.wav,28.554,6415.28173828125,6437.69482421875,0,38588
ok,,bright-s00-l3-single-sample-000-seed-7003,bright-s00-l3-single-sample-000-seed-7003_transformer_blocks-3_middle_half_s4p0,bright-s00-l3,single,transformer.transformer_blocks.3,dual,3,4.0,middle_half,161,484,645,0.25,0.75,q2,0.25,0.5,1.0,True,5844.42333984375,-83.02796030416022,3.5,50,4.0,7003,a neutral and balanced synth pad,/outputs/time-localized-brightness-steer-v1/bright-s00-l3/single/bright-s00-l3-single-sample-000-seed-7003-transformer-blocks-3-middle-half-s4p0.wav,28.556,4897.71728515625,4900.87890625,38588,77175
ok,,bright-s00-l3-single-sample-000-seed-7003,bright-s00-l3-single-sample-000-seed-7003_transformer_blocks-3_middle_half_s4p0,bright-s00-l3,single,transformer.transformer_blocks.3,dual,3,4.0,middle_half,161,484,645,0.25,0.75,q3,0.5,0.75,1.0,True,5844.42333984375,-83.02796030416022,3.5,50,4.0,7003,a neutral and balanced synth pad,/outputs/time-localized-brightness-steer-v1/bright-s00-l3/single/bright-s00-l3-single-sample-000-seed-7003-transformer-blocks-3-middle-half-s4p0.wav,28.557,5812.271484375,5605.72119140625,77175,115762
ok,,bright-s00-l3-single-sample-000-seed-7003,bright-s00-l3-single-sample-000-seed-7003_transformer_blocks-3_middle_half_s4p0,bright-s00-l3,single,transformer.transformer_blocks.3,dual,3,4.0,middle_half,161,484,645,0.25,0.75,q4,0.75,1.0,0.0,False,5844.42333984375,-83.02796030416022,3.5,50,4.0,7003,a neutral and balanced synth pad,/outputs/time-localized-brightness-steer-v1/bright-s00-l3/single/bright-s00-l3-single-sample-000-seed-7003-transformer-blocks-3-middle-half-s4p0.wav,28.557,6233.08447265625,6469.556640625,115762,154350
ok,,bright-s00-l3-single-sample-000-seed-7003,bright-s00-l3-single-sample-000-seed-7003_transformer_blocks-3_second_half_s0p0,bright-s00-l3,single,transformer.transformer_blocks.3,dual,3,0.0,second_half,322,645,645,0.5,1.0,q1,0.0,0.25,0.0,False,5753.67578125,-83.03871656108774,3.5,50,4.0,7003,a neutral and balanced synth pad,/outputs/time-localized-brightness-steer-v1/bright-s00-l3/single/bright-s00-l3-single-sample-000-seed-7003-transformer-blocks-3-second-half-s0p0.wav,3.364,6392.416015625,6422.20556640625,0,38588
ok,,bright-s00-l3-single-sample-000-seed-7003,bright-s00-l3-single-sample-000-seed-7003_transformer_blocks-3_second_half_s0p0,bright-s00-l3,single,transformer.transformer_blocks.3,dual,3,0.0,second_half,322,645,645,0.5,1.0,q2,0.25,0.5,0.0,False,5753.67578125,-83.03871656108774,3.5,50,4.0,7003,a neutral and balanced synth pad,/outputs/time-localized-brightness-steer-v1/bright-s00-l3/single/bright-s00-l3-single-sample-000-seed-7003-transformer-blocks-3-second-half-s0p0.wav,3.365,4831.9267578125,4796.54345703125,38588,77175
ok,,bright-s00-l3-single-sample-000-seed-7003,bright-s00-l3-single-sample-000-seed-7003_transformer_blocks-3_second_half_s0p0,bright-s00-l3,single,transformer.transformer_blocks.3,dual,3,0.0,second_half,322,645,645,0.5,1.0,q3,0.5,0.75,1.0,True,5753.67578125,-83.03871656108774,3.5,50,4.0,7003,a neutral and balanced synth pad,/outputs/time-localized-brightness-steer-v1/bright-s00-l3/single/bright-s00-l3-single-sample-000-seed-7003-transformer-blocks-3-second-half-s0p0.wav,3.366,5738.45068359375,5440.37353515625,77175,115762
ok,,bright-s00-l3-single-sample-000-seed-7003,bright-s00-l3-single-sample-000-seed-7003_transformer_blocks-3_second_half_s0p0,bright-s00-l3,single,transformer.transformer_blocks.3,dual,3,0.0,second_half,322,645,645,0.5,1.0,q4,0.75,1.0,1.0,True,5753.67578125,-83.03871656108774,3.5,50,4.0,7003,a neutral and balanced synth pad,/outputs/time-localized-brightness-steer-v1/bright-s00-l3/single/bright-s00-l3-single-sample-000-seed-7003-transformer-blocks-3-second-half-s0p0.wav,3.367,6033.951171875,6317.6181640625,115762,154350
ok,,bright-s00-l3-single-sample-000-seed-7003,bright-s00-l3-single-sample-000-seed-7003_transformer_blocks-3_second_half_s1p0,bright-s00-l3,single,transformer.transformer_blocks.3,dual,3,1.0,second_half,322,645,645,0.5,1.0,q1,0.0,0.25,0.0,False,5775.75048828125,-83.06641266744096,3.5,50,4.0,7003,a neutral and balanced synth pad,/outputs/time-localized-brightness-steer-v1/bright-s00-l3/single/bright-s00-l3-single-sample-000-seed-7003-transformer-blocks-3-second-half-s1p0.wav,3.813,6418.0849609375,6435.03271484375,0,38588
ok,,bright-s00-l3-single-sample-000-seed-7003,bright-s00-l3-single-sample-000-seed-7003_transformer_blocks-3_second_half_s1p0,bright-s00-l3,single,transformer.transformer_blocks.3,dual,3,1.0,second_half,322,645,645,0.5,1.0,q2,0.25,0.5,0.0,False,5775.75048828125,-83.06641266744096,3.5,50,4.0,7003,a neutral and balanced synth pad,/outputs/time-localized-brightness-steer-v1/bright-s00-l3/single/bright-s00-l3-single-sample-000-seed-7003-transformer-blocks-3-second-half-s1p0.wav,3.814,4859.091796875,4814.6259765625,38588,77175
ok,,bright-s00-l3-single-sample-000-seed-7003,bright-s00-l3-single-sample-000-seed-7003_transformer_blocks-3_second_half_s1p0,bright-s00-l3,single,transformer.transformer_blocks.3,dual,3,1.0,second_half,322,645,645,0.5,1.0,q3,0.5,0.75,1.0,True,5775.75048828125,-83.06641266744096,3.5,50,4.0,7003,a neutral and balanced synth pad,/outputs/time-localized-brightness-steer-v1/bright-s00-l3/single/bright-s00-l3-single-sample-000-seed-7003-transformer-blocks-3-second-half-s1p0.wav,3.816,5764.15234375,5478.421875,77175,115762
ok,,bright-s00-l3-single-sample-000-seed-7003,bright-s00-l3-single-sample-000-seed-7003_transformer_blocks-3_second_half_s1p0,bright-s00-l3,single,transformer.transformer_blocks.3,dual,3,1.0,second_half,322,645,645,0.5,1.0,q4,0.75,1.0,1.0,True,5775.75048828125,-83.06641266744096,3.5,50,4.0,7003,a neutral and balanced synth pad,/outputs/time-localized-brightness-steer-v1/bright-s00-l3/single/bright-s00-l3-single-sample-000-seed-7003-transformer-blocks-3-second-half-s1p0.wav,3.816,6043.85107421875,6354.31591796875,115762,154350
ok,,bright-s00-l3-single-sample-000-seed-7003,bright-s00-l3-single-sample-000-seed-7003_transformer_blocks-3_second_half_s2p0,bright-s00-l3,single,transformer.transformer_blocks.3,dual,3,2.0,second_half,322,645,645,0.5,1.0,q1,0.0,0.25,0.0,False,5792.970703125,-83.0758423650448,3.5,50,4.0,7003,a neutral and balanced synth pad,/outputs/time-localized-brightness-steer-v1/bright-s00-l3/single/bright-s00-l3-single-sample-000-seed-7003-transformer-blocks-3-second-half-s2p0.wav,3.761,6422.3388671875,6432.05810546875,0,38588
ok,,bright-s00-l3-single-sample-000-seed-7003,bright-s00-l3-single-sample-000-seed-7003_transformer_blocks-3_second_half_s2p0,bright-s00-l3,single,transformer.transformer_blocks.3,dual,3,2.0,second_half,322,645,645,0.5,1.0,q2,0.25,0.5,0.0,False,5792.970703125,-83.0758423650448,3.5,50,4.0,7003,a neutral and balanced synth pad,/outputs/time-localized-brightness-steer-v1/bright-s00-l3/single/bright-s00-l3-single-sample-000-seed-7003-transformer-blocks-3-second-half-s2p0.wav,3.762,4875.30078125,4847.71435546875,38588,77175
ok,,bright-s00-l3-single-sample-000-seed-7003,bright-s00-l3-single-sample-000-seed-7003_transformer_blocks-3_second_half_s2p0,bright-s00-l3,single,transformer.transformer_blocks.3,dual,3,2.0,second_half,322,645,645,0.5,1.0,q3,0.5,0.75,1.0,True,5792.970703125,-83.0758423650448,3.5,50,4.0,7003,a neutral and balanced synth pad,/outputs/time-localized-brightness-steer-v1/bright-s00-l3/single/bright-s00-l3-single-sample-000-seed-7003-transformer-blocks-3-second-half-s2p0.wav,3.763,5781.51953125,5513.42822265625,77175,115762
ok,,bright-s00-l3-single-sample-000-seed-7003,bright-s00-l3-single-sample-000-seed-7003_transformer_blocks-3_second_half_s2p0,bright-s00-l3,single,transformer.transformer_blocks.3,dual,3,2.0,second_half,322,645,645,0.5,1.0,q4,0.75,1.0,1.0,True,5792.970703125,-83.0758423650448,3.5,50,4.0,7003,a neutral and balanced synth pad,/outputs/time-localized-brightness-steer-v1/bright-s00-l3/single/bright-s00-l3-single-sample-000-seed-7003-transformer-blocks-3-second-half-s2p0.wav,3.764,6074.490234375,6358.693359375,115762,154350
ok,,bright-s00-l3-single-sample-000-seed-7003,bright-s00-l3-single-sample-000-seed-7003_transformer_blocks-3_second_half_s4p0,bright-s00-l3,single,transformer.transformer_blocks.3,dual,3,4.0,second_half,322,645,645,0.5,1.0,q1,0.0,0.25,0.0,False,5809.38818359375,-83.04398888007881,3.5,50,4.0,7003,a neutral and balanced synth pad,/outputs/time-localized-brightness-steer-v1/bright-s00-l3/single/bright-s00-l3-single-sample-000-seed-7003-transformer-blocks-3-second-half-s4p0.wav,6.833,6415.77490234375,6431.02734375,0,38588
ok,,bright-s00-l3-single-sample-000-seed-7003,bright-s00-l3-single-sample-000-seed-7003_transformer_blocks-3_second_half_s4p0,bright-s00-l3,single,transformer.transformer_blocks.3,dual,3,4.0,second_half,322,645,645,0.5,1.0,q2,0.25,0.5,0.0,False,5809.38818359375,-83.04398888007881,3.5,50,4.0,7003,a neutral and balanced synth pad,/outputs/time-localized-brightness-steer-v1/bright-s00-l3/single/bright-s00-l3-single-sample-000-seed-7003-transformer-blocks-3-second-half-s4p0.wav,6.835,4889.7822265625,4862.43359375,38588,77175
ok,,bright-s00-l3-single-sample-000-seed-7003,bright-s00-l3-single-sample-000-seed-7003_transformer_blocks-3_second_half_s4p0,bright-s00-l3,single,transformer.transformer_blocks.3,dual,3,4.0,second_half,322,645,645,0.5,1.0,q3,0.5,0.75,1.0,True,5809.38818359375,-83.04398888007881,3.5,50,4.0,7003,a neutral and balanced synth pad,/outputs/time-localized-brightness-steer-v1/bright-s00-l3/single/bright-s00-l3-single-sample-000-seed-7003-transformer-blocks-3-second-half-s4p0.wav,6.836,5788.64990234375,5532.544921875,77175,115762
ok,,bright-s00-l3-single-sample-000-seed-7003,bright-s00-l3-single-sample-000-seed-7003_transformer_blocks-3_second_half_s4p0,bright-s00-l3,single,transformer.transformer_blocks.3,dual,3,4.0,second_half,322,645,645,0.5,1.0,q4,0.75,1.0,1.0,True,5809.38818359375,-83.04398888007881,3.5,50,4.0,7003,a neutral and balanced synth pad,/outputs/time-localized-brightness-steer-v1/bright-s00-l3/single/bright-s00-l3-single-sample-000-seed-7003-transformer-blocks-3-second-half-s4p0.wav,6.836,6123.1474609375,6401.22119140625,115762,154350
ok,,bright-s01-l3-single-sample-000-seed-7009,bright-s01-l3-single-sample-000-seed-7009_transformer_blocks-3_first_half_s0p0,bright-s01-l3,single,transformer.transformer_blocks.3,dual,3,0.0,first_half,0,322,645,0.0,0.5,q1,0.0,0.25,1.0,True,3662.653564453125,-27.32978783537473,3.5,50,4.0,7009,a neutral and balanced rushing noise texture,/outputs/time-localized-brightness-steer-v1/bright-s01-l3/single/bright-s01-l3-single-sample-000-seed-7009-transformer-blocks-3-first-half-s0p0.wav,3.808,3695.706787109375,3714.00830078125,0,38588
ok,,bright-s01-l3-single-sample-000-seed-7009,bright-s01-l3-single-sample-000-seed-7009_transformer_blocks-3_first_half_s0p0,bright-s01-l3,single,transformer.transformer_blocks.3,dual,3,0.0,first_half,0,322,645,0.0,0.5,q2,0.25,0.5,1.0,True,3662.653564453125,-27.32978783537473,3.5,50,4.0,7009,a neutral and balanced rushing noise texture,/outputs/time-localized-brightness-steer-v1/bright-s01-l3/single/bright-s01-l3-single-sample-000-seed-7009-transformer-blocks-3-first-half-s0p0.wav,3.81,3669.672607421875,3666.144775390625,38588,77175
ok,,bright-s01-l3-single-sample-000-seed-7009,bright-s01-l3-single-sample-000-seed-7009_transformer_blocks-3_first_half_s0p0,bright-s01-l3,single,transformer.transformer_blocks.3,dual,3,0.0,first_half,0,322,645,0.0,0.5,q3,0.5,0.75,0.0,False,3662.653564453125,-27.32978783537473,3.5,50,4.0,7009,a neutral and balanced rushing noise texture,/outputs/time-localized-brightness-steer-v1/bright-s01-l3/single/bright-s01-l3-single-sample-000-seed-7009-transformer-blocks-3-first-half-s0p0.wav,3.811,3663.656982421875,3644.15185546875,77175,115762
ok,,bright-s01-l3-single-sample-000-seed-7009,bright-s01-l3-single-sample-000-seed-7009_transformer_blocks-3_first_half_s0p0,bright-s01-l3,single,transformer.transformer_blocks.3,dual,3,0.0,first_half,0,322,645,0.0,0.5,q4,0.75,1.0,0.0,False,3662.653564453125,-27.32978783537473,3.5,50,4.0,7009,a neutral and balanced rushing noise texture,/outputs/time-localized-brightness-steer-v1/bright-s01-l3/single/bright-s01-l3-single-sample-000-seed-7009-transformer-blocks-3-first-half-s0p0.wav,3.812,3646.072265625,3639.459228515625,115762,154350
ok,,bright-s01-l3-single-sample-000-seed-7009,bright-s01-l3-single-sample-000-seed-7009_transformer_blocks-3_first_half_s1p0,bright-s01-l3,single,transformer.transformer_blocks.3,dual,3,1.0,first_half,0,322,645,0.0,0.5,q1,0.0,0.25,1.0,True,3706.11669921875,-27.73519551629927,3.5,50,4.0,7009,a neutral and balanced rushing noise texture,/outputs/time-localized-brightness-steer-v1/bright-s01-l3/single/bright-s01-l3-single-sample-000-seed-7009-transformer-blocks-3-first-half-s1p0.wav,4.88,3739.72705078125,3757.7607421875,0,38588
ok,,bright-s01-l3-single-sample-000-seed-7009,bright-s01-l3-single-sample-000-seed-7009_transformer_blocks-3_first_half_s1p0,bright-s01-l3,single,transformer.transformer_blocks.3,dual,3,1.0,first_half,0,322,645,0.0,0.5,q2,0.25,0.5,1.0,True,3706.11669921875,-27.73519551629927,3.5,50,4.0,7009,a neutral and balanced rushing noise texture,/outputs/time-localized-brightness-steer-v1/bright-s01-l3/single/bright-s01-l3-single-sample-000-seed-7009-transformer-blocks-3-first-half-s1p0.wav,4.881,3713.7685546875,3702.661376953125,38588,77175
ok,,bright-s01-l3-single-sample-000-seed-7009,bright-s01-l3-single-sample-000-seed-7009_transformer_blocks-3_first_half_s1p0,bright-s01-l3,single,transformer.transformer_blocks.3,dual,3,1.0,first_half,0,322,645,0.0,0.5,q3,0.5,0.75,0.0,False,3706.11669921875,-27.73519551629927,3.5,50,4.0,7009,a neutral and balanced rushing noise texture,/outputs/time-localized-brightness-steer-v1/bright-s01-l3/single/bright-s01-l3-single-sample-000-seed-7009-transformer-blocks-3-first-half-s1p0.wav,4.882,3707.350830078125,3692.814208984375,77175,115762
ok,,bright-s01-l3-single-sample-000-seed-7009,bright-s01-l3-single-sample-000-seed-7009_transformer_blocks-3_first_half_s1p0,bright-s01-l3,single,transformer.transformer_blocks.3,dual,3,1.0,first_half,0,322,645,0.0,0.5,q4,0.75,1.0,0.0,False,3706.11669921875,-27.73519551629927,3.5,50,4.0,7009,a neutral and balanced rushing noise texture,/outputs/time-localized-brightness-steer-v1/bright-s01-l3/single/bright-s01-l3-single-sample-000-seed-7009-transformer-blocks-3-first-half-s1p0.wav,4.883,3687.888671875,3687.04443359375,115762,154350
ok,,bright-s01-l3-single-sample-000-seed-7009,bright-s01-l3-single-sample-000-seed-7009_transformer_blocks-3_first_half_s2p0,bright-s01-l3,single,transformer.transformer_blocks.3,dual,3,2.0,first_half,0,322,645,0.0,0.5,q1,0.0,0.25,1.0,True,3744.76611328125,-28.101309357812063,3.5,50,4.0,7009,a neutral and balanced rushing noise texture,/outputs/time-localized-brightness-steer-v1/bright-s01-l3/single/bright-s01-l3-single-sample-000-seed-7009-transformer-blocks-3-first-half-s2p0.wav,3.806,3780.044921875,3794.363037109375,0,38588
ok,,bright-s01-l3-single-sample-000-seed-7009,bright-s01-l3-single-sample-000-seed-7009_transformer_blocks-3_first_half_s2p0,bright-s01-l3,single,transformer.transformer_blocks.3,dual,3,2.0,first_half,0,322,645,0.0,0.5,q2,0.25,0.5,1.0,True,3744.76611328125,-28.101309357812063,3.5,50,4.0,7009,a neutral and balanced rushing noise texture,/outputs/time-localized-brightness-steer-v1/bright-s01-l3/single/bright-s01-l3-single-sample-000-seed-7009-transformer-blocks-3-first-half-s2p0.wav,3.807,3752.614013671875,3733.35693359375,38588,77175
ok,,bright-s01-l3-single-sample-000-seed-7009,bright-s01-l3-single-sample-000-seed-7009_transformer_blocks-3_first_half_s2p0,bright-s01-l3,single,transformer.transformer_blocks.3,dual,3,2.0,first_half,0,322,645,0.0,0.5,q3,0.5,0.75,0.0,False,3744.76611328125,-28.101309357812063,3.5,50,4.0,7009,a neutral and balanced rushing noise texture,/outputs/time-localized-brightness-steer-v1/bright-s01-l3/single/bright-s01-l3-single-sample-000-seed-7009-transformer-blocks-3-first-half-s2p0.wav,3.809,3746.008544921875,3731.47021484375,77175,115762
ok,,bright-s01-l3-single-sample-000-seed-7009,bright-s01-l3-single-sample-000-seed-7009_transformer_blocks-3_first_half_s2p0,bright-s01-l3,single,transformer.transformer_blocks.3,dual,3,2.0,first_half,0,322,645,0.0,0.5,q4,0.75,1.0,0.0,False,3744.76611328125,-28.101309357812063,3.5,50,4.0,7009,a neutral and balanced rushing noise texture,/outputs/time-localized-brightness-steer-v1/bright-s01-l3/single/bright-s01-l3-single-sample-000-seed-7009-transformer-blocks-3-first-half-s2p0.wav,3.809,3724.566162109375,3722.539794921875,115762,154350
ok,,bright-s01-l3-single-sample-000-seed-7009,bright-s01-l3-single-sample-000-seed-7009_transformer_blocks-3_first_half_s4p0,bright-s01-l3,single,transformer.transformer_blocks.3,dual,3,4.0,first_half,0,322,645,0.0,0.5,q1,0.0,0.25,1.0,True,3810.783447265625,-28.71983288381926,3.5,50,4.0,7009,a neutral and balanced rushing noise texture,/outputs/time-localized-brightness-steer-v1/bright-s01-l3/single/bright-s01-l3-single-sample-000-seed-7009-transformer-blocks-3-first-half-s4p0.wav,3.692,3850.188232421875,3859.1103515625,0,38588
ok,,bright-s01-l3-single-sample-000-seed-7009,bright-s01-l3-single-sample-000-seed-7009_transformer_blocks-3_first_half_s4p0,bright-s01-l3,single,transformer.transformer_blocks.3,dual,3,4.0,first_half,0,322,645,0.0,0.5,q2,0.25,0.5,1.0,True,3810.783447265625,-28.71983288381926,3.5,50,4.0,7009,a neutral and balanced rushing noise texture,/outputs/time-localized-brightness-steer-v1/bright-s01-l3/single/bright-s01-l3-single-sample-000-seed-7009-transformer-blocks-3-first-half-s4p0.wav,3.693,3819.762451171875,3790.828369140625,38588,77175
ok,,bright-s01-l3-single-sample-000-seed-7009,bright-s01-l3-single-sample-000-seed-7009_transformer_blocks-3_first_half_s4p0,bright-s01-l3,single,transformer.transformer_blocks.3,dual,3,4.0,first_half,0,322,645,0.0,0.5,q3,0.5,0.75,0.0,False,3810.783447265625,-28.71983288381926,3.5,50,4.0,7009,a neutral and balanced rushing noise texture,/outputs/time-localized-brightness-steer-v1/bright-s01-l3/single/bright-s01-l3-single-sample-000-seed-7009-transformer-blocks-3-first-half-s4p0.wav,3.694,3810.676513671875,3785.408203125,77175,115762
ok,,bright-s01-l3-single-sample-000-seed-7009,bright-s01-l3-single-sample-000-seed-7009_transformer_blocks-3_first_half_s4p0,bright-s01-l3,single,transformer.transformer_blocks.3,dual,3,4.0,first_half,0,322,645,0.0,0.5,q4,0.75,1.0,0.0,False,3810.783447265625,-28.71983288381926,3.5,50,4.0,7009,a neutral and balanced rushing noise texture,/outputs/time-localized-brightness-steer-v1/bright-s01-l3/single/bright-s01-l3-single-sample-000-seed-7009-transformer-blocks-3-first-half-s4p0.wav,3.695,3787.01025390625,3794.4775390625,115762,154350
ok,,bright-s01-l3-single-sample-000-seed-7009,bright-s01-l3-single-sample-000-seed-7009_transformer_blocks-3_middle_half_s0p0,bright-s01-l3,single,transformer.transformer_blocks.3,dual,3,0.0,middle_half,161,484,645,0.25,0.75,q1,0.0,0.25,0.0,False,3662.653564453125,-27.32978783537473,3.5,50,4.0,7009,a neutral and balanced rushing noise texture,/outputs/time-localized-brightness-steer-v1/bright-s01-l3/single/bright-s01-l3-single-sample-000-seed-7009-transformer-blocks-3-middle-half-s0p0.wav,5.035,3695.706787109375,3714.00830078125,0,38588
ok,,bright-s01-l3-single-sample-000-seed-7009,bright-s01-l3-single-sample-000-seed-7009_transformer_blocks-3_middle_half_s0p0,bright-s01-l3,single,transformer.transformer_blocks.3,dual,3,0.0,middle_half,161,484,645,0.25,0.75,q2,0.25,0.5,1.0,True,3662.653564453125,-27.32978783537473,3.5,50,4.0,7009,a neutral and balanced rushing noise texture,/outputs/time-localized-brightness-steer-v1/bright-s01-l3/single/bright-s01-l3-single-sample-000-seed-7009-transformer-blocks-3-middle-half-s0p0.wav,5.037,3669.672607421875,3666.144775390625,38588,77175
ok,,bright-s01-l3-single-sample-000-seed-7009,bright-s01-l3-single-sample-000-seed-7009_transformer_blocks-3_middle_half_s0p0,bright-s01-l3,single,transformer.transformer_blocks.3,dual,3,0.0,middle_half,161,484,645,0.25,0.75,q3,0.5,0.75,1.0,True,3662.653564453125,-27.32978783537473,3.5,50,4.0,7009,a neutral and balanced rushing noise texture,/outputs/time-localized-brightness-steer-v1/bright-s01-l3/single/bright-s01-l3-single-sample-000-seed-7009-transformer-blocks-3-middle-half-s0p0.wav,5.038,3663.656982421875,3644.15185546875,77175,115762
ok,,bright-s01-l3-single-sample-000-seed-7009,bright-s01-l3-single-sample-000-seed-7009_transformer_blocks-3_middle_half_s0p0,bright-s01-l3,single,transformer.transformer_blocks.3,dual,3,0.0,middle_half,161,484,645,0.25,0.75,q4,0.75,1.0,0.0,False,3662.653564453125,-27.32978783537473,3.5,50,4.0,7009,a neutral and balanced rushing noise texture,/outputs/time-localized-brightness-steer-v1/bright-s01-l3/single/bright-s01-l3-single-sample-000-seed-7009-transformer-blocks-3-middle-half-s0p0.wav,5.038,3646.072265625,3639.459228515625,115762,154350
ok,,bright-s01-l3-single-sample-000-seed-7009,bright-s01-l3-single-sample-000-seed-7009_transformer_blocks-3_middle_half_s1p0,bright-s01-l3,single,transformer.transformer_blocks.3,dual,3,1.0,middle_half,161,484,645,0.25,0.75,q1,0.0,0.25,0.0,False,3712.92041015625,-27.701384827651,3.5,50,4.0,7009,a neutral and balanced rushing noise texture,/outputs/time-localized-brightness-steer-v1/bright-s01-l3/single/bright-s01-l3-single-sample-000-seed-7009-transformer-blocks-3-middle-half-s1p0.wav,3.531,3745.5625,3763.0380859375,0,38588
ok,,bright-s01-l3-single-sample-000-seed-7009,bright-s01-l3-single-sample-000-seed-7009_transformer_blocks-3_middle_half_s1p0,bright-s01-l3,single,transformer.transformer_blocks.3,dual,3,1.0,middle_half,161,484,645,0.25,0.75,q2,0.25,0.5,1.0,True,3712.92041015625,-27.701384827651,3.5,50,4.0,7009,a neutral and balanced rushing noise texture,/outputs/time-localized-brightness-steer-v1/bright-s01-l3/single/bright-s01-l3-single-sample-000-seed-7009-transformer-blocks-3-middle-half-s1p0.wav,3.532,3720.300048828125,3711.022705078125,38588,77175
ok,,bright-s01-l3-single-sample-000-seed-7009,bright-s01-l3-single-sample-000-seed-7009_transformer_blocks-3_middle_half_s1p0,bright-s01-l3,single,transformer.transformer_blocks.3,dual,3,1.0,middle_half,161,484,645,0.25,0.75,q3,0.5,0.75,1.0,True,3712.92041015625,-27.701384827651,3.5,50,4.0,7009,a neutral and balanced rushing noise texture,/outputs/time-localized-brightness-steer-v1/bright-s01-l3/single/bright-s01-l3-single-sample-000-seed-7009-transformer-blocks-3-middle-half-s1p0.wav,3.533,3714.884765625,3700.287353515625,77175,115762
ok,,bright-s01-l3-single-sample-000-seed-7009,bright-s01-l3-single-sample-000-seed-7009_transformer_blocks-3_middle_half_s1p0,bright-s01-l3,single,transformer.transformer_blocks.3,dual,3,1.0,middle_half,161,484,645,0.25,0.75,q4,0.75,1.0,0.0,False,3712.92041015625,-27.701384827651,3.5,50,4.0,7009,a neutral and balanced rushing noise texture,/outputs/time-localized-brightness-steer-v1/bright-s01-l3/single/bright-s01-l3-single-sample-000-seed-7009-transformer-blocks-3-middle-half-s1p0.wav,3.534,3694.96142578125,3693.67236328125,115762,154350
ok,,bright-s01-l3-single-sample-000-seed-7009,bright-s01-l3-single-sample-000-seed-7009_transformer_blocks-3_middle_half_s2p0,bright-s01-l3,single,transformer.transformer_blocks.3,dual,3,2.0,middle_half,161,484,645,0.25,0.75,q1,0.0,0.25,0.0,False,3758.01416015625,-28.055006552796367,3.5,50,4.0,7009,a neutral and balanced rushing noise texture,/outputs/time-localized-brightness-steer-v1/bright-s01-l3/single/bright-s01-l3-single-sample-000-seed-7009-transformer-blocks-3-middle-half-s2p0.wav,4.052,3791.184326171875,3805.489990234375,0,38588
ok,,bright-s01-l3-single-sample-000-seed-7009,bright-s01-l3-single-sample-000-seed-7009_transformer_blocks-3_middle_half_s2p0,bright-s01-l3,single,transformer.transformer_blocks.3,dual,3,2.0,middle_half,161,484,645,0.25,0.75,q2,0.25,0.5,1.0,True,3758.01416015625,-28.055006552796367,3.5,50,4.0,7009,a neutral and balanced rushing noise texture,/outputs/time-localized-brightness-steer-v1/bright-s01-l3/single/bright-s01-l3-single-sample-000-seed-7009-transformer-blocks-3-middle-half-s2p0.wav,4.054,3765.1533203125,3745.975830078125,38588,77175
ok,,bright-s01-l3-single-sample-000-seed-7009,bright-s01-l3-single-sample-000-seed-7009_transformer_blocks-3_middle_half_s2p0,bright-s01-l3,single,transformer.transformer_blocks.3,dual,3,2.0,middle_half,161,484,645,0.25,0.75,q3,0.5,0.75,1.0,True,3758.01416015625,-28.055006552796367,3.5,50,4.0,7009,a neutral and balanced rushing noise texture,/outputs/time-localized-brightness-steer-v1/bright-s01-l3/single/bright-s01-l3-single-sample-000-seed-7009-transformer-blocks-3-middle-half-s2p0.wav,4.055,3760.765625,3743.70166015625,77175,115762
ok,,bright-s01-l3-single-sample-000-seed-7009,bright-s01-l3-single-sample-000-seed-7009_transformer_blocks-3_middle_half_s2p0,bright-s01-l3,single,transformer.transformer_blocks.3,dual,3,2.0,middle_half,161,484,645,0.25,0.75,q4,0.75,1.0,0.0,False,3758.01416015625,-28.055006552796367,3.5,50,4.0,7009,a neutral and balanced rushing noise texture,/outputs/time-localized-brightness-steer-v1/bright-s01-l3/single/bright-s01-l3-single-sample-000-seed-7009-transformer-blocks-3-middle-half-s2p0.wav,4.056,3738.749267578125,3736.425537109375,115762,154350
ok,,bright-s01-l3-single-sample-000-seed-7009,bright-s01-l3-single-sample-000-seed-7009_transformer_blocks-3_middle_half_s4p0,bright-s01-l3,single,transformer.transformer_blocks.3,dual,3,4.0,middle_half,161,484,645,0.25,0.75,q1,0.0,0.25,0.0,False,3838.5166015625,-28.670827415156175,3.5,50,4.0,7009,a neutral and balanced rushing noise texture,/outputs/time-localized-brightness-steer-v1/bright-s01-l3/single/bright-s01-l3-single-sample-000-seed-7009-transformer-blocks-3-middle-half-s4p0.wav,4.009,3874.03173828125,3880.125244140625,0,38588
ok,,bright-s01-l3-single-sample-000-seed-7009,bright-s01-l3-single-sample-000-seed-7009_transformer_blocks-3_middle_half_s4p0,bright-s01-l3,single,transformer.transformer_blocks.3,dual,3,4.0,middle_half,161,484,645,0.25,0.75,q2,0.25,0.5,1.0,True,3838.5166015625,-28.670827415156175,3.5,50,4.0,7009,a neutral and balanced rushing noise texture,/outputs/time-localized-brightness-steer-v1/bright-s01-l3/single/bright-s01-l3-single-sample-000-seed-7009-transformer-blocks-3-middle-half-s4p0.wav,4.011,3845.92724609375,3813.752197265625,38588,77175
ok,,bright-s01-l3-single-sample-000-seed-7009,bright-s01-l3-single-sample-000-seed-7009_transformer_blocks-3_middle_half_s4p0,bright-s01-l3,single,transformer.transformer_blocks.3,dual,3,4.0,middle_half,161,484,645,0.25,0.75,q3,0.5,0.75,1.0,True,3838.5166015625,-28.670827415156175,3.5,50,4.0,7009,a neutral and balanced rushing noise texture,/outputs/time-localized-brightness-steer-v1/bright-s01-l3/single/bright-s01-l3-single-sample-000-seed-7009-transformer-blocks-3-middle-half-s4p0.wav,4.012,3841.706787109375,3821.600341796875,77175,115762
ok,,bright-s01-l3-single-sample-000-seed-7009,bright-s01-l3-single-sample-000-seed-7009_transformer_blocks-3_middle_half_s4p0,bright-s01-l3,single,transformer.transformer_blocks.3,dual,3,4.0,middle_half,161,484,645,0.25,0.75,q4,0.75,1.0,0.0,False,3838.5166015625,-28.670827415156175,3.5,50,4.0,7009,a neutral and balanced rushing noise texture,/outputs/time-localized-brightness-steer-v1/bright-s01-l3/single/bright-s01-l3-single-sample-000-seed-7009-transformer-blocks-3-middle-half-s4p0.wav,4.013,3816.109375,3816.977783203125,115762,154350
ok,,bright-s01-l3-single-sample-000-seed-7009,bright-s01-l3-single-sample-000-seed-7009_transformer_blocks-3_second_half_s0p0,bright-s01-l3,single,transformer.transformer_blocks.3,dual,3,0.0,second_half,322,645,645,0.5,1.0,q1,0.0,0.25,0.0,False,3662.653564453125,-27.32978783537473,3.5,50,4.0,7009,a neutral and balanced rushing noise texture,/outputs/time-localized-brightness-steer-v1/bright-s01-l3/single/bright-s01-l3-single-sample-000-seed-7009-transformer-blocks-3-second-half-s0p0.wav,3.37,3695.706787109375,3714.00830078125,0,38588
ok,,bright-s01-l3-single-sample-000-seed-7009,bright-s01-l3-single-sample-000-seed-7009_transformer_blocks-3_second_half_s0p0,bright-s01-l3,single,transformer.transformer_blocks.3,dual,3,0.0,second_half,322,645,645,0.5,1.0,q2,0.25,0.5,0.0,False,3662.653564453125,-27.32978783537473,3.5,50,4.0,7009,a neutral and balanced rushing noise texture,/outputs/time-localized-brightness-steer-v1/bright-s01-l3/single/bright-s01-l3-single-sample-000-seed-7009-transformer-blocks-3-second-half-s0p0.wav,3.371,3669.672607421875,3666.144775390625,38588,77175
ok,,bright-s01-l3-single-sample-000-seed-7009,bright-s01-l3-single-sample-000-seed-7009_transformer_blocks-3_second_half_s0p0,bright-s01-l3,single,transformer.transformer_blocks.3,dual,3,0.0,second_half,322,645,645,0.5,1.0,q3,0.5,0.75,1.0,True,3662.653564453125,-27.32978783537473,3.5,50,4.0,7009,a neutral and balanced rushing noise texture,/outputs/time-localized-brightness-steer-v1/bright-s01-l3/single/bright-s01-l3-single-sample-000-seed-7009-transformer-blocks-3-second-half-s0p0.wav,3.372,3663.656982421875,3644.15185546875,77175,115762
ok,,bright-s01-l3-single-sample-000-seed-7009,bright-s01-l3-single-sample-000-seed-7009_transformer_blocks-3_second_half_s0p0,bright-s01-l3,single,transformer.transformer_blocks.3,dual,3,0.0,second_half,322,645,645,0.5,1.0,q4,0.75,1.0,1.0,True,3662.653564453125,-27.32978783537473,3.5,50,4.0,7009,a neutral and balanced rushing noise texture,/outputs/time-localized-brightness-steer-v1/bright-s01-l3/single/bright-s01-l3-single-sample-000-seed-7009-transformer-blocks-3-second-half-s0p0.wav,3.373,3646.072265625,3639.459228515625,115762,154350
ok,,bright-s01-l3-single-sample-000-seed-7009,bright-s01-l3-single-sample-000-seed-7009_transformer_blocks-3_second_half_s1p0,bright-s01-l3,single,transformer.transformer_blocks.3,dual,3,1.0,second_half,322,645,645,0.5,1.0,q1,0.0,0.25,0.0,False,3690.30126953125,-27.560853156382407,3.5,50,4.0,7009,a neutral and balanced rushing noise texture,/outputs/time-localized-brightness-steer-v1/bright-s01-l3/single/bright-s01-l3-single-sample-000-seed-7009-transformer-blocks-3-second-half-s1p0.wav,5.59,3722.831298828125,3739.561279296875,0,38588
ok,,bright-s01-l3-single-sample-000-seed-7009,bright-s01-l3-single-sample-000-seed-7009_transformer_blocks-3_second_half_s1p0,bright-s01-l3,single,transformer.transformer_blocks.3,dual,3,1.0,second_half,322,645,645,0.5,1.0,q2,0.25,0.5,0.0,False,3690.30126953125,-27.560853156382407,3.5,50,4.0,7009,a neutral and balanced rushing noise texture,/outputs/time-localized-brightness-steer-v1/bright-s01-l3/single/bright-s01-l3-single-sample-000-seed-7009-transformer-blocks-3-second-half-s1p0.wav,5.591,3697.698974609375,3692.94775390625,38588,77175
ok,,bright-s01-l3-single-sample-000-seed-7009,bright-s01-l3-single-sample-000-seed-7009_transformer_blocks-3_second_half_s1p0,bright-s01-l3,single,transformer.transformer_blocks.3,dual,3,1.0,second_half,322,645,645,0.5,1.0,q3,0.5,0.75,1.0,True,3690.30126953125,-27.560853156382407,3.5,50,4.0,7009,a neutral and balanced rushing noise texture,/outputs/time-localized-brightness-steer-v1/bright-s01-l3/single/bright-s01-l3-single-sample-000-seed-7009-transformer-blocks-3-second-half-s1p0.wav,5.592,3691.811279296875,3674.007080078125,77175,115762
ok,,bright-s01-l3-single-sample-000-seed-7009,bright-s01-l3-single-sample-000-seed-7009_transformer_blocks-3_second_half_s1p0,bright-s01-l3,single,transformer.transformer_blocks.3,dual,3,1.0,second_half,322,645,645,0.5,1.0,q4,0.75,1.0,1.0,True,3690.30126953125,-27.560853156382407,3.5,50,4.0,7009,a neutral and balanced rushing noise texture,/outputs/time-localized-brightness-steer-v1/bright-s01-l3/single/bright-s01-l3-single-sample-000-seed-7009-transformer-blocks-3-second-half-s1p0.wav,5.593,3673.111083984375,3670.568359375,115762,154350
ok,,bright-s01-l3-single-sample-000-seed-7009,bright-s01-l3-single-sample-000-seed-7009_transformer_blocks-3_second_half_s2p0,bright-s01-l3,single,transformer.transformer_blocks.3,dual,3,2.0,second_half,322,645,645,0.5,1.0,q1,0.0,0.25,0.0,False,3717.030517578125,-27.769610056442264,3.5,50,4.0,7009,a neutral and balanced rushing noise texture,/outputs/time-localized-brightness-steer-v1/bright-s01-l3/single/bright-s01-l3-single-sample-000-seed-7009-transformer-blocks-3-second-half-s2p0.wav,5.105,3749.249267578125,3765.39453125,0,38588
ok,,bright-s01-l3-single-sample-000-seed-7009,bright-s01-l3-single-sample-000-seed-7009_transformer_blocks-3_second_half_s2p0,bright-s01-l3,single,transformer.transformer_blocks.3,dual,3,2.0,second_half,322,645,645,0.5,1.0,q2,0.25,0.5,0.0,False,3717.030517578125,-27.769610056442264,3.5,50,4.0,7009,a neutral and balanced rushing noise texture,/outputs/time-localized-brightness-steer-v1/bright-s01-l3/single/bright-s01-l3-single-sample-000-seed-7009-transformer-blocks-3-second-half-s2p0.wav,5.106,3724.638916015625,3714.02734375,38588,77175
ok,,bright-s01-l3-single-sample-000-seed-7009,bright-s01-l3-single-sample-000-seed-7009_transformer_blocks-3_second_half_s2p0,bright-s01-l3,single,transformer.transformer_blocks.3,dual,3,2.0,second_half,322,645,645,0.5,1.0,q3,0.5,0.75,1.0,True,3717.030517578125,-27.769610056442264,3.5,50,4.0,7009,a neutral and balanced rushing noise texture,/outputs/time-localized-brightness-steer-v1/bright-s01-l3/single/bright-s01-l3-single-sample-000-seed-7009-transformer-blocks-3-second-half-s2p0.wav,5.107,3719.248046875,3705.04443359375,77175,115762
ok,,bright-s01-l3-single-sample-000-seed-7009,bright-s01-l3-single-sample-000-seed-7009_transformer_blocks-3_second_half_s2p0,bright-s01-l3,single,transformer.transformer_blocks.3,dual,3,2.0,second_half,322,645,645,0.5,1.0,q4,0.75,1.0,1.0,True,3717.030517578125,-27.769610056442264,3.5,50,4.0,7009,a neutral and balanced rushing noise texture,/outputs/time-localized-brightness-steer-v1/bright-s01-l3/single/bright-s01-l3-single-sample-000-seed-7009-transformer-blocks-3-second-half-s2p0.wav,5.108,3698.980712890625,3697.609619140625,115762,154350
ok,,bright-s01-l3-single-sample-000-seed-7009,bright-s01-l3-single-sample-000-seed-7009_transformer_blocks-3_second_half_s4p0,bright-s01-l3,single,transformer.transformer_blocks.3,dual,3,4.0,second_half,322,645,645,0.5,1.0,q1,0.0,0.25,0.0,False,3768.20947265625,-28.11318269849894,3.5,50,4.0,7009,a neutral and balanced rushing noise texture,/outputs/time-localized-brightness-steer-v1/bright-s01-l3/single/bright-s01-l3-single-sample-000-seed-7009-transformer-blocks-3-second-half-s4p0.wav,3.581,3800.839599609375,3816.353515625,0,38588
ok,,bright-s01-l3-single-sample-000-seed-7009,bright-s01-l3-single-sample-000-seed-7009_transformer_blocks-3_second_half_s4p0,bright-s01-l3,single,transformer.transformer_blocks.3,dual,3,4.0,second_half,322,645,645,0.5,1.0,q2,0.25,0.5,0.0,False,3768.20947265625,-28.11318269849894,3.5,50,4.0,7009,a neutral and balanced rushing noise texture,/outputs/time-localized-brightness-steer-v1/bright-s01-l3/single/bright-s01-l3-single-sample-000-seed-7009-transformer-blocks-3-second-half-s4p0.wav,3.582,3775.4736328125,3754.727783203125,38588,77175
ok,,bright-s01-l3-single-sample-000-seed-7009,bright-s01-l3-single-sample-000-seed-7009_transformer_blocks-3_second_half_s4p0,bright-s01-l3,single,transformer.transformer_blocks.3,dual,3,4.0,second_half,322,645,645,0.5,1.0,q3,0.5,0.75,1.0,True,3768.20947265625,-28.11318269849894,3.5,50,4.0,7009,a neutral and balanced rushing noise texture,/outputs/time-localized-brightness-steer-v1/bright-s01-l3/single/bright-s01-l3-single-sample-000-seed-7009-transformer-blocks-3-second-half-s4p0.wav,3.583,3771.331298828125,3754.555419921875,77175,115762
ok,,bright-s01-l3-single-sample-000-seed-7009,bright-s01-l3-single-sample-000-seed-7009_transformer_blocks-3_second_half_s4p0,bright-s01-l3,single,transformer.transformer_blocks.3,dual,3,4.0,second_half,322,645,645,0.5,1.0,q4,0.75,1.0,1.0,True,3768.20947265625,-28.11318269849894,3.5,50,4.0,7009,a neutral and balanced rushing noise texture,/outputs/time-localized-brightness-steer-v1/bright-s01-l3/single/bright-s01-l3-single-sample-000-seed-7009-transformer-blocks-3-second-half-s4p0.wav,3.584,3748.972412109375,3746.29736328125,115762,154350
ok,,bright-s02-l3-single-sample-000-seed-7015,bright-s02-l3-single-sample-000-seed-7015_transformer_blocks-3_first_half_s0p0,bright-s02-l3,single,transformer.transformer_blocks.3,dual,3,0.0,first_half,0,322,645,0.0,0.5,q1,0.0,0.25,1.0,True,1278.6759033203125,-18.09557766502826,3.5,50,4.0,7015,a neutral and balanced sustained string chord,/outputs/time-localized-brightness-steer-v1/bright-s02-l3/single/bright-s02-l3-single-sample-000-seed-7015-transformer-blocks-3-first-half-s0p0.wav,3.918,1137.6944580078125,1018.6349487304688,0,38588
ok,,bright-s02-l3-single-sample-000-seed-7015,bright-s02-l3-single-sample-000-seed-7015_transformer_blocks-3_first_half_s0p0,bright-s02-l3,single,transformer.transformer_blocks.3,dual,3,0.0,first_half,0,322,645,0.0,0.5,q2,0.25,0.5,1.0,True,1278.6759033203125,-18.09557766502826,3.5,50,4.0,7015,a neutral and balanced sustained string chord,/outputs/time-localized-brightness-steer-v1/bright-s02-l3/single/bright-s02-l3-single-sample-000-seed-7015-transformer-blocks-3-first-half-s0p0.wav,3.92,1264.5869140625,1205.2545166015625,38588,77175
ok,,bright-s02-l3-single-sample-000-seed-7015,bright-s02-l3-single-sample-000-seed-7015_transformer_blocks-3_first_half_s0p0,bright-s02-l3,single,transformer.transformer_blocks.3,dual,3,0.0,first_half,0,322,645,0.0,0.5,q3,0.5,0.75,0.0,False,1278.6759033203125,-18.09557766502826,3.5,50,4.0,7015,a neutral and balanced sustained string chord,/outputs/time-localized-brightness-steer-v1/bright-s02-l3/single/bright-s02-l3-single-sample-000-seed-7015-transformer-blocks-3-first-half-s0p0.wav,3.921,1385.790283203125,1312.8984375,77175,115762
ok,,bright-s02-l3-single-sample-000-seed-7015,bright-s02-l3-single-sample-000-seed-7015_transformer_blocks-3_first_half_s0p0,bright-s02-l3,single,transformer.transformer_blocks.3,dual,3,0.0,first_half,0,322,645,0.0,0.5,q4,0.75,1.0,0.0,False,1278.6759033203125,-18.09557766502826,3.5,50,4.0,7015,a neutral and balanced sustained string chord,/outputs/time-localized-brightness-steer-v1/bright-s02-l3/single/bright-s02-l3-single-sample-000-seed-7015-transformer-blocks-3-first-half-s0p0.wav,3.922,1327.1494140625,1314.5469970703125,115762,154350
ok,,bright-s02-l3-single-sample-000-seed-7015,bright-s02-l3-single-sample-000-seed-7015_transformer_blocks-3_first_half_s1p0,bright-s02-l3,single,transformer.transformer_blocks.3,dual,3,1.0,first_half,0,322,645,0.0,0.5,q1,0.0,0.25,1.0,True,1283.8822021484375,-18.197165686992946,3.5,50,4.0,7015,a neutral and balanced sustained string chord,/outputs/time-localized-brightness-steer-v1/bright-s02-l3/single/bright-s02-l3-single-sample-000-seed-7015-transformer-blocks-3-first-half-s1p0.wav,10.397,1133.8675537109375,1003.4859008789062,0,38588
ok,,bright-s02-l3-single-sample-000-seed-7015,bright-s02-l3-single-sample-000-seed-7015_transformer_blocks-3_first_half_s1p0,bright-s02-l3,single,transformer.transformer_blocks.3,dual,3,1.0,first_half,0,322,645,0.0,0.5,q2,0.25,0.5,1.0,True,1283.8822021484375,-18.197165686992946,3.5,50,4.0,7015,a neutral and balanced sustained string chord,/outputs/time-localized-brightness-steer-v1/bright-s02-l3/single/bright-s02-l3-single-sample-000-seed-7015-transformer-blocks-3-first-half-s1p0.wav,10.398,1225.594482421875,1162.1845703125,38588,77175
ok,,bright-s02-l3-single-sample-000-seed-7015,bright-s02-l3-single-sample-000-seed-7015_transformer_blocks-3_first_half_s1p0,bright-s02-l3,single,transformer.transformer_blocks.3,dual,3,1.0,first_half,0,322,645,0.0,0.5,q3,0.5,0.75,0.0,False,1283.8822021484375,-18.197165686992946,3.5,50,4.0,7015,a neutral and balanced sustained string chord,/outputs/time-localized-brightness-steer-v1/bright-s02-l3/single/bright-s02-l3-single-sample-000-seed-7015-transformer-blocks-3-first-half-s1p0.wav,10.399,1426.3990478515625,1381.9320068359375,77175,115762
ok,,bright-s02-l3-single-sample-000-seed-7015,bright-s02-l3-single-sample-000-seed-7015_transformer_blocks-3_first_half_s1p0,bright-s02-l3,single,transformer.transformer_blocks.3,dual,3,1.0,first_half,0,322,645,0.0,0.5,q4,0.75,1.0,0.0,False,1283.8822021484375,-18.197165686992946,3.5,50,4.0,7015,a neutral and balanced sustained string chord,/outputs/time-localized-brightness-steer-v1/bright-s02-l3/single/bright-s02-l3-single-sample-000-seed-7015-transformer-blocks-3-first-half-s1p0.wav,10.4,1348.75,1318.68310546875,115762,154350
ok,,bright-s02-l3-single-sample-000-seed-7015,bright-s02-l3-single-sample-000-seed-7015_transformer_blocks-3_first_half_s2p0,bright-s02-l3,single,transformer.transformer_blocks.3,dual,3,2.0,first_half,0,322,645,0.0,0.5,q1,0.0,0.25,1.0,True,1294.5648193359375,-18.546945011812856,3.5,50,4.0,7015,a neutral and balanced sustained string chord,/outputs/time-localized-brightness-steer-v1/bright-s02-l3/single/bright-s02-l3-single-sample-000-seed-7015-transformer-blocks-3-first-half-s2p0.wav,3.861,1138.0546875,1011.5119018554688,0,38588
ok,,bright-s02-l3-single-sample-000-seed-7015,bright-s02-l3-single-sample-000-seed-7015_transformer_blocks-3_first_half_s2p0,bright-s02-l3,single,transformer.transformer_blocks.3,dual,3,2.0,first_half,0,322,645,0.0,0.5,q2,0.25,0.5,1.0,True,1294.5648193359375,-18.546945011812856,3.5,50,4.0,7015,a neutral and balanced sustained string chord,/outputs/time-localized-brightness-steer-v1/bright-s02-l3/single/bright-s02-l3-single-sample-000-seed-7015-transformer-blocks-3-first-half-s2p0.wav,3.862,1246.2418212890625,1174.733154296875,38588,77175
ok,,bright-s02-l3-single-sample-000-seed-7015,bright-s02-l3-single-sample-000-seed-7015_transformer_blocks-3_first_half_s2p0,bright-s02-l3,single,transformer.transformer_blocks.3,dual,3,2.0,first_half,0,322,645,0.0,0.5,q3,0.5,0.75,0.0,False,1294.5648193359375,-18.546945011812856,3.5,50,4.0,7015,a neutral and balanced sustained string chord,/outputs/time-localized-brightness-steer-v1/bright-s02-l3/single/bright-s02-l3-single-sample-000-seed-7015-transformer-blocks-3-first-half-s2p0.wav,3.864,1436.828125,1377.13818359375,77175,115762
ok,,bright-s02-l3-single-sample-000-seed-7015,bright-s02-l3-single-sample-000-seed-7015_transformer_blocks-3_first_half_s2p0,bright-s02-l3,single,transformer.transformer_blocks.3,dual,3,2.0,first_half,0,322,645,0.0,0.5,q4,0.75,1.0,0.0,False,1294.5648193359375,-18.546945011812856,3.5,50,4.0,7015,a neutral and balanced sustained string chord,/outputs/time-localized-brightness-steer-v1/bright-s02-l3/single/bright-s02-l3-single-sample-000-seed-7015-transformer-blocks-3-first-half-s2p0.wav,3.865,1356.1552734375,1327.6864013671875,115762,154350
ok,,bright-s02-l3-single-sample-000-seed-7015,bright-s02-l3-single-sample-000-seed-7015_transformer_blocks-3_first_half_s4p0,bright-s02-l3,single,transformer.transformer_blocks.3,dual,3,4.0,first_half,0,322,645,0.0,0.5,q1,0.0,0.25,1.0,True,1315.5213623046875,-19.363465606110218,3.5,50,4.0,7015,a neutral and balanced sustained string chord,/outputs/time-localized-brightness-steer-v1/bright-s02-l3/single/bright-s02-l3-single-sample-000-seed-7015-transformer-blocks-3-first-half-s4p0.wav,3.679,1156.0394287109375,1029.9193115234375,0,38588
ok,,bright-s02-l3-single-sample-000-seed-7015,bright-s02-l3-single-sample-000-seed-7015_transformer_blocks-3_first_half_s4p0,bright-s02-l3,single,transformer.transformer_blocks.3,dual,3,4.0,first_half,0,322,645,0.0,0.5,q2,0.25,0.5,1.0,True,1315.5213623046875,-19.363465606110218,3.5,50,4.0,7015,a neutral and balanced sustained string chord,/outputs/time-localized-brightness-steer-v1/bright-s02-l3/single/bright-s02-l3-single-sample-000-seed-7015-transformer-blocks-3-first-half-s4p0.wav,3.681,1291.0208740234375,1183.2764892578125,38588,77175
ok,,bright-s02-l3-single-sample-000-seed-7015,bright-s02-l3-single-sample-000-seed-7015_transformer_blocks-3_first_half_s4p0,bright-s02-l3,single,transformer.transformer_blocks.3,dual,3,4.0,first_half,0,322,645,0.0,0.5,q3,0.5,0.75,0.0,False,1315.5213623046875,-19.363465606110218,3.5,50,4.0,7015,a neutral and balanced sustained string chord,/outputs/time-localized-brightness-steer-v1/bright-s02-l3/single/bright-s02-l3-single-sample-000-seed-7015-transformer-blocks-3-first-half-s4p0.wav,3.682,1447.5953369140625,1347.7186279296875,77175,115762
ok,,bright-s02-l3-single-sample-000-seed-7015,bright-s02-l3-single-sample-000-seed-7015_transformer_blocks-3_first_half_s4p0,bright-s02-l3,single,transformer.transformer_blocks.3,dual,3,4.0,first_half,0,322,645,0.0,0.5,q4,0.75,1.0,0.0,False,1315.5213623046875,-19.363465606110218,3.5,50,4.0,7015,a neutral and balanced sustained string chord,/outputs/time-localized-brightness-steer-v1/bright-s02-l3/single/bright-s02-l3-single-sample-000-seed-7015-transformer-blocks-3-first-half-s4p0.wav,3.683,1365.875244140625,1338.2685546875,115762,154350
ok,,bright-s02-l3-single-sample-000-seed-7015,bright-s02-l3-single-sample-000-seed-7015_transformer_blocks-3_middle_half_s0p0,bright-s02-l3,single,transformer.transformer_blocks.3,dual,3,0.0,middle_half,161,484,645,0.25,0.75,q1,0.0,0.25,0.0,False,1278.6759033203125,-18.09557766502826,3.5,50,4.0,7015,a neutral and balanced sustained string chord,/outputs/time-localized-brightness-steer-v1/bright-s02-l3/single/bright-s02-l3-single-sample-000-seed-7015-transformer-blocks-3-middle-half-s0p0.wav,3.402,1137.6944580078125,1018.6349487304688,0,38588
ok,,bright-s02-l3-single-sample-000-seed-7015,bright-s02-l3-single-sample-000-seed-7015_transformer_blocks-3_middle_half_s0p0,bright-s02-l3,single,transformer.transformer_blocks.3,dual,3,0.0,middle_half,161,484,645,0.25,0.75,q2,0.25,0.5,1.0,True,1278.6759033203125,-18.09557766502826,3.5,50,4.0,7015,a neutral and balanced sustained string chord,/outputs/time-localized-brightness-steer-v1/bright-s02-l3/single/bright-s02-l3-single-sample-000-seed-7015-transformer-blocks-3-middle-half-s0p0.wav,3.403,1264.5869140625,1205.2545166015625,38588,77175
ok,,bright-s02-l3-single-sample-000-seed-7015,bright-s02-l3-single-sample-000-seed-7015_transformer_blocks-3_middle_half_s0p0,bright-s02-l3,single,transformer.transformer_blocks.3,dual,3,0.0,middle_half,161,484,645,0.25,0.75,q3,0.5,0.75,1.0,True,1278.6759033203125,-18.09557766502826,3.5,50,4.0,7015,a neutral and balanced sustained string chord,/outputs/time-localized-brightness-steer-v1/bright-s02-l3/single/bright-s02-l3-single-sample-000-seed-7015-transformer-blocks-3-middle-half-s0p0.wav,3.404,1385.790283203125,1312.8984375,77175,115762
ok,,bright-s02-l3-single-sample-000-seed-7015,bright-s02-l3-single-sample-000-seed-7015_transformer_blocks-3_middle_half_s0p0,bright-s02-l3,single,transformer.transformer_blocks.3,dual,3,0.0,middle_half,161,484,645,0.25,0.75,q4,0.75,1.0,0.0,False,1278.6759033203125,-18.09557766502826,3.5,50,4.0,7015,a neutral and balanced sustained string chord,/outputs/time-localized-brightness-steer-v1/bright-s02-l3/single/bright-s02-l3-single-sample-000-seed-7015-transformer-blocks-3-middle-half-s0p0.wav,3.405,1327.1494140625,1314.5469970703125,115762,154350
ok,,bright-s02-l3-single-sample-000-seed-7015,bright-s02-l3-single-sample-000-seed-7015_transformer_blocks-3_middle_half_s1p0,bright-s02-l3,single,transformer.transformer_blocks.3,dual,3,1.0,middle_half,161,484,645,0.25,0.75,q1,0.0,0.25,0.0,False,1286.2437744140625,-18.310095902217995,3.5,50,4.0,7015,a neutral and balanced sustained string chord,/outputs/time-localized-brightness-steer-v1/bright-s02-l3/single/bright-s02-l3-single-sample-000-seed-7015-transformer-blocks-3-middle-half-s1p0.wav,3.929,1142.365966796875,1026.2095947265625,0,38588
ok,,bright-s02-l3-single-sample-000-seed-7015,bright-s02-l3-single-sample-000-seed-7015_transformer_blocks-3_middle_half_s1p0,bright-s02-l3,single,transformer.transformer_blocks.3,dual,3,1.0,middle_half,161,484,645,0.25,0.75,q2,0.25,0.5,1.0,True,1286.2437744140625,-18.310095902217995,3.5,50,4.0,7015,a neutral and balanced sustained string chord,/outputs/time-localized-brightness-steer-v1/bright-s02-l3/single/bright-s02-l3-single-sample-000-seed-7015-transformer-blocks-3-middle-half-s1p0.wav,3.931,1271.2132568359375,1202.7325439453125,38588,77175
ok,,bright-s02-l3-single-sample-000-seed-7015,bright-s02-l3-single-sample-000-seed-7015_transformer_blocks-3_middle_half_s1p0,bright-s02-l3,single,transformer.transformer_blocks.3,dual,3,1.0,middle_half,161,484,645,0.25,0.75,q3,0.5,0.75,1.0,True,1286.2437744140625,-18.310095902217995,3.5,50,4.0,7015,a neutral and balanced sustained string chord,/outputs/time-localized-brightness-steer-v1/bright-s02-l3/single/bright-s02-l3-single-sample-000-seed-7015-transformer-blocks-3-middle-half-s1p0.wav,3.932,1384.47900390625,1317.7843017578125,77175,115762
ok,,bright-s02-l3-single-sample-000-seed-7015,bright-s02-l3-single-sample-000-seed-7015_transformer_blocks-3_middle_half_s1p0,bright-s02-l3,single,transformer.transformer_blocks.3,dual,3,1.0,middle_half,161,484,645,0.25,0.75,q4,0.75,1.0,0.0,False,1286.2437744140625,-18.310095902217995,3.5,50,4.0,7015,a neutral and balanced sustained string chord,/outputs/time-localized-brightness-steer-v1/bright-s02-l3/single/bright-s02-l3-single-sample-000-seed-7015-transformer-blocks-3-middle-half-s1p0.wav,3.933,1347.2647705078125,1331.819580078125,115762,154350
ok,,bright-s02-l3-single-sample-000-seed-7015,bright-s02-l3-single-sample-000-seed-7015_transformer_blocks-3_middle_half_s2p0,bright-s02-l3,single,transformer.transformer_blocks.3,dual,3,2.0,middle_half,161,484,645,0.25,0.75,q1,0.0,0.25,0.0,False,1292.240234375,-18.43010460302819,3.5,50,4.0,7015,a neutral and balanced sustained string chord,/outputs/time-localized-brightness-steer-v1/bright-s02-l3/single/bright-s02-l3-single-sample-000-seed-7015-transformer-blocks-3-middle-half-s2p0.wav,6.883,1149.0042724609375,1030.3990478515625,0,38588
ok,,bright-s02-l3-single-sample-000-seed-7015,bright-s02-l3-single-sample-000-seed-7015_transformer_blocks-3_middle_half_s2p0,bright-s02-l3,single,transformer.transformer_blocks.3,dual,3,2.0,middle_half,161,484,645,0.25,0.75,q2,0.25,0.5,1.0,True,1292.240234375,-18.43010460302819,3.5,50,4.0,7015,a neutral and balanced sustained string chord,/outputs/time-localized-brightness-steer-v1/bright-s02-l3/single/bright-s02-l3-single-sample-000-seed-7015-transformer-blocks-3-middle-half-s2p0.wav,6.885,1267.884033203125,1175.7001953125,38588,77175
ok,,bright-s02-l3-single-sample-000-seed-7015,bright-s02-l3-single-sample-000-seed-7015_transformer_blocks-3_middle_half_s2p0,bright-s02-l3,single,transformer.transformer_blocks.3,dual,3,2.0,middle_half,161,484,645,0.25,0.75,q3,0.5,0.75,1.0,True,1292.240234375,-18.43010460302819,3.5,50,4.0,7015,a neutral and balanced sustained string chord,/outputs/time-localized-brightness-steer-v1/bright-s02-l3/single/bright-s02-l3-single-sample-000-seed-7015-transformer-blocks-3-middle-half-s2p0.wav,6.886,1382.9462890625,1309.4300537109375,77175,115762
ok,,bright-s02-l3-single-sample-000-seed-7015,bright-s02-l3-single-sample-000-seed-7015_transformer_blocks-3_middle_half_s2p0,bright-s02-l3,single,transformer.transformer_blocks.3,dual,3,2.0,middle_half,161,484,645,0.25,0.75,q4,0.75,1.0,0.0,False,1292.240234375,-18.43010460302819,3.5,50,4.0,7015,a neutral and balanced sustained string chord,/outputs/time-localized-brightness-steer-v1/bright-s02-l3/single/bright-s02-l3-single-sample-000-seed-7015-transformer-blocks-3-middle-half-s2p0.wav,6.887,1368.9234619140625,1361.7322998046875,115762,154350
ok,,bright-s02-l3-single-sample-000-seed-7015,bright-s02-l3-single-sample-000-seed-7015_transformer_blocks-3_middle_half_s4p0,bright-s02-l3,single,transformer.transformer_blocks.3,dual,3,4.0,middle_half,161,484,645,0.25,0.75,q1,0.0,0.25,0.0,False,1310.350341796875,-18.76036781320841,3.5,50,4.0,7015,a neutral and balanced sustained string chord,/outputs/time-localized-brightness-steer-v1/bright-s02-l3/single/bright-s02-l3-single-sample-000-seed-7015-transformer-blocks-3-middle-half-s4p0.wav,4.927,1156.2197265625,1036.6414794921875,0,38588
ok,,bright-s02-l3-single-sample-000-seed-7015,bright-s02-l3-single-sample-000-seed-7015_transformer_blocks-3_middle_half_s4p0,bright-s02-l3,single,transformer.transformer_blocks.3,dual,3,4.0,middle_half,161,484,645,0.25,0.75,q2,0.25,0.5,1.0,True,1310.350341796875,-18.76036781320841,3.5,50,4.0,7015,a neutral and balanced sustained string chord,/outputs/time-localized-brightness-steer-v1/bright-s02-l3/single/bright-s02-l3-single-sample-000-seed-7015-transformer-blocks-3-middle-half-s4p0.wav,4.929,1259.0806884765625,1161.652099609375,38588,77175
ok,,bright-s02-l3-single-sample-000-seed-7015,bright-s02-l3-single-sample-000-seed-7015_transformer_blocks-3_middle_half_s4p0,bright-s02-l3,single,transformer.transformer_blocks.3,dual,3,4.0,middle_half,161,484,645,0.25,0.75,q3,0.5,0.75,1.0,True,1310.350341796875,-18.76036781320841,3.5,50,4.0,7015,a neutral and balanced sustained string chord,/outputs/time-localized-brightness-steer-v1/bright-s02-l3/single/bright-s02-l3-single-sample-000-seed-7015-transformer-blocks-3-middle-half-s4p0.wav,4.93,1393.2164306640625,1325.48974609375,77175,115762
ok,,bright-s02-l3-single-sample-000-seed-7015,bright-s02-l3-single-sample-000-seed-7015_transformer_blocks-3_middle_half_s4p0,bright-s02-l3,single,transformer.transformer_blocks.3,dual,3,4.0,middle_half,161,484,645,0.25,0.75,q4,0.75,1.0,0.0,False,1310.350341796875,-18.76036781320841,3.5,50,4.0,7015,a neutral and balanced sustained string chord,/outputs/time-localized-brightness-steer-v1/bright-s02-l3/single/bright-s02-l3-single-sample-000-seed-7015-transformer-blocks-3-middle-half-s4p0.wav,4.931,1431.5660400390625,1402.6307373046875,115762,154350
ok,,bright-s02-l3-single-sample-000-seed-7015,bright-s02-l3-single-sample-000-seed-7015_transformer_blocks-3_second_half_s0p0,bright-s02-l3,single,transformer.transformer_blocks.3,dual,3,0.0,second_half,322,645,645,0.5,1.0,q1,0.0,0.25,0.0,False,1278.6759033203125,-18.09557766502826,3.5,50,4.0,7015,a neutral and balanced sustained string chord,/outputs/time-localized-brightness-steer-v1/bright-s02-l3/single/bright-s02-l3-single-sample-000-seed-7015-transformer-blocks-3-second-half-s0p0.wav,3.288,1137.6944580078125,1018.6349487304688,0,38588
ok,,bright-s02-l3-single-sample-000-seed-7015,bright-s02-l3-single-sample-000-seed-7015_transformer_blocks-3_second_half_s0p0,bright-s02-l3,single,transformer.transformer_blocks.3,dual,3,0.0,second_half,322,645,645,0.5,1.0,q2,0.25,0.5,0.0,False,1278.6759033203125,-18.09557766502826,3.5,50,4.0,7015,a neutral and balanced sustained string chord,/outputs/time-localized-brightness-steer-v1/bright-s02-l3/single/bright-s02-l3-single-sample-000-seed-7015-transformer-blocks-3-second-half-s0p0.wav,3.289,1264.5869140625,1205.2545166015625,38588,77175
ok,,bright-s02-l3-single-sample-000-seed-7015,bright-s02-l3-single-sample-000-seed-7015_transformer_blocks-3_second_half_s0p0,bright-s02-l3,single,transformer.transformer_blocks.3,dual,3,0.0,second_half,322,645,645,0.5,1.0,q3,0.5,0.75,1.0,True,1278.6759033203125,-18.09557766502826,3.5,50,4.0,7015,a neutral and balanced sustained string chord,/outputs/time-localized-brightness-steer-v1/bright-s02-l3/single/bright-s02-l3-single-sample-000-seed-7015-transformer-blocks-3-second-half-s0p0.wav,3.291,1385.790283203125,1312.8984375,77175,115762
ok,,bright-s02-l3-single-sample-000-seed-7015,bright-s02-l3-single-sample-000-seed-7015_transformer_blocks-3_second_half_s0p0,bright-s02-l3,single,transformer.transformer_blocks.3,dual,3,0.0,second_half,322,645,645,0.5,1.0,q4,0.75,1.0,1.0,True,1278.6759033203125,-18.09557766502826,3.5,50,4.0,7015,a neutral and balanced sustained string chord,/outputs/time-localized-brightness-steer-v1/bright-s02-l3/single/bright-s02-l3-single-sample-000-seed-7015-transformer-blocks-3-second-half-s0p0.wav,3.292,1327.1494140625,1314.5469970703125,115762,154350
ok,,bright-s02-l3-single-sample-000-seed-7015,bright-s02-l3-single-sample-000-seed-7015_transformer_blocks-3_second_half_s1p0,bright-s02-l3,single,transformer.transformer_blocks.3,dual,3,1.0,second_half,322,645,645,0.5,1.0,q1,0.0,0.25,0.0,False,1282.175537109375,-18.07729491513157,3.5,50,4.0,7015,a neutral and balanced sustained string chord,/outputs/time-localized-brightness-steer-v1/bright-s02-l3/single/bright-s02-l3-single-sample-000-seed-7015-transformer-blocks-3-second-half-s1p0.wav,3.655,1111.4619140625,987.2574462890625,0,38588
ok,,bright-s02-l3-single-sample-000-seed-7015,bright-s02-l3-single-sample-000-seed-7015_transformer_blocks-3_second_half_s1p0,bright-s02-l3,single,transformer.transformer_blocks.3,dual,3,1.0,second_half,322,645,645,0.5,1.0,q2,0.25,0.5,0.0,False,1282.175537109375,-18.07729491513157,3.5,50,4.0,7015,a neutral and balanced sustained string chord,/outputs/time-localized-brightness-steer-v1/bright-s02-l3/single/bright-s02-l3-single-sample-000-seed-7015-transformer-blocks-3-second-half-s1p0.wav,3.657,1262.4931640625,1178.5882568359375,38588,77175
ok,,bright-s02-l3-single-sample-000-seed-7015,bright-s02-l3-single-sample-000-seed-7015_transformer_blocks-3_second_half_s1p0,bright-s02-l3,single,transformer.transformer_blocks.3,dual,3,1.0,second_half,322,645,645,0.5,1.0,q3,0.5,0.75,1.0,True,1282.175537109375,-18.07729491513157,3.5,50,4.0,7015,a neutral and balanced sustained string chord,/outputs/time-localized-brightness-steer-v1/bright-s02-l3/single/bright-s02-l3-single-sample-000-seed-7015-transformer-blocks-3-second-half-s1p0.wav,3.658,1372.672607421875,1301.1932373046875,77175,115762
ok,,bright-s02-l3-single-sample-000-seed-7015,bright-s02-l3-single-sample-000-seed-7015_transformer_blocks-3_second_half_s1p0,bright-s02-l3,single,transformer.transformer_blocks.3,dual,3,1.0,second_half,322,645,645,0.5,1.0,q4,0.75,1.0,1.0,True,1282.175537109375,-18.07729491513157,3.5,50,4.0,7015,a neutral and balanced sustained string chord,/outputs/time-localized-brightness-steer-v1/bright-s02-l3/single/bright-s02-l3-single-sample-000-seed-7015-transformer-blocks-3-second-half-s1p0.wav,3.659,1381.373291015625,1379.9852294921875,115762,154350
ok,,bright-s02-l3-single-sample-000-seed-7015,bright-s02-l3-single-sample-000-seed-7015_transformer_blocks-3_second_half_s2p0,bright-s02-l3,single,transformer.transformer_blocks.3,dual,3,2.0,second_half,322,645,645,0.5,1.0,q1,0.0,0.25,0.0,False,1294.16162109375,-17.968503235469967,3.5,50,4.0,7015,a neutral and balanced sustained string chord,/outputs/time-localized-brightness-steer-v1/bright-s02-l3/single/bright-s02-l3-single-sample-000-seed-7015-transformer-blocks-3-second-half-s2p0.wav,3.574,1110.7431640625,988.9974975585938,0,38588
ok,,bright-s02-l3-single-sample-000-seed-7015,bright-s02-l3-single-sample-000-seed-7015_transformer_blocks-3_second_half_s2p0,bright-s02-l3,single,transformer.transformer_blocks.3,dual,3,2.0,second_half,322,645,645,0.5,1.0,q2,0.25,0.5,0.0,False,1294.16162109375,-17.968503235469967,3.5,50,4.0,7015,a neutral and balanced sustained string chord,/outputs/time-localized-brightness-steer-v1/bright-s02-l3/single/bright-s02-l3-single-sample-000-seed-7015-transformer-blocks-3-second-half-s2p0.wav,3.575,1260.9927978515625,1146.877685546875,38588,77175
ok,,bright-s02-l3-single-sample-000-seed-7015,bright-s02-l3-single-sample-000-seed-7015_transformer_blocks-3_second_half_s2p0,bright-s02-l3,single,transformer.transformer_blocks.3,dual,3,2.0,second_half,322,645,645,0.5,1.0,q3,0.5,0.75,1.0,True,1294.16162109375,-17.968503235469967,3.5,50,4.0,7015,a neutral and balanced sustained string chord,/outputs/time-localized-brightness-steer-v1/bright-s02-l3/single/bright-s02-l3-single-sample-000-seed-7015-transformer-blocks-3-second-half-s2p0.wav,3.576,1405.0350341796875,1362.3875732421875,77175,115762
ok,,bright-s02-l3-single-sample-000-seed-7015,bright-s02-l3-single-sample-000-seed-7015_transformer_blocks-3_second_half_s2p0,bright-s02-l3,single,transformer.transformer_blocks.3,dual,3,2.0,second_half,322,645,645,0.5,1.0,q4,0.75,1.0,1.0,True,1294.16162109375,-17.968503235469967,3.5,50,4.0,7015,a neutral and balanced sustained string chord,/outputs/time-localized-brightness-steer-v1/bright-s02-l3/single/bright-s02-l3-single-sample-000-seed-7015-transformer-blocks-3-second-half-s2p0.wav,3.577,1398.1781005859375,1382.5770263671875,115762,154350
ok,,bright-s02-l3-single-sample-000-seed-7015,bright-s02-l3-single-sample-000-seed-7015_transformer_blocks-3_second_half_s4p0,bright-s02-l3,single,transformer.transformer_blocks.3,dual,3,4.0,second_half,322,645,645,0.5,1.0,q1,0.0,0.25,0.0,False,1354.967041015625,-17.833433610517364,3.5,50,4.0,7015,a neutral and balanced sustained string chord,/outputs/time-localized-brightness-steer-v1/bright-s02-l3/single/bright-s02-l3-single-sample-000-seed-7015-transformer-blocks-3-second-half-s4p0.wav,3.493,1177.1748046875,1054.79248046875,0,38588
ok,,bright-s02-l3-single-sample-000-seed-7015,bright-s02-l3-single-sample-000-seed-7015_transformer_blocks-3_second_half_s4p0,bright-s02-l3,single,transformer.transformer_blocks.3,dual,3,4.0,second_half,322,645,645,0.5,1.0,q2,0.25,0.5,0.0,False,1354.967041015625,-17.833433610517364,3.5,50,4.0,7015,a neutral and balanced sustained string chord,/outputs/time-localized-brightness-steer-v1/bright-s02-l3/single/bright-s02-l3-single-sample-000-seed-7015-transformer-blocks-3-second-half-s4p0.wav,3.495,1253.8056640625,1146.1639404296875,38588,77175
ok,,bright-s02-l3-single-sample-000-seed-7015,bright-s02-l3-single-sample-000-seed-7015_transformer_blocks-3_second_half_s4p0,bright-s02-l3,single,transformer.transformer_blocks.3,dual,3,4.0,second_half,322,645,645,0.5,1.0,q3,0.5,0.75,1.0,True,1354.967041015625,-17.833433610517364,3.5,50,4.0,7015,a neutral and balanced sustained string chord,/outputs/time-localized-brightness-steer-v1/bright-s02-l3/single/bright-s02-l3-single-sample-000-seed-7015-transformer-blocks-3-second-half-s4p0.wav,3.496,1445.712158203125,1407.36474609375,77175,115762
ok,,bright-s02-l3-single-sample-000-seed-7015,bright-s02-l3-single-sample-000-seed-7015_transformer_blocks-3_second_half_s4p0,bright-s02-l3,single,transformer.transformer_blocks.3,dual,3,4.0,second_half,322,645,645,0.5,1.0,q4,0.75,1.0,1.0,True,1354.967041015625,-17.833433610517364,3.5,50,4.0,7015,a neutral and balanced sustained string chord,/outputs/time-localized-brightness-steer-v1/bright-s02-l3/single/bright-s02-l3-single-sample-000-seed-7015-transformer-blocks-3-second-half-s4p0.wav,3.496,1538.2266845703125,1516.56787109375,115762,154350
ok,,bright-s03-l3-single-sample-000-seed-7021,bright-s03-l3-single-sample-000-seed-7021_transformer_blocks-3_first_half_s0p0,bright-s03-l3,single,transformer.transformer_blocks.3,dual,3,0.0,first_half,0,322,645,0.0,0.5,q1,0.0,0.25,1.0,True,801.995849609375,-15.942543476304497,3.5,50,4.0,7021,a neutral and balanced electric organ hum,/outputs/time-localized-brightness-steer-v1/bright-s03-l3/single/bright-s03-l3-single-sample-000-seed-7021-transformer-blocks-3-first-half-s0p0.wav,3.608,896.6005249023438,774.0750732421875,0,38588
ok,,bright-s03-l3-single-sample-000-seed-7021,bright-s03-l3-single-sample-000-seed-7021_transformer_blocks-3_first_half_s0p0,bright-s03-l3,single,transformer.transformer_blocks.3,dual,3,0.0,first_half,0,322,645,0.0,0.5,q2,0.25,0.5,1.0,True,801.995849609375,-15.942543476304497,3.5,50,4.0,7021,a neutral and balanced electric organ hum,/outputs/time-localized-brightness-steer-v1/bright-s03-l3/single/bright-s03-l3-single-sample-000-seed-7021-transformer-blocks-3-first-half-s0p0.wav,3.609,769.7344360351562,763.4637451171875,38588,77175
ok,,bright-s03-l3-single-sample-000-seed-7021,bright-s03-l3-single-sample-000-seed-7021_transformer_blocks-3_first_half_s0p0,bright-s03-l3,single,transformer.transformer_blocks.3,dual,3,0.0,first_half,0,322,645,0.0,0.5,q3,0.5,0.75,0.0,False,801.995849609375,-15.942543476304497,3.5,50,4.0,7021,a neutral and balanced electric organ hum,/outputs/time-localized-brightness-steer-v1/bright-s03-l3/single/bright-s03-l3-single-sample-000-seed-7021-transformer-blocks-3-first-half-s0p0.wav,3.61,774.556884765625,772.5481567382812,77175,115762
ok,,bright-s03-l3-single-sample-000-seed-7021,bright-s03-l3-single-sample-000-seed-7021_transformer_blocks-3_first_half_s0p0,bright-s03-l3,single,transformer.transformer_blocks.3,dual,3,0.0,first_half,0,322,645,0.0,0.5,q4,0.75,1.0,0.0,False,801.995849609375,-15.942543476304497,3.5,50,4.0,7021,a neutral and balanced electric organ hum,/outputs/time-localized-brightness-steer-v1/bright-s03-l3/single/bright-s03-l3-single-sample-000-seed-7021-transformer-blocks-3-first-half-s0p0.wav,3.611,771.2638549804688,764.7538452148438,115762,154350
ok,,bright-s03-l3-single-sample-000-seed-7021,bright-s03-l3-single-sample-000-seed-7021_transformer_blocks-3_first_half_s1p0,bright-s03-l3,single,transformer.transformer_blocks.3,dual,3,1.0,first_half,0,322,645,0.0,0.5,q1,0.0,0.25,1.0,True,804.4432983398438,-16.387134284382704,3.5,50,4.0,7021,a neutral and balanced electric organ hum,/outputs/time-localized-brightness-steer-v1/bright-s03-l3/single/bright-s03-l3-single-sample-000-seed-7021-transformer-blocks-3-first-half-s1p0.wav,3.697,896.6023559570312,775.2210083007812,0,38588
ok,,bright-s03-l3-single-sample-000-seed-7021,bright-s03-l3-single-sample-000-seed-7021_transformer_blocks-3_first_half_s1p0,bright-s03-l3,single,transformer.transformer_blocks.3,dual,3,1.0,first_half,0,322,645,0.0,0.5,q2,0.25,0.5,1.0,True,804.4432983398438,-16.387134284382704,3.5,50,4.0,7021,a neutral and balanced electric organ hum,/outputs/time-localized-brightness-steer-v1/bright-s03-l3/single/bright-s03-l3-single-sample-000-seed-7021-transformer-blocks-3-first-half-s1p0.wav,3.699,773.929443359375,768.8814697265625,38588,77175
ok,,bright-s03-l3-single-sample-000-seed-7021,bright-s03-l3-single-sample-000-seed-7021_transformer_blocks-3_first_half_s1p0,bright-s03-l3,single,transformer.transformer_blocks.3,dual,3,1.0,first_half,0,322,645,0.0,0.5,q3,0.5,0.75,0.0,False,804.4432983398438,-16.387134284382704,3.5,50,4.0,7021,a neutral and balanced electric organ hum,/outputs/time-localized-brightness-steer-v1/bright-s03-l3/single/bright-s03-l3-single-sample-000-seed-7021-transformer-blocks-3-first-half-s1p0.wav,3.7,777.4531860351562,775.5964965820312,77175,115762
ok,,bright-s03-l3-single-sample-000-seed-7021,bright-s03-l3-single-sample-000-seed-7021_transformer_blocks-3_first_half_s1p0,bright-s03-l3,single,transformer.transformer_blocks.3,dual,3,1.0,first_half,0,322,645,0.0,0.5,q4,0.75,1.0,0.0,False,804.4432983398438,-16.387134284382704,3.5,50,4.0,7021,a neutral and balanced electric organ hum,/outputs/time-localized-brightness-steer-v1/bright-s03-l3/single/bright-s03-l3-single-sample-000-seed-7021-transformer-blocks-3-first-half-s1p0.wav,3.701,774.0982666015625,766.2574462890625,115762,154350
ok,,bright-s03-l3-single-sample-000-seed-7021,bright-s03-l3-single-sample-000-seed-7021_transformer_blocks-3_first_half_s2p0,bright-s03-l3,single,transformer.transformer_blocks.3,dual,3,2.0,first_half,0,322,645,0.0,0.5,q1,0.0,0.25,1.0,True,805.0632934570312,-16.885549983577413,3.5,50,4.0,7021,a neutral and balanced electric organ hum,/outputs/time-localized-brightness-steer-v1/bright-s03-l3/single/bright-s03-l3-single-sample-000-seed-7021-transformer-blocks-3-first-half-s2p0.wav,3.789,890.7044677734375,778.052001953125,0,38588
ok,,bright-s03-l3-single-sample-000-seed-7021,bright-s03-l3-single-sample-000-seed-7021_transformer_blocks-3_first_half_s2p0,bright-s03-l3,single,transformer.transformer_blocks.3,dual,3,2.0,first_half,0,322,645,0.0,0.5,q2,0.25,0.5,1.0,True,805.0632934570312,-16.885549983577413,3.5,50,4.0,7021,a neutral and balanced electric organ hum,/outputs/time-localized-brightness-steer-v1/bright-s03-l3/single/bright-s03-l3-single-sample-000-seed-7021-transformer-blocks-3-first-half-s2p0.wav,3.791,776.4620971679688,771.5855712890625,38588,77175
ok,,bright-s03-l3-single-sample-000-seed-7021,bright-s03-l3-single-sample-000-seed-7021_transformer_blocks-3_first_half_s2p0,bright-s03-l3,single,transformer.transformer_blocks.3,dual,3,2.0,first_half,0,322,645,0.0,0.5,q3,0.5,0.75,0.0,False,805.0632934570312,-16.885549983577413,3.5,50,4.0,7021,a neutral and balanced electric organ hum,/outputs/time-localized-brightness-steer-v1/bright-s03-l3/single/bright-s03-l3-single-sample-000-seed-7021-transformer-blocks-3-first-half-s2p0.wav,3.792,780.59765625,778.0226440429688,77175,115762
ok,,bright-s03-l3-single-sample-000-seed-7021,bright-s03-l3-single-sample-000-seed-7021_transformer_blocks-3_first_half_s2p0,bright-s03-l3,single,transformer.transformer_blocks.3,dual,3,2.0,first_half,0,322,645,0.0,0.5,q4,0.75,1.0,0.0,False,805.0632934570312,-16.885549983577413,3.5,50,4.0,7021,a neutral and balanced electric organ hum,/outputs/time-localized-brightness-steer-v1/bright-s03-l3/single/bright-s03-l3-single-sample-000-seed-7021-transformer-blocks-3-first-half-s2p0.wav,3.793,775.882568359375,768.2324829101562,115762,154350
ok,,bright-s03-l3-single-sample-000-seed-7021,bright-s03-l3-single-sample-000-seed-7021_transformer_blocks-3_first_half_s4p0,bright-s03-l3,single,transformer.transformer_blocks.3,dual,3,4.0,first_half,0,322,645,0.0,0.5,q1,0.0,0.25,1.0,True,800.4638061523438,-18.121569041906262,3.5,50,4.0,7021,a neutral and balanced electric organ hum,/outputs/time-localized-brightness-steer-v1/bright-s03-l3/single/bright-s03-l3-single-sample-000-seed-7021-transformer-blocks-3-first-half-s4p0.wav,4.002,849.10205078125,786.1248779296875,0,38588
ok,,bright-s03-l3-single-sample-000-seed-7021,bright-s03-l3-single-sample-000-seed-7021_transformer_blocks-3_first_half_s4p0,bright-s03-l3,single,transformer.transformer_blocks.3,dual,3,4.0,first_half,0,322,645,0.0,0.5,q2,0.25,0.5,1.0,True,800.4638061523438,-18.121569041906262,3.5,50,4.0,7021,a neutral and balanced electric organ hum,/outputs/time-localized-brightness-steer-v1/bright-s03-l3/single/bright-s03-l3-single-sample-000-seed-7021-transformer-blocks-3-first-half-s4p0.wav,4.004,783.15771484375,778.6571655273438,38588,77175
ok,,bright-s03-l3-single-sample-000-seed-7021,bright-s03-l3-single-sample-000-seed-7021_transformer_blocks-3_first_half_s4p0,bright-s03-l3,single,transformer.transformer_blocks.3,dual,3,4.0,first_half,0,322,645,0.0,0.5,q3,0.5,0.75,0.0,False,800.4638061523438,-18.121569041906262,3.5,50,4.0,7021,a neutral and balanced electric organ hum,/outputs/time-localized-brightness-steer-v1/bright-s03-l3/single/bright-s03-l3-single-sample-000-seed-7021-transformer-blocks-3-first-half-s4p0.wav,4.005,790.5613403320312,787.63232421875,77175,115762
ok,,bright-s03-l3-single-sample-000-seed-7021,bright-s03-l3-single-sample-000-seed-7021_transformer_blocks-3_first_half_s4p0,bright-s03-l3,single,transformer.transformer_blocks.3,dual,3,4.0,first_half,0,322,645,0.0,0.5,q4,0.75,1.0,0.0,False,800.4638061523438,-18.121569041906262,3.5,50,4.0,7021,a neutral and balanced electric organ hum,/outputs/time-localized-brightness-steer-v1/bright-s03-l3/single/bright-s03-l3-single-sample-000-seed-7021-transformer-blocks-3-first-half-s4p0.wav,4.006,783.1954956054688,777.4645385742188,115762,154350
ok,,bright-s03-l3-single-sample-000-seed-7021,bright-s03-l3-single-sample-000-seed-7021_transformer_blocks-3_middle_half_s0p0,bright-s03-l3,single,transformer.transformer_blocks.3,dual,3,0.0,middle_half,161,484,645,0.25,0.75,q1,0.0,0.25,0.0,False,801.995849609375,-15.942543476304497,3.5,50,4.0,7021,a neutral and balanced electric organ hum,/outputs/time-localized-brightness-steer-v1/bright-s03-l3/single/bright-s03-l3-single-sample-000-seed-7021-transformer-blocks-3-middle-half-s0p0.wav,3.291,896.6005249023438,774.0750732421875,0,38588
ok,,bright-s03-l3-single-sample-000-seed-7021,bright-s03-l3-single-sample-000-seed-7021_transformer_blocks-3_middle_half_s0p0,bright-s03-l3,single,transformer.transformer_blocks.3,dual,3,0.0,middle_half,161,484,645,0.25,0.75,q2,0.25,0.5,1.0,True,801.995849609375,-15.942543476304497,3.5,50,4.0,7021,a neutral and balanced electric organ hum,/outputs/time-localized-brightness-steer-v1/bright-s03-l3/single/bright-s03-l3-single-sample-000-seed-7021-transformer-blocks-3-middle-half-s0p0.wav,3.293,769.7344360351562,763.4637451171875,38588,77175
ok,,bright-s03-l3-single-sample-000-seed-7021,bright-s03-l3-single-sample-000-seed-7021_transformer_blocks-3_middle_half_s0p0,bright-s03-l3,single,transformer.transformer_blocks.3,dual,3,0.0,middle_half,161,484,645,0.25,0.75,q3,0.5,0.75,1.0,True,801.995849609375,-15.942543476304497,3.5,50,4.0,7021,a neutral and balanced electric organ hum,/outputs/time-localized-brightness-steer-v1/bright-s03-l3/single/bright-s03-l3-single-sample-000-seed-7021-transformer-blocks-3-middle-half-s0p0.wav,3.294,774.556884765625,772.5481567382812,77175,115762
ok,,bright-s03-l3-single-sample-000-seed-7021,bright-s03-l3-single-sample-000-seed-7021_transformer_blocks-3_middle_half_s0p0,bright-s03-l3,single,transformer.transformer_blocks.3,dual,3,0.0,middle_half,161,484,645,0.25,0.75,q4,0.75,1.0,0.0,False,801.995849609375,-15.942543476304497,3.5,50,4.0,7021,a neutral and balanced electric organ hum,/outputs/time-localized-brightness-steer-v1/bright-s03-l3/single/bright-s03-l3-single-sample-000-seed-7021-transformer-blocks-3-middle-half-s0p0.wav,3.296,771.2638549804688,764.7538452148438,115762,154350
ok,,bright-s03-l3-single-sample-000-seed-7021,bright-s03-l3-single-sample-000-seed-7021_transformer_blocks-3_middle_half_s1p0,bright-s03-l3,single,transformer.transformer_blocks.3,dual,3,1.0,middle_half,161,484,645,0.25,0.75,q1,0.0,0.25,0.0,False,808.235107421875,-16.429650687283235,3.5,50,4.0,7021,a neutral and balanced electric organ hum,/outputs/time-localized-brightness-steer-v1/bright-s03-l3/single/bright-s03-l3-single-sample-000-seed-7021-transformer-blocks-3-middle-half-s1p0.wav,4.947,901.5059814453125,778.4647827148438,0,38588
ok,,bright-s03-l3-single-sample-000-seed-7021,bright-s03-l3-single-sample-000-seed-7021_transformer_blocks-3_middle_half_s1p0,bright-s03-l3,single,transformer.transformer_blocks.3,dual,3,1.0,middle_half,161,484,645,0.25,0.75,q2,0.25,0.5,1.0,True,808.235107421875,-16.429650687283235,3.5,50,4.0,7021,a neutral and balanced electric organ hum,/outputs/time-localized-brightness-steer-v1/bright-s03-l3/single/bright-s03-l3-single-sample-000-seed-7021-transformer-blocks-3-middle-half-s1p0.wav,4.948,777.16748046875,770.8667602539062,38588,77175
ok,,bright-s03-l3-single-sample-000-seed-7021,bright-s03-l3-single-sample-000-seed-7021_transformer_blocks-3_middle_half_s1p0,bright-s03-l3,single,transformer.transformer_blocks.3,dual,3,1.0,middle_half,161,484,645,0.25,0.75,q3,0.5,0.75,1.0,True,808.235107421875,-16.429650687283235,3.5,50,4.0,7021,a neutral and balanced electric organ hum,/outputs/time-localized-brightness-steer-v1/bright-s03-l3/single/bright-s03-l3-single-sample-000-seed-7021-transformer-blocks-3-middle-half-s1p0.wav,4.95,781.2190551757812,778.8635864257812,77175,115762
ok,,bright-s03-l3-single-sample-000-seed-7021,bright-s03-l3-single-sample-000-seed-7021_transformer_blocks-3_middle_half_s1p0,bright-s03-l3,single,transformer.transformer_blocks.3,dual,3,1.0,middle_half,161,484,645,0.25,0.75,q4,0.75,1.0,0.0,False,808.235107421875,-16.429650687283235,3.5,50,4.0,7021,a neutral and balanced electric organ hum,/outputs/time-localized-brightness-steer-v1/bright-s03-l3/single/bright-s03-l3-single-sample-000-seed-7021-transformer-blocks-3-middle-half-s1p0.wav,4.951,777.3661499023438,769.5914306640625,115762,154350
ok,,bright-s03-l3-single-sample-000-seed-7021,bright-s03-l3-single-sample-000-seed-7021_transformer_blocks-3_middle_half_s2p0,bright-s03-l3,single,transformer.transformer_blocks.3,dual,3,2.0,middle_half,161,484,645,0.25,0.75,q1,0.0,0.25,0.0,False,812.7291259765625,-16.96581631553023,3.5,50,4.0,7021,a neutral and balanced electric organ hum,/outputs/time-localized-brightness-steer-v1/bright-s03-l3/single/bright-s03-l3-single-sample-000-seed-7021-transformer-blocks-3-middle-half-s2p0.wav,3.564,901.96142578125,786.0698852539062,0,38588
ok,,bright-s03-l3-single-sample-000-seed-7021,bright-s03-l3-single-sample-000-seed-7021_transformer_blocks-3_middle_half_s2p0,bright-s03-l3,single,transformer.transformer_blocks.3,dual,3,2.0,middle_half,161,484,645,0.25,0.75,q2,0.25,0.5,1.0,True,812.7291259765625,-16.96581631553023,3.5,50,4.0,7021,a neutral and balanced electric organ hum,/outputs/time-localized-brightness-steer-v1/bright-s03-l3/single/bright-s03-l3-single-sample-000-seed-7021-transformer-blocks-3-middle-half-s2p0.wav,3.565,782.8870239257812,776.580078125,38588,77175
ok,,bright-s03-l3-single-sample-000-seed-7021,bright-s03-l3-single-sample-000-seed-7021_transformer_blocks-3_middle_half_s2p0,bright-s03-l3,single,transformer.transformer_blocks.3,dual,3,2.0,middle_half,161,484,645,0.25,0.75,q3,0.5,0.75,1.0,True,812.7291259765625,-16.96581631553023,3.5,50,4.0,7021,a neutral and balanced electric organ hum,/outputs/time-localized-brightness-steer-v1/bright-s03-l3/single/bright-s03-l3-single-sample-000-seed-7021-transformer-blocks-3-middle-half-s2p0.wav,3.566,787.28515625,785.5929565429688,77175,115762
ok,,bright-s03-l3-single-sample-000-seed-7021,bright-s03-l3-single-sample-000-seed-7021_transformer_blocks-3_middle_half_s2p0,bright-s03-l3,single,transformer.transformer_blocks.3,dual,3,2.0,middle_half,161,484,645,0.25,0.75,q4,0.75,1.0,0.0,False,812.7291259765625,-16.96581631553023,3.5,50,4.0,7021,a neutral and balanced electric organ hum,/outputs/time-localized-brightness-steer-v1/bright-s03-l3/single/bright-s03-l3-single-sample-000-seed-7021-transformer-blocks-3-middle-half-s2p0.wav,3.567,782.203125,773.6658935546875,115762,154350
ok,,bright-s03-l3-single-sample-000-seed-7021,bright-s03-l3-single-sample-000-seed-7021_transformer_blocks-3_middle_half_s4p0,bright-s03-l3,single,transformer.transformer_blocks.3,dual,3,4.0,middle_half,161,484,645,0.25,0.75,q1,0.0,0.25,0.0,False,816.5938720703125,-18.25819637136082,3.5,50,4.0,7021,a neutral and balanced electric organ hum,/outputs/time-localized-brightness-steer-v1/bright-s03-l3/single/bright-s03-l3-single-sample-000-seed-7021-transformer-blocks-3-middle-half-s4p0.wav,3.686,875.2254028320312,799.3281860351562,0,38588
ok,,bright-s03-l3-single-sample-000-seed-7021,bright-s03-l3-single-sample-000-seed-7021_transformer_blocks-3_middle_half_s4p0,bright-s03-l3,single,transformer.transformer_blocks.3,dual,3,4.0,middle_half,161,484,645,0.25,0.75,q2,0.25,0.5,1.0,True,816.5938720703125,-18.25819637136082,3.5,50,4.0,7021,a neutral and balanced electric organ hum,/outputs/time-localized-brightness-steer-v1/bright-s03-l3/single/bright-s03-l3-single-sample-000-seed-7021-transformer-blocks-3-middle-half-s4p0.wav,3.687,795.2763061523438,790.1630859375,38588,77175
ok,,bright-s03-l3-single-sample-000-seed-7021,bright-s03-l3-single-sample-000-seed-7021_transformer_blocks-3_middle_half_s4p0,bright-s03-l3,single,transformer.transformer_blocks.3,dual,3,4.0,middle_half,161,484,645,0.25,0.75,q3,0.5,0.75,1.0,True,816.5938720703125,-18.25819637136082,3.5,50,4.0,7021,a neutral and balanced electric organ hum,/outputs/time-localized-brightness-steer-v1/bright-s03-l3/single/bright-s03-l3-single-sample-000-seed-7021-transformer-blocks-3-middle-half-s4p0.wav,3.689,804.0805053710938,801.4439086914062,77175,115762
ok,,bright-s03-l3-single-sample-000-seed-7021,bright-s03-l3-single-sample-000-seed-7021_transformer_blocks-3_middle_half_s4p0,bright-s03-l3,single,transformer.transformer_blocks.3,dual,3,4.0,middle_half,161,484,645,0.25,0.75,q4,0.75,1.0,0.0,False,816.5938720703125,-18.25819637136082,3.5,50,4.0,7021,a neutral and balanced electric organ hum,/outputs/time-localized-brightness-steer-v1/bright-s03-l3/single/bright-s03-l3-single-sample-000-seed-7021-transformer-blocks-3-middle-half-s4p0.wav,3.69,795.8038940429688,790.3369140625,115762,154350
ok,,bright-s03-l3-single-sample-000-seed-7021,bright-s03-l3-single-sample-000-seed-7021_transformer_blocks-3_second_half_s0p0,bright-s03-l3,single,transformer.transformer_blocks.3,dual,3,0.0,second_half,322,645,645,0.5,1.0,q1,0.0,0.25,0.0,False,801.995849609375,-15.942543476304497,3.5,50,4.0,7021,a neutral and balanced electric organ hum,/outputs/time-localized-brightness-steer-v1/bright-s03-l3/single/bright-s03-l3-single-sample-000-seed-7021-transformer-blocks-3-second-half-s0p0.wav,3.514,896.6005249023438,774.0750732421875,0,38588
ok,,bright-s03-l3-single-sample-000-seed-7021,bright-s03-l3-single-sample-000-seed-7021_transformer_blocks-3_second_half_s0p0,bright-s03-l3,single,transformer.transformer_blocks.3,dual,3,0.0,second_half,322,645,645,0.5,1.0,q2,0.25,0.5,0.0,False,801.995849609375,-15.942543476304497,3.5,50,4.0,7021,a neutral and balanced electric organ hum,/outputs/time-localized-brightness-steer-v1/bright-s03-l3/single/bright-s03-l3-single-sample-000-seed-7021-transformer-blocks-3-second-half-s0p0.wav,3.516,769.7344360351562,763.4637451171875,38588,77175
ok,,bright-s03-l3-single-sample-000-seed-7021,bright-s03-l3-single-sample-000-seed-7021_transformer_blocks-3_second_half_s0p0,bright-s03-l3,single,transformer.transformer_blocks.3,dual,3,0.0,second_half,322,645,645,0.5,1.0,q3,0.5,0.75,1.0,True,801.995849609375,-15.942543476304497,3.5,50,4.0,7021,a neutral and balanced electric organ hum,/outputs/time-localized-brightness-steer-v1/bright-s03-l3/single/bright-s03-l3-single-sample-000-seed-7021-transformer-blocks-3-second-half-s0p0.wav,3.517,774.556884765625,772.5481567382812,77175,115762
ok,,bright-s03-l3-single-sample-000-seed-7021,bright-s03-l3-single-sample-000-seed-7021_transformer_blocks-3_second_half_s0p0,bright-s03-l3,single,transformer.transformer_blocks.3,dual,3,0.0,second_half,322,645,645,0.5,1.0,q4,0.75,1.0,1.0,True,801.995849609375,-15.942543476304497,3.5,50,4.0,7021,a neutral and balanced electric organ hum,/outputs/time-localized-brightness-steer-v1/bright-s03-l3/single/bright-s03-l3-single-sample-000-seed-7021-transformer-blocks-3-second-half-s0p0.wav,3.518,771.2638549804688,764.7538452148438,115762,154350
ok,,bright-s03-l3-single-sample-000-seed-7021,bright-s03-l3-single-sample-000-seed-7021_transformer_blocks-3_second_half_s1p0,bright-s03-l3,single,transformer.transformer_blocks.3,dual,3,1.0,second_half,322,645,645,0.5,1.0,q1,0.0,0.25,0.0,False,808.580322265625,-16.42055488184989,3.5,50,4.0,7021,a neutral and balanced electric organ hum,/outputs/time-localized-brightness-steer-v1/bright-s03-l3/single/bright-s03-l3-single-sample-000-seed-7021-transformer-blocks-3-second-half-s1p0.wav,3.969,902.35888671875,779.5697631835938,0,38588
ok,,bright-s03-l3-single-sample-000-seed-7021,bright-s03-l3-single-sample-000-seed-7021_transformer_blocks-3_second_half_s1p0,bright-s03-l3,single,transformer.transformer_blocks.3,dual,3,1.0,second_half,322,645,645,0.5,1.0,q2,0.25,0.5,0.0,False,808.580322265625,-16.42055488184989,3.5,50,4.0,7021,a neutral and balanced electric organ hum,/outputs/time-localized-brightness-steer-v1/bright-s03-l3/single/bright-s03-l3-single-sample-000-seed-7021-transformer-blocks-3-second-half-s1p0.wav,3.97,777.097412109375,770.7787475585938,38588,77175
ok,,bright-s03-l3-single-sample-000-seed-7021,bright-s03-l3-single-sample-000-seed-7021_transformer_blocks-3_second_half_s1p0,bright-s03-l3,single,transformer.transformer_blocks.3,dual,3,1.0,second_half,322,645,645,0.5,1.0,q3,0.5,0.75,1.0,True,808.580322265625,-16.42055488184989,3.5,50,4.0,7021,a neutral and balanced electric organ hum,/outputs/time-localized-brightness-steer-v1/bright-s03-l3/single/bright-s03-l3-single-sample-000-seed-7021-transformer-blocks-3-second-half-s1p0.wav,3.971,781.5476684570312,779.22021484375,77175,115762
ok,,bright-s03-l3-single-sample-000-seed-7021,bright-s03-l3-single-sample-000-seed-7021_transformer_blocks-3_second_half_s1p0,bright-s03-l3,single,transformer.transformer_blocks.3,dual,3,1.0,second_half,322,645,645,0.5,1.0,q4,0.75,1.0,1.0,True,808.580322265625,-16.42055488184989,3.5,50,4.0,7021,a neutral and balanced electric organ hum,/outputs/time-localized-brightness-steer-v1/bright-s03-l3/single/bright-s03-l3-single-sample-000-seed-7021-transformer-blocks-3-second-half-s1p0.wav,3.972,777.6416625976562,770.2781372070312,115762,154350
ok,,bright-s03-l3-single-sample-000-seed-7021,bright-s03-l3-single-sample-000-seed-7021_transformer_blocks-3_second_half_s2p0,bright-s03-l3,single,transformer.transformer_blocks.3,dual,3,2.0,second_half,322,645,645,0.5,1.0,q1,0.0,0.25,0.0,False,813.6602172851562,-16.939895273898987,3.5,50,4.0,7021,a neutral and balanced electric organ hum,/outputs/time-localized-brightness-steer-v1/bright-s03-l3/single/bright-s03-l3-single-sample-000-seed-7021-transformer-blocks-3-second-half-s2p0.wav,3.729,904.760498046875,786.7286376953125,0,38588
ok,,bright-s03-l3-single-sample-000-seed-7021,bright-s03-l3-single-sample-000-seed-7021_transformer_blocks-3_second_half_s2p0,bright-s03-l3,single,transformer.transformer_blocks.3,dual,3,2.0,second_half,322,645,645,0.5,1.0,q2,0.25,0.5,0.0,False,813.6602172851562,-16.939895273898987,3.5,50,4.0,7021,a neutral and balanced electric organ hum,/outputs/time-localized-brightness-steer-v1/bright-s03-l3/single/bright-s03-l3-single-sample-000-seed-7021-transformer-blocks-3-second-half-s2p0.wav,3.731,782.3536376953125,776.2691040039062,38588,77175
ok,,bright-s03-l3-single-sample-000-seed-7021,bright-s03-l3-single-sample-000-seed-7021_transformer_blocks-3_second_half_s2p0,bright-s03-l3,single,transformer.transformer_blocks.3,dual,3,2.0,second_half,322,645,645,0.5,1.0,q3,0.5,0.75,1.0,True,813.6602172851562,-16.939895273898987,3.5,50,4.0,7021,a neutral and balanced electric organ hum,/outputs/time-localized-brightness-steer-v1/bright-s03-l3/single/bright-s03-l3-single-sample-000-seed-7021-transformer-blocks-3-second-half-s2p0.wav,3.732,788.1055908203125,786.0733032226562,77175,115762
ok,,bright-s03-l3-single-sample-000-seed-7021,bright-s03-l3-single-sample-000-seed-7021_transformer_blocks-3_second_half_s2p0,bright-s03-l3,single,transformer.transformer_blocks.3,dual,3,2.0,second_half,322,645,645,0.5,1.0,q4,0.75,1.0,1.0,True,813.6602172851562,-16.939895273898987,3.5,50,4.0,7021,a neutral and balanced electric organ hum,/outputs/time-localized-brightness-steer-v1/bright-s03-l3/single/bright-s03-l3-single-sample-000-seed-7021-transformer-blocks-3-second-half-s2p0.wav,3.733,782.8701782226562,775.0098876953125,115762,154350
ok,,bright-s03-l3-single-sample-000-seed-7021,bright-s03-l3-single-sample-000-seed-7021_transformer_blocks-3_second_half_s4p0,bright-s03-l3,single,transformer.transformer_blocks.3,dual,3,4.0,second_half,322,645,645,0.5,1.0,q1,0.0,0.25,0.0,False,819.063720703125,-18.175824496338965,3.5,50,4.0,7021,a neutral and balanced electric organ hum,/outputs/time-localized-brightness-steer-v1/bright-s03-l3/single/bright-s03-l3-single-sample-000-seed-7021-transformer-blocks-3-second-half-s4p0.wav,11.019,882.8726196289062,801.7615356445312,0,38588
ok,,bright-s03-l3-single-sample-000-seed-7021,bright-s03-l3-single-sample-000-seed-7021_transformer_blocks-3_second_half_s4p0,bright-s03-l3,single,transformer.transformer_blocks.3,dual,3,4.0,second_half,322,645,645,0.5,1.0,q2,0.25,0.5,0.0,False,819.063720703125,-18.175824496338965,3.5,50,4.0,7021,a neutral and balanced electric organ hum,/outputs/time-localized-brightness-steer-v1/bright-s03-l3/single/bright-s03-l3-single-sample-000-seed-7021-transformer-blocks-3-second-half-s4p0.wav,11.021,794.4049682617188,790.8880004882812,38588,77175
ok,,bright-s03-l3-single-sample-000-seed-7021,bright-s03-l3-single-sample-000-seed-7021_transformer_blocks-3_second_half_s4p0,bright-s03-l3,single,transformer.transformer_blocks.3,dual,3,4.0,second_half,322,645,645,0.5,1.0,q3,0.5,0.75,1.0,True,819.063720703125,-18.175824496338965,3.5,50,4.0,7021,a neutral and balanced electric organ hum,/outputs/time-localized-brightness-steer-v1/bright-s03-l3/single/bright-s03-l3-single-sample-000-seed-7021-transformer-blocks-3-second-half-s4p0.wav,11.022,805.306640625,804.0291748046875,77175,115762
ok,,bright-s03-l3-single-sample-000-seed-7021,bright-s03-l3-single-sample-000-seed-7021_transformer_blocks-3_second_half_s4p0,bright-s03-l3,single,transformer.transformer_blocks.3,dual,3,4.0,second_half,322,645,645,0.5,1.0,q4,0.75,1.0,1.0,True,819.063720703125,-18.175824496338965,3.5,50,4.0,7021,a neutral and balanced electric organ hum,/outputs/time-localized-brightness-steer-v1/bright-s03-l3/single/bright-s03-l3-single-sample-000-seed-7021-transformer-blocks-3-second-half-s4p0.wav,11.023,797.4633178710938,790.6514282226562,115762,154350
ok,,bright-s04-l3-single-sample-000-seed-7027,bright-s04-l3-single-sample-000-seed-7027_transformer_blocks-3_first_half_s0p0,bright-s04-l3,single,transformer.transformer_blocks.3,dual,3,0.0,first_half,0,322,645,0.0,0.5,q1,0.0,0.25,1.0,True,1148.9371337890625,-25.310631922831483,3.5,50,4.0,7027,a neutral and balanced blowing wind,/outputs/time-localized-brightness-steer-v1/bright-s04-l3/single/bright-s04-l3-single-sample-000-seed-7027-transformer-blocks-3-first-half-s0p0.wav,4.537,1200.6614990234375,1289.5709228515625,0,38588
ok,,bright-s04-l3-single-sample-000-seed-7027,bright-s04-l3-single-sample-000-seed-7027_transformer_blocks-3_first_half_s0p0,bright-s04-l3,single,transformer.transformer_blocks.3,dual,3,0.0,first_half,0,322,645,0.0,0.5,q2,0.25,0.5,1.0,True,1148.9371337890625,-25.310631922831483,3.5,50,4.0,7027,a neutral and balanced blowing wind,/outputs/time-localized-brightness-steer-v1/bright-s04-l3/single/bright-s04-l3-single-sample-000-seed-7027-transformer-blocks-3-first-half-s0p0.wav,4.538,1028.3349609375,881.6973266601562,38588,77175
ok,,bright-s04-l3-single-sample-000-seed-7027,bright-s04-l3-single-sample-000-seed-7027_transformer_blocks-3_first_half_s0p0,bright-s04-l3,single,transformer.transformer_blocks.3,dual,3,0.0,first_half,0,322,645,0.0,0.5,q3,0.5,0.75,0.0,False,1148.9371337890625,-25.310631922831483,3.5,50,4.0,7027,a neutral and balanced blowing wind,/outputs/time-localized-brightness-steer-v1/bright-s04-l3/single/bright-s04-l3-single-sample-000-seed-7027-transformer-blocks-3-first-half-s0p0.wav,4.539,1534.8087158203125,1522.702392578125,77175,115762
ok,,bright-s04-l3-single-sample-000-seed-7027,bright-s04-l3-single-sample-000-seed-7027_transformer_blocks-3_first_half_s0p0,bright-s04-l3,single,transformer.transformer_blocks.3,dual,3,0.0,first_half,0,322,645,0.0,0.5,q4,0.75,1.0,0.0,False,1148.9371337890625,-25.310631922831483,3.5,50,4.0,7027,a neutral and balanced blowing wind,/outputs/time-localized-brightness-steer-v1/bright-s04-l3/single/bright-s04-l3-single-sample-000-seed-7027-transformer-blocks-3-first-half-s0p0.wav,4.54,842.5733032226562,754.13525390625,115762,154350
ok,,bright-s04-l3-single-sample-000-seed-7027,bright-s04-l3-single-sample-000-seed-7027_transformer_blocks-3_first_half_s1p0,bright-s04-l3,single,transformer.transformer_blocks.3,dual,3,1.0,first_half,0,322,645,0.0,0.5,q1,0.0,0.25,1.0,True,1210.692138671875,-25.940400455466527,3.5,50,4.0,7027,a neutral and balanced blowing wind,/outputs/time-localized-brightness-steer-v1/bright-s04-l3/single/bright-s04-l3-single-sample-000-seed-7027-transformer-blocks-3-first-half-s1p0.wav,3.514,1262.5042724609375,1367.1265869140625,0,38588
ok,,bright-s04-l3-single-sample-000-seed-7027,bright-s04-l3-single-sample-000-seed-7027_transformer_blocks-3_first_half_s1p0,bright-s04-l3,single,transformer.transformer_blocks.3,dual,3,1.0,first_half,0,322,645,0.0,0.5,q2,0.25,0.5,1.0,True,1210.692138671875,-25.940400455466527,3.5,50,4.0,7027,a neutral and balanced blowing wind,/outputs/time-localized-brightness-steer-v1/bright-s04-l3/single/bright-s04-l3-single-sample-000-seed-7027-transformer-blocks-3-first-half-s1p0.wav,3.515,1098.86083984375,960.7628784179688,38588,77175
ok,,bright-s04-l3-single-sample-000-seed-7027,bright-s04-l3-single-sample-000-seed-7027_transformer_blocks-3_first_half_s1p0,bright-s04-l3,single,transformer.transformer_blocks.3,dual,3,1.0,first_half,0,322,645,0.0,0.5,q3,0.5,0.75,0.0,False,1210.692138671875,-25.940400455466527,3.5,50,4.0,7027,a neutral and balanced blowing wind,/outputs/time-localized-brightness-steer-v1/bright-s04-l3/single/bright-s04-l3-single-sample-000-seed-7027-transformer-blocks-3-first-half-s1p0.wav,3.516,1609.8958740234375,1603.2432861328125,77175,115762
ok,,bright-s04-l3-single-sample-000-seed-7027,bright-s04-l3-single-sample-000-seed-7027_transformer_blocks-3_first_half_s1p0,bright-s04-l3,single,transformer.transformer_blocks.3,dual,3,1.0,first_half,0,322,645,0.0,0.5,q4,0.75,1.0,0.0,False,1210.692138671875,-25.940400455466527,3.5,50,4.0,7027,a neutral and balanced blowing wind,/outputs/time-localized-brightness-steer-v1/bright-s04-l3/single/bright-s04-l3-single-sample-000-seed-7027-transformer-blocks-3-first-half-s1p0.wav,3.517,881.4178466796875,786.0840454101562,115762,154350
ok,,bright-s04-l3-single-sample-000-seed-7027,bright-s04-l3-single-sample-000-seed-7027_transformer_blocks-3_first_half_s2p0,bright-s04-l3,single,transformer.transformer_blocks.3,dual,3,2.0,first_half,0,322,645,0.0,0.5,q1,0.0,0.25,1.0,True,1277.23876953125,-26.602367347811587,3.5,50,4.0,7027,a neutral and balanced blowing wind,/outputs/time-localized-brightness-steer-v1/bright-s04-l3/single/bright-s04-l3-single-sample-000-seed-7027-transformer-blocks-3-first-half-s2p0.wav,6.617,1328.750244140625,1406.6602783203125,0,38588
ok,,bright-s04-l3-single-sample-000-seed-7027,bright-s04-l3-single-sample-000-seed-7027_transformer_blocks-3_first_half_s2p0,bright-s04-l3,single,transformer.transformer_blocks.3,dual,3,2.0,first_half,0,322,645,0.0,0.5,q2,0.25,0.5,1.0,True,1277.23876953125,-26.602367347811587,3.5,50,4.0,7027,a neutral and balanced blowing wind,/outputs/time-localized-brightness-steer-v1/bright-s04-l3/single/bright-s04-l3-single-sample-000-seed-7027-transformer-blocks-3-first-half-s2p0.wav,6.619,1179.79296875,1050.469970703125,38588,77175
ok,,bright-s04-l3-single-sample-000-seed-7027,bright-s04-l3-single-sample-000-seed-7027_transformer_blocks-3_first_half_s2p0,bright-s04-l3,single,transformer.transformer_blocks.3,dual,3,2.0,first_half,0,322,645,0.0,0.5,q3,0.5,0.75,0.0,False,1277.23876953125,-26.602367347811587,3.5,50,4.0,7027,a neutral and balanced blowing wind,/outputs/time-localized-brightness-steer-v1/bright-s04-l3/single/bright-s04-l3-single-sample-000-seed-7027-transformer-blocks-3-first-half-s2p0.wav,6.62,1683.2049560546875,1678.41845703125,77175,115762
ok,,bright-s04-l3-single-sample-000-seed-7027,bright-s04-l3-single-sample-000-seed-7027_transformer_blocks-3_first_half_s2p0,bright-s04-l3,single,transformer.transformer_blocks.3,dual,3,2.0,first_half,0,322,645,0.0,0.5,q4,0.75,1.0,0.0,False,1277.23876953125,-26.602367347811587,3.5,50,4.0,7027,a neutral and balanced blowing wind,/outputs/time-localized-brightness-steer-v1/bright-s04-l3/single/bright-s04-l3-single-sample-000-seed-7027-transformer-blocks-3-first-half-s2p0.wav,6.621,924.2694091796875,813.37109375,115762,154350
ok,,bright-s04-l3-single-sample-000-seed-7027,bright-s04-l3-single-sample-000-seed-7027_transformer_blocks-3_first_half_s4p0,bright-s04-l3,single,transformer.transformer_blocks.3,dual,3,4.0,first_half,0,322,645,0.0,0.5,q1,0.0,0.25,1.0,True,1431.438720703125,-28.247486654794912,3.5,50,4.0,7027,a neutral and balanced blowing wind,/outputs/time-localized-brightness-steer-v1/bright-s04-l3/single/bright-s04-l3-single-sample-000-seed-7027-transformer-blocks-3-first-half-s4p0.wav,3.702,1486.3201904296875,1565.797607421875,0,38588
ok,,bright-s04-l3-single-sample-000-seed-7027,bright-s04-l3-single-sample-000-seed-7027_transformer_blocks-3_first_half_s4p0,bright-s04-l3,single,transformer.transformer_blocks.3,dual,3,4.0,first_half,0,322,645,0.0,0.5,q2,0.25,0.5,1.0,True,1431.438720703125,-28.247486654794912,3.5,50,4.0,7027,a neutral and balanced blowing wind,/outputs/time-localized-brightness-steer-v1/bright-s04-l3/single/bright-s04-l3-single-sample-000-seed-7027-transformer-blocks-3-first-half-s4p0.wav,3.703,1404.9072265625,1354.96142578125,38588,77175
ok,,bright-s04-l3-single-sample-000-seed-7027,bright-s04-l3-single-sample-000-seed-7027_transformer_blocks-3_first_half_s4p0,bright-s04-l3,single,transformer.transformer_blocks.3,dual,3,4.0,first_half,0,322,645,0.0,0.5,q3,0.5,0.75,0.0,False,1431.438720703125,-28.247486654794912,3.5,50,4.0,7027,a neutral and balanced blowing wind,/outputs/time-localized-brightness-steer-v1/bright-s04-l3/single/bright-s04-l3-single-sample-000-seed-7027-transformer-blocks-3-first-half-s4p0.wav,3.705,1820.6805419921875,1809.81103515625,77175,115762
ok,,bright-s04-l3-single-sample-000-seed-7027,bright-s04-l3-single-sample-000-seed-7027_transformer_blocks-3_first_half_s4p0,bright-s04-l3,single,transformer.transformer_blocks.3,dual,3,4.0,first_half,0,322,645,0.0,0.5,q4,0.75,1.0,0.0,False,1431.438720703125,-28.247486654794912,3.5,50,4.0,7027,a neutral and balanced blowing wind,/outputs/time-localized-brightness-steer-v1/bright-s04-l3/single/bright-s04-l3-single-sample-000-seed-7027-transformer-blocks-3-first-half-s4p0.wav,3.706,1026.67431640625,928.6966552734375,115762,154350
ok,,bright-s04-l3-single-sample-000-seed-7027,bright-s04-l3-single-sample-000-seed-7027_transformer_blocks-3_middle_half_s0p0,bright-s04-l3,single,transformer.transformer_blocks.3,dual,3,0.0,middle_half,161,484,645,0.25,0.75,q1,0.0,0.25,0.0,False,1148.9371337890625,-25.310631922831483,3.5,50,4.0,7027,a neutral and balanced blowing wind,/outputs/time-localized-brightness-steer-v1/bright-s04-l3/single/bright-s04-l3-single-sample-000-seed-7027-transformer-blocks-3-middle-half-s0p0.wav,3.901,1200.6614990234375,1289.5706787109375,0,38588
ok,,bright-s04-l3-single-sample-000-seed-7027,bright-s04-l3-single-sample-000-seed-7027_transformer_blocks-3_middle_half_s0p0,bright-s04-l3,single,transformer.transformer_blocks.3,dual,3,0.0,middle_half,161,484,645,0.25,0.75,q2,0.25,0.5,1.0,True,1148.9371337890625,-25.310631922831483,3.5,50,4.0,7027,a neutral and balanced blowing wind,/outputs/time-localized-brightness-steer-v1/bright-s04-l3/single/bright-s04-l3-single-sample-000-seed-7027-transformer-blocks-3-middle-half-s0p0.wav,3.903,1028.3350830078125,881.6972045898438,38588,77175
ok,,bright-s04-l3-single-sample-000-seed-7027,bright-s04-l3-single-sample-000-seed-7027_transformer_blocks-3_middle_half_s0p0,bright-s04-l3,single,transformer.transformer_blocks.3,dual,3,0.0,middle_half,161,484,645,0.25,0.75,q3,0.5,0.75,1.0,True,1148.9371337890625,-25.310631922831483,3.5,50,4.0,7027,a neutral and balanced blowing wind,/outputs/time-localized-brightness-steer-v1/bright-s04-l3/single/bright-s04-l3-single-sample-000-seed-7027-transformer-blocks-3-middle-half-s0p0.wav,3.904,1534.808837890625,1522.70263671875,77175,115762
ok,,bright-s04-l3-single-sample-000-seed-7027,bright-s04-l3-single-sample-000-seed-7027_transformer_blocks-3_middle_half_s0p0,bright-s04-l3,single,transformer.transformer_blocks.3,dual,3,0.0,middle_half,161,484,645,0.25,0.75,q4,0.75,1.0,0.0,False,1148.9371337890625,-25.310631922831483,3.5,50,4.0,7027,a neutral and balanced blowing wind,/outputs/time-localized-brightness-steer-v1/bright-s04-l3/single/bright-s04-l3-single-sample-000-seed-7027-transformer-blocks-3-middle-half-s0p0.wav,3.904,842.5732421875,754.1353759765625,115762,154350
ok,,bright-s04-l3-single-sample-000-seed-7027,bright-s04-l3-single-sample-000-seed-7027_transformer_blocks-3_middle_half_s1p0,bright-s04-l3,single,transformer.transformer_blocks.3,dual,3,1.0,middle_half,161,484,645,0.25,0.75,q1,0.0,0.25,0.0,False,1183.035400390625,-25.32138492190541,3.5,50,4.0,7027,a neutral and balanced blowing wind,/outputs/time-localized-brightness-steer-v1/bright-s04-l3/single/bright-s04-l3-single-sample-000-seed-7027-transformer-blocks-3-middle-half-s1p0.wav,3.599,1231.6268310546875,1315.6116943359375,0,38588
ok,,bright-s04-l3-single-sample-000-seed-7027,bright-s04-l3-single-sample-000-seed-7027_transformer_blocks-3_middle_half_s1p0,bright-s04-l3,single,transformer.transformer_blocks.3,dual,3,1.0,middle_half,161,484,645,0.25,0.75,q2,0.25,0.5,1.0,True,1183.035400390625,-25.32138492190541,3.5,50,4.0,7027,a neutral and balanced blowing wind,/outputs/time-localized-brightness-steer-v1/bright-s04-l3/single/bright-s04-l3-single-sample-000-seed-7027-transformer-blocks-3-middle-half-s1p0.wav,3.6,1061.2022705078125,917.9033203125,38588,77175
ok,,bright-s04-l3-single-sample-000-seed-7027,bright-s04-l3-single-sample-000-seed-7027_transformer_blocks-3_middle_half_s1p0,bright-s04-l3,single,transformer.transformer_blocks.3,dual,3,1.0,middle_half,161,484,645,0.25,0.75,q3,0.5,0.75,1.0,True,1183.035400390625,-25.32138492190541,3.5,50,4.0,7027,a neutral and balanced blowing wind,/outputs/time-localized-brightness-steer-v1/bright-s04-l3/single/bright-s04-l3-single-sample-000-seed-7027-transformer-blocks-3-middle-half-s1p0.wav,3.601,1591.683349609375,1587.994873046875,77175,115762
ok,,bright-s04-l3-single-sample-000-seed-7027,bright-s04-l3-single-sample-000-seed-7027_transformer_blocks-3_middle_half_s1p0,bright-s04-l3,single,transformer.transformer_blocks.3,dual,3,1.0,middle_half,161,484,645,0.25,0.75,q4,0.75,1.0,0.0,False,1183.035400390625,-25.32138492190541,3.5,50,4.0,7027,a neutral and balanced blowing wind,/outputs/time-localized-brightness-steer-v1/bright-s04-l3/single/bright-s04-l3-single-sample-000-seed-7027-transformer-blocks-3-middle-half-s1p0.wav,3.602,859.2442626953125,767.9529418945312,115762,154350
ok,,bright-s04-l3-single-sample-000-seed-7027,bright-s04-l3-single-sample-000-seed-7027_transformer_blocks-3_middle_half_s2p0,bright-s04-l3,single,transformer.transformer_blocks.3,dual,3,2.0,middle_half,161,484,645,0.25,0.75,q1,0.0,0.25,0.0,False,1216.1474609375,-25.380338719251732,3.5,50,4.0,7027,a neutral and balanced blowing wind,/outputs/time-localized-brightness-steer-v1/bright-s04-l3/single/bright-s04-l3-single-sample-000-seed-7027-transformer-blocks-3-middle-half-s2p0.wav,3.65,1261.925537109375,1325.794677734375,0,38588
ok,,bright-s04-l3-single-sample-000-seed-7027,bright-s04-l3-single-sample-000-seed-7027_transformer_blocks-3_middle_half_s2p0,bright-s04-l3,single,transformer.transformer_blocks.3,dual,3,2.0,middle_half,161,484,645,0.25,0.75,q2,0.25,0.5,1.0,True,1216.1474609375,-25.380338719251732,3.5,50,4.0,7027,a neutral and balanced blowing wind,/outputs/time-localized-brightness-steer-v1/bright-s04-l3/single/bright-s04-l3-single-sample-000-seed-7027-transformer-blocks-3-middle-half-s2p0.wav,3.652,1092.07177734375,946.6372680664062,38588,77175
ok,,bright-s04-l3-single-sample-000-seed-7027,bright-s04-l3-single-sample-000-seed-7027_transformer_blocks-3_middle_half_s2p0,bright-s04-l3,single,transformer.transformer_blocks.3,dual,3,2.0,middle_half,161,484,645,0.25,0.75,q3,0.5,0.75,1.0,True,1216.1474609375,-25.380338719251732,3.5,50,4.0,7027,a neutral and balanced blowing wind,/outputs/time-localized-brightness-steer-v1/bright-s04-l3/single/bright-s04-l3-single-sample-000-seed-7027-transformer-blocks-3-middle-half-s2p0.wav,3.653,1646.49560546875,1648.941650390625,77175,115762
ok,,bright-s04-l3-single-sample-000-seed-7027,bright-s04-l3-single-sample-000-seed-7027_transformer_blocks-3_middle_half_s2p0,bright-s04-l3,single,transformer.transformer_blocks.3,dual,3,2.0,middle_half,161,484,645,0.25,0.75,q4,0.75,1.0,0.0,False,1216.1474609375,-25.380338719251732,3.5,50,4.0,7027,a neutral and balanced blowing wind,/outputs/time-localized-brightness-steer-v1/bright-s04-l3/single/bright-s04-l3-single-sample-000-seed-7027-transformer-blocks-3-middle-half-s2p0.wav,3.654,876.0949096679688,782.7754516601562,115762,154350
ok,,bright-s04-l3-single-sample-000-seed-7027,bright-s04-l3-single-sample-000-seed-7027_transformer_blocks-3_middle_half_s4p0,bright-s04-l3,single,transformer.transformer_blocks.3,dual,3,4.0,middle_half,161,484,645,0.25,0.75,q1,0.0,0.25,0.0,False,1280.9306640625,-25.469488267150094,3.5,50,4.0,7027,a neutral and balanced blowing wind,/outputs/time-localized-brightness-steer-v1/bright-s04-l3/single/bright-s04-l3-single-sample-000-seed-7027-transformer-blocks-3-middle-half-s4p0.wav,3.787,1315.2275390625,1410.3485107421875,0,38588
ok,,bright-s04-l3-single-sample-000-seed-7027,bright-s04-l3-single-sample-000-seed-7027_transformer_blocks-3_middle_half_s4p0,bright-s04-l3,single,transformer.transformer_blocks.3,dual,3,4.0,middle_half,161,484,645,0.25,0.75,q2,0.25,0.5,1.0,True,1280.9306640625,-25.469488267150094,3.5,50,4.0,7027,a neutral and balanced blowing wind,/outputs/time-localized-brightness-steer-v1/bright-s04-l3/single/bright-s04-l3-single-sample-000-seed-7027-transformer-blocks-3-middle-half-s4p0.wav,3.789,1152.1407470703125,1008.3524169921875,38588,77175
ok,,bright-s04-l3-single-sample-000-seed-7027,bright-s04-l3-single-sample-000-seed-7027_transformer_blocks-3_middle_half_s4p0,bright-s04-l3,single,transformer.transformer_blocks.3,dual,3,4.0,middle_half,161,484,645,0.25,0.75,q3,0.5,0.75,1.0,True,1280.9306640625,-25.469488267150094,3.5,50,4.0,7027,a neutral and balanced blowing wind,/outputs/time-localized-brightness-steer-v1/bright-s04-l3/single/bright-s04-l3-single-sample-000-seed-7027-transformer-blocks-3-middle-half-s4p0.wav,3.79,1756.264404296875,1749.25146484375,77175,115762
ok,,bright-s04-l3-single-sample-000-seed-7027,bright-s04-l3-single-sample-000-seed-7027_transformer_blocks-3_middle_half_s4p0,bright-s04-l3,single,transformer.transformer_blocks.3,dual,3,4.0,middle_half,161,484,645,0.25,0.75,q4,0.75,1.0,0.0,False,1280.9306640625,-25.469488267150094,3.5,50,4.0,7027,a neutral and balanced blowing wind,/outputs/time-localized-brightness-steer-v1/bright-s04-l3/single/bright-s04-l3-single-sample-000-seed-7027-transformer-blocks-3-middle-half-s4p0.wav,3.79,912.0210571289062,809.2217407226562,115762,154350
ok,,bright-s04-l3-single-sample-000-seed-7027,bright-s04-l3-single-sample-000-seed-7027_transformer_blocks-3_second_half_s0p0,bright-s04-l3,single,transformer.transformer_blocks.3,dual,3,0.0,second_half,322,645,645,0.5,1.0,q1,0.0,0.25,0.0,False,1148.9371337890625,-25.310631922831483,3.5,50,4.0,7027,a neutral and balanced blowing wind,/outputs/time-localized-brightness-steer-v1/bright-s04-l3/single/bright-s04-l3-single-sample-000-seed-7027-transformer-blocks-3-second-half-s0p0.wav,3.545,1200.6614990234375,1289.5709228515625,0,38588
ok,,bright-s04-l3-single-sample-000-seed-7027,bright-s04-l3-single-sample-000-seed-7027_transformer_blocks-3_second_half_s0p0,bright-s04-l3,single,transformer.transformer_blocks.3,dual,3,0.0,second_half,322,645,645,0.5,1.0,q2,0.25,0.5,0.0,False,1148.9371337890625,-25.310631922831483,3.5,50,4.0,7027,a neutral and balanced blowing wind,/outputs/time-localized-brightness-steer-v1/bright-s04-l3/single/bright-s04-l3-single-sample-000-seed-7027-transformer-blocks-3-second-half-s0p0.wav,3.546,1028.3349609375,881.6973266601562,38588,77175
ok,,bright-s04-l3-single-sample-000-seed-7027,bright-s04-l3-single-sample-000-seed-7027_transformer_blocks-3_second_half_s0p0,bright-s04-l3,single,transformer.transformer_blocks.3,dual,3,0.0,second_half,322,645,645,0.5,1.0,q3,0.5,0.75,1.0,True,1148.9371337890625,-25.310631922831483,3.5,50,4.0,7027,a neutral and balanced blowing wind,/outputs/time-localized-brightness-steer-v1/bright-s04-l3/single/bright-s04-l3-single-sample-000-seed-7027-transformer-blocks-3-second-half-s0p0.wav,3.548,1534.8087158203125,1522.702392578125,77175,115762
ok,,bright-s04-l3-single-sample-000-seed-7027,bright-s04-l3-single-sample-000-seed-7027_transformer_blocks-3_second_half_s0p0,bright-s04-l3,single,transformer.transformer_blocks.3,dual,3,0.0,second_half,322,645,645,0.5,1.0,q4,0.75,1.0,1.0,True,1148.9371337890625,-25.310631922831483,3.5,50,4.0,7027,a neutral and balanced blowing wind,/outputs/time-localized-brightness-steer-v1/bright-s04-l3/single/bright-s04-l3-single-sample-000-seed-7027-transformer-blocks-3-second-half-s0p0.wav,3.549,842.5733032226562,754.13525390625,115762,154350
ok,,bright-s04-l3-single-sample-000-seed-7027,bright-s04-l3-single-sample-000-seed-7027_transformer_blocks-3_second_half_s1p0,bright-s04-l3,single,transformer.transformer_blocks.3,dual,3,1.0,second_half,322,645,645,0.5,1.0,q1,0.0,0.25,0.0,False,1185.1103515625,-25.277032068311087,3.5,50,4.0,7027,a neutral and balanced blowing wind,/outputs/time-localized-brightness-steer-v1/bright-s04-l3/single/bright-s04-l3-single-sample-000-seed-7027-transformer-blocks-3-second-half-s1p0.wav,3.577,1233.1630859375,1324.7425537109375,0,38588
ok,,bright-s04-l3-single-sample-000-seed-7027,bright-s04-l3-single-sample-000-seed-7027_transformer_blocks-3_second_half_s1p0,bright-s04-l3,single,transformer.transformer_blocks.3,dual,3,1.0,second_half,322,645,645,0.5,1.0,q2,0.25,0.5,0.0,False,1185.1103515625,-25.277032068311087,3.5,50,4.0,7027,a neutral and balanced blowing wind,/outputs/time-localized-brightness-steer-v1/bright-s04-l3/single/bright-s04-l3-single-sample-000-seed-7027-transformer-blocks-3-second-half-s1p0.wav,3.578,1061.0787353515625,915.0977783203125,38588,77175
ok,,bright-s04-l3-single-sample-000-seed-7027,bright-s04-l3-single-sample-000-seed-7027_transformer_blocks-3_second_half_s1p0,bright-s04-l3,single,transformer.transformer_blocks.3,dual,3,1.0,second_half,322,645,645,0.5,1.0,q3,0.5,0.75,1.0,True,1185.1103515625,-25.277032068311087,3.5,50,4.0,7027,a neutral and balanced blowing wind,/outputs/time-localized-brightness-steer-v1/bright-s04-l3/single/bright-s04-l3-single-sample-000-seed-7027-transformer-blocks-3-second-half-s1p0.wav,3.579,1603.13232421875,1598.2669677734375,77175,115762
ok,,bright-s04-l3-single-sample-000-seed-7027,bright-s04-l3-single-sample-000-seed-7027_transformer_blocks-3_second_half_s1p0,bright-s04-l3,single,transformer.transformer_blocks.3,dual,3,1.0,second_half,322,645,645,0.5,1.0,q4,0.75,1.0,1.0,True,1185.1103515625,-25.277032068311087,3.5,50,4.0,7027,a neutral and balanced blowing wind,/outputs/time-localized-brightness-steer-v1/bright-s04-l3/single/bright-s04-l3-single-sample-000-seed-7027-transformer-blocks-3-second-half-s1p0.wav,3.58,854.2918090820312,761.9752197265625,115762,154350
ok,,bright-s04-l3-single-sample-000-seed-7027,bright-s04-l3-single-sample-000-seed-7027_transformer_blocks-3_second_half_s2p0,bright-s04-l3,single,transformer.transformer_blocks.3,dual,3,2.0,second_half,322,645,645,0.5,1.0,q1,0.0,0.25,0.0,False,1220.8052978515625,-25.280645857290946,3.5,50,4.0,7027,a neutral and balanced blowing wind,/outputs/time-localized-brightness-steer-v1/bright-s04-l3/single/bright-s04-l3-single-sample-000-seed-7027-transformer-blocks-3-second-half-s2p0.wav,3.847,1263.119873046875,1319.1195068359375,0,38588
ok,,bright-s04-l3-single-sample-000-seed-7027,bright-s04-l3-single-sample-000-seed-7027_transformer_blocks-3_second_half_s2p0,bright-s04-l3,single,transformer.transformer_blocks.3,dual,3,2.0,second_half,322,645,645,0.5,1.0,q2,0.25,0.5,0.0,False,1220.8052978515625,-25.280645857290946,3.5,50,4.0,7027,a neutral and balanced blowing wind,/outputs/time-localized-brightness-steer-v1/bright-s04-l3/single/bright-s04-l3-single-sample-000-seed-7027-transformer-blocks-3-second-half-s2p0.wav,3.848,1093.9696044921875,953.8668212890625,38588,77175
ok,,bright-s04-l3-single-sample-000-seed-7027,bright-s04-l3-single-sample-000-seed-7027_transformer_blocks-3_second_half_s2p0,bright-s04-l3,single,transformer.transformer_blocks.3,dual,3,2.0,second_half,322,645,645,0.5,1.0,q3,0.5,0.75,1.0,True,1220.8052978515625,-25.280645857290946,3.5,50,4.0,7027,a neutral and balanced blowing wind,/outputs/time-localized-brightness-steer-v1/bright-s04-l3/single/bright-s04-l3-single-sample-000-seed-7027-transformer-blocks-3-second-half-s2p0.wav,3.85,1669.8896484375,1661.9615478515625,77175,115762
ok,,bright-s04-l3-single-sample-000-seed-7027,bright-s04-l3-single-sample-000-seed-7027_transformer_blocks-3_second_half_s2p0,bright-s04-l3,single,transformer.transformer_blocks.3,dual,3,2.0,second_half,322,645,645,0.5,1.0,q4,0.75,1.0,1.0,True,1220.8052978515625,-25.280645857290946,3.5,50,4.0,7027,a neutral and balanced blowing wind,/outputs/time-localized-brightness-steer-v1/bright-s04-l3/single/bright-s04-l3-single-sample-000-seed-7027-transformer-blocks-3-second-half-s2p0.wav,3.85,867.7321166992188,768.6237182617188,115762,154350
ok,,bright-s04-l3-single-sample-000-seed-7027,bright-s04-l3-single-sample-000-seed-7027_transformer_blocks-3_second_half_s4p0,bright-s04-l3,single,transformer.transformer_blocks.3,dual,3,4.0,second_half,322,645,645,0.5,1.0,q1,0.0,0.25,0.0,False,1280.69140625,-25.05684816634689,3.5,50,4.0,7027,a neutral and balanced blowing wind,/outputs/time-localized-brightness-steer-v1/bright-s04-l3/single/bright-s04-l3-single-sample-000-seed-7027-transformer-blocks-3-second-half-s4p0.wav,3.676,1309.366943359375,1388.05810546875,0,38588
ok,,bright-s04-l3-single-sample-000-seed-7027,bright-s04-l3-single-sample-000-seed-7027_transformer_blocks-3_second_half_s4p0,bright-s04-l3,single,transformer.transformer_blocks.3,dual,3,4.0,second_half,322,645,645,0.5,1.0,q2,0.25,0.5,0.0,False,1280.69140625,-25.05684816634689,3.5,50,4.0,7027,a neutral and balanced blowing wind,/outputs/time-localized-brightness-steer-v1/bright-s04-l3/single/bright-s04-l3-single-sample-000-seed-7027-transformer-blocks-3-second-half-s4p0.wav,3.678,1147.945556640625,998.4418334960938,38588,77175
ok,,bright-s04-l3-single-sample-000-seed-7027,bright-s04-l3-single-sample-000-seed-7027_transformer_blocks-3_second_half_s4p0,bright-s04-l3,single,transformer.transformer_blocks.3,dual,3,4.0,second_half,322,645,645,0.5,1.0,q3,0.5,0.75,1.0,True,1280.69140625,-25.05684816634689,3.5,50,4.0,7027,a neutral and balanced blowing wind,/outputs/time-localized-brightness-steer-v1/bright-s04-l3/single/bright-s04-l3-single-sample-000-seed-7027-transformer-blocks-3-second-half-s4p0.wav,3.679,1792.187744140625,1785.5494384765625,77175,115762
ok,,bright-s04-l3-single-sample-000-seed-7027,bright-s04-l3-single-sample-000-seed-7027_transformer_blocks-3_second_half_s4p0,bright-s04-l3,single,transformer.transformer_blocks.3,dual,3,4.0,second_half,322,645,645,0.5,1.0,q4,0.75,1.0,1.0,True,1280.69140625,-25.05684816634689,3.5,50,4.0,7027,a neutral and balanced blowing wind,/outputs/time-localized-brightness-steer-v1/bright-s04-l3/single/bright-s04-l3-single-sample-000-seed-7027-transformer-blocks-3-second-half-s4p0.wav,3.68,884.7673950195312,782.1384887695312,115762,154350
