status,error,pair_id,site,stack,block,direction,source_side,target_side,alpha,suffix_tokens,patched_onset_strength_max,target_baseline_onset_strength_max,source_baseline_onset_strength_max,patched_spectral_centroid_mean_hz,target_baseline_spectral_centroid_mean_hz,source_baseline_spectral_centroid_mean_hz,patched_decay_time_to_minus_20db_ms,target_baseline_decay_time_to_minus_20db_ms,source_baseline_decay_time_to_minus_20db_ms,patched_high_to_low_db,target_baseline_high_to_low_db,source_baseline_high_to_low_db,patched_tail_energy_fraction_500ms,target_baseline_tail_energy_fraction_500ms,source_baseline_tail_energy_fraction_500ms,patched_direct_to_late_db,target_baseline_direct_to_late_db,source_baseline_direct_to_late_db,patched_reverb_proxy_score,target_baseline_reverb_proxy_score,source_baseline_reverb_proxy_score,patched_late_energy_fraction_300ms,target_baseline_late_energy_fraction_300ms,source_baseline_late_energy_fraction_300ms,patched_late_energy_fraction_700ms,target_baseline_late_energy_fraction_700ms,source_baseline_late_energy_fraction_700ms
ok,,01,transformer.transformer_blocks.3,dual,3,reverberant_to_dry,positive,negative,1.0,,4.552786827087402,4.260855197906494,9.829880714416504,1768.431884765625,2407.436279296875,2307.275634765625,185.75963718820861,928.7981859410431,52.244897959183675,-25.141455198724817,-14.954365220773628,-24.210689607900942,0.17501252903240924,0.8762220613904942,0.4013070232292032,-13.414864349221048,-15.7263380047074,6.585376791484273,0.516015312535809,0.90450833785876,0.33240892188591536,0.43230322904626645,0.9214303181601712,0.4382860600193178,0.1593107123277599,0.8181502536921722,0.37893945897800163
ok,,01,transformer.transformer_blocks.3,dual,3,dry_to_reverberant,negative,positive,1.0,,5.246423721313477,9.829880714416504,4.260855197906494,2363.717041015625,2307.275634765625,2407.436279296875,301.85941043083903,52.244897959183675,928.7981859410431,-14.197814235166291,-24.210689607900942,-14.954365220773628,0.9412808418271521,0.4013070232292032,0.8762220613904942,-10.572476513546363,6.585376791484273,-15.7263380047074,0.9367480728674272,0.33240892188591536,0.90450833785876,0.9699839409470555,0.4382860600193178,0.9214303181601712,0.9208469364688403,0.37893945897800163,0.8181502536921722
ok,,01,transformer.single_transformer_blocks.3,single,3,reverberant_to_dry,positive,negative,1.0,645,6.626683235168457,4.260855197906494,9.829880714416504,1995.8392333984375,2407.436279296875,2307.275634765625,69.65986394557822,928.7981859410431,52.244897959183675,-26.14350013240355,-14.954365220773628,-24.210689607900942,0.07027787508452323,0.8762220613904942,0.4013070232292032,-12.348362032762,-15.7263380047074,6.585376791484273,0.4554840877310033,0.90450833785876,0.33240892188591536,0.35864596874950344,0.9214303181601712,0.4382860600193178,0.06283417572122076,0.8181502536921722,0.37893945897800163
ok,,01,transformer.single_transformer_blocks.3,single,3,dry_to_reverberant,negative,positive,1.0,645,4.860452651977539,9.829880714416504,4.260855197906494,2461.877685546875,2307.275634765625,2407.436279296875,928.7981859410431,52.244897959183675,928.7981859410431,-13.53600481497419,-24.210689607900942,-14.954365220773628,0.9028783556987644,0.4013070232292032,0.8762220613904942,-15.897205912898809,6.585376791484273,-15.7263380047074,0.9298769585625571,0.33240892188591536,0.90450833785876,0.9500495479929716,0.4382860600193178,0.9214303181601712,0.8646568722548417,0.37893945897800163,0.8181502536921722
ok,,01,transformer.single_transformer_blocks.6,single,6,reverberant_to_dry,positive,negative,1.0,645,8.194696426391602,4.260855197906494,9.829880714416504,2058.26025390625,2407.436279296875,2307.275634765625,46.439909297052154,928.7981859410431,52.244897959183675,-26.07892814293466,-14.954365220773628,-24.210689607900942,0.04811834403210676,0.8762220613904942,0.4013070232292032,-14.184709709277561,-15.7263380047074,6.585376791484273,0.4724875265633068,0.90450833785876,0.33240892188591536,0.41100164308715065,0.9214303181601712,0.4382860600193178,0.043211809044058254,0.8181502536921722,0.37893945897800163
ok,,01,transformer.single_transformer_blocks.6,single,6,dry_to_reverberant,negative,positive,1.0,645,5.004580497741699,9.829880714416504,4.260855197906494,2485.265869140625,2307.275634765625,2407.436279296875,928.7981859410431,52.244897959183675,928.7981859410431,-13.472315747488388,-24.210689607900942,-14.954365220773628,0.8741430192317335,0.4013070232292032,0.8762220613904942,-15.845308469142525,6.585376791484273,-15.7263380047074,0.9116515576263451,0.33240892188591536,0.90450833785876,0.9346812714670244,0.4382860600193178,0.9214303181601712,0.8256427444578814,0.37893945897800163,0.8181502536921722
ok,,01,transformer.single_transformer_blocks.7,single,7,reverberant_to_dry,positive,negative,1.0,645,8.493978500366211,4.260855197906494,9.829880714416504,2092.1787109375,2407.436279296875,2307.275634765625,52.244897959183675,928.7981859410431,52.244897959183675,-25.758077302925436,-14.954365220773628,-24.210689607900942,0.46698085642637643,0.8762220613904942,0.4013070232292032,5.298891029542313,-15.7263380047074,6.585376791484273,0.3922781406831654,0.90450833785876,0.33240892188591536,0.506607575812405,0.9214303181601712,0.4382860600193178,0.4423105887968014,0.8181502536921722,0.37893945897800163
ok,,01,transformer.single_transformer_blocks.7,single,7,dry_to_reverberant,negative,positive,1.0,645,4.381377220153809,9.829880714416504,4.260855197906494,2473.29931640625,2307.275634765625,2407.436279296875,928.7981859410431,52.244897959183675,928.7981859410431,-13.78375347648629,-24.210689607900942,-14.954365220773628,0.8858407392907505,0.4013070232292032,0.8762220613904942,-16.5390636514628,6.585376791484273,-15.7263380047074,0.9115389503753312,0.33240892188591536,0.90450833785876,0.9279695023016982,0.4382860600193178,0.9214303181601712,0.8283525286803086,0.37893945897800163,0.8181502536921722
ok,,01,transformer.single_transformer_blocks.8,single,8,reverberant_to_dry,positive,negative,1.0,645,8.660876274108887,4.260855197906494,9.829880714416504,2125.869873046875,2407.436279296875,2307.275634765625,58.049886621315196,928.7981859410431,52.244897959183675,-25.26634748465968,-14.954365220773628,-24.210689607900942,0.4220921070855573,0.8762220613904942,0.4013070232292032,5.83707357150212,-15.7263380047074,6.585376791484273,0.3555227620350026,0.90450833785876,0.33240892188591536,0.4602206312267962,0.9214303181601712,0.4382860600193178,0.39950050846165713,0.8181502536921722,0.37893945897800163
ok,,01,transformer.single_transformer_blocks.8,single,8,dry_to_reverberant,negative,positive,1.0,645,4.641840934753418,9.829880714416504,4.260855197906494,2461.86181640625,2307.275634765625,2407.436279296875,928.7981859410431,52.244897959183675,928.7981859410431,-13.957488762141914,-24.210689607900942,-14.954365220773628,0.8817421110151037,0.4013070232292032,0.8762220613904942,-16.523055501751504,6.585376791484273,-15.7263380047074,0.9092012028306032,0.33240892188591536,0.90450833785876,0.9234996258401772,0.4382860600193178,0.9214303181601712,0.8258875696839022,0.37893945897800163,0.8181502536921722
ok,,01,transformer.single_transformer_blocks.9,single,9,reverberant_to_dry,positive,negative,1.0,645,8.672586441040039,4.260855197906494,9.829880714416504,2144.343017578125,2407.436279296875,2307.275634765625,58.049886621315196,928.7981859410431,52.244897959183675,-25.232957059276213,-14.954365220773628,-24.210689607900942,0.4084774187561496,0.8762220613904942,0.4013070232292032,6.24138061384238,-15.7263380047074,6.585376791484273,0.34125055880865895,0.90450833785876,0.33240892188591536,0.4455105544863866,0.9214303181601712,0.4382860600193178,0.3862510984792226,0.8181502536921722,0.37893945897800163
ok,,01,transformer.single_transformer_blocks.9,single,9,dry_to_reverberant,negative,positive,1.0,645,4.431913375854492,9.829880714416504,4.260855197906494,2444.716064453125,2307.275634765625,2407.436279296875,928.7981859410431,52.244897959183675,928.7981859410431,-14.16773728849119,-24.210689607900942,-14.954365220773628,0.881686407535567,0.4013070232292032,0.8762220613904942,-16.44316916317532,6.585376791484273,-15.7263380047074,0.9094175897456971,0.33240892188591536,0.90450833785876,0.923060277959567,0.4382860600193178,0.9214303181601712,0.8273715153889156,0.37893945897800163,0.8181502536921722
ok,,02,transformer.transformer_blocks.3,dual,3,reverberant_to_dry,positive,negative,1.0,,2.297485828399658,1.1804088354110718,2.569622039794922,1517.648681640625,911.5433349609375,1741.1038818359375,534.0589569160998,748.843537414966,220.58956916099774,-24.225417201859024,-38.28922513847376,-22.589282973985103,0.5175063721008966,0.7035852929630447,0.382568656876974,-7.656193925620336,-10.212825198996123,-7.007828853935334,0.6328663735941155,0.7607974214225628,0.5358651330650788,0.5473260001466556,0.8137209106622096,0.4039498094554535,0.4977001528538818,0.5556108347883785,0.36973329715250086
ok,,02,transformer.transformer_blocks.3,dual,3,dry_to_reverberant,negative,positive,1.0,,1.1540250778198242,2.569622039794922,1.1804088354110718,994.3292846679688,1741.1038818359375,911.5433349609375,342.49433106575964,220.58956916099774,748.843537414966,-35.35899178352577,-22.589282973985103,-38.28922513847376,0.6528815276690556,0.382568656876974,0.7035852929630447,-9.687355997268096,-7.007828853935334,-10.212825198996123,0.7271370332184869,0.5358651330650788,0.7607974214225628,0.7926741061063133,0.4039498094554535,0.8137209106622096,0.4857733870389235,0.36973329715250086,0.5556108347883785
ok,,02,transformer.single_transformer_blocks.3,single,3,reverberant_to_dry,positive,negative,1.0,645,2.114590883255005,1.1804088354110718,2.569622039794922,1555.3372802734375,911.5433349609375,1741.1038818359375,847.5283446712018,748.843537414966,220.58956916099774,-24.170076134256632,-38.28922513847376,-22.589282973985103,0.37941721831269454,0.7035852929630447,0.382568656876974,-6.248969064902913,-10.212825198996123,-7.007828853935334,0.5211538500359882,0.7607974214225628,0.5358651330650788,0.5859811389709627,0.8137209106622096,0.4039498094554535,0.1691995212317609,0.5556108347883785,0.36973329715250086
ok,,02,transformer.single_transformer_blocks.3,single,3,dry_to_reverberant,negative,positive,1.0,645,1.197805404663086,2.569622039794922,1.1804088354110718,1023.0656127929688,1741.1038818359375,911.5433349609375,748.843537414966,220.58956916099774,748.843537414966,-34.92153495063936,-22.589282973985103,-38.28922513847376,0.7633038436368828,0.382568656876974,0.7035852929630447,-9.408418375065757,-7.007828853935334,-10.212825198996123,0.804924851384472,0.5358651330650788,0.7607974214225628,0.8458833269494154,0.4039498094554535,0.8137209106622096,0.6717027623048253,0.36973329715250086,0.5556108347883785
ok,,02,transformer.single_transformer_blocks.6,single,6,reverberant_to_dry,positive,negative,1.0,645,2.253962993621826,1.1804088354110718,2.569622039794922,1586.9718017578125,911.5433349609375,1741.1038818359375,452.7891156462585,748.843537414966,220.58956916099774,-24.139087390583498,-38.28922513847376,-22.589282973985103,0.4277368246435322,0.7035852929630447,0.382568656876974,-6.942213662433846,-10.212825198996123,-7.007828853935334,0.565024323560336,0.7607974214225628,0.5358651330650788,0.4510163267679287,0.8137209106622096,0.4039498094554535,0.412247481574224,0.5556108347883785,0.36973329715250086
ok,,02,transformer.single_transformer_blocks.6,single,6,dry_to_reverberant,negative,positive,1.0,645,1.214591383934021,2.569622039794922,1.1804088354110718,1009.1690063476562,1741.1038818359375,911.5433349609375,748.843537414966,220.58956916099774,748.843537414966,-36.08337292844391,-22.589282973985103,-38.28922513847376,0.7583327372398324,0.382568656876974,0.7035852929630447,-9.448660437490181,-7.007828853935334,-10.212825198996123,0.8022099274030192,0.5358651330650788,0.7607974214225628,0.8423503062467049,0.4039498094554535,0.8137209106622096,0.6662394360421583,0.36973329715250086,0.5556108347883785
ok,,02,transformer.single_transformer_blocks.7,single,7,reverberant_to_dry,positive,negative,1.0,645,2.249776601791382,1.1804088354110718,2.569622039794922,1636.039794921875,911.5433349609375,1741.1038818359375,452.7891156462585,748.843537414966,220.58956916099774,-23.386291115516688,-38.28922513847376,-22.589282973985103,0.4354407929204838,0.7035852929630447,0.382568656876974,-6.866785721751942,-10.212825198996123,-7.007828853935334,0.5694320618576857,0.7607974214225628,0.5358651330650788,0.4580088443582841,0.8137209106622096,0.4039498094554535,0.4209220201787531,0.5556108347883785,0.36973329715250086
ok,,02,transformer.single_transformer_blocks.7,single,7,dry_to_reverberant,negative,positive,1.0,645,1.21573805809021,2.569622039794922,1.1804088354110718,992.986572265625,1741.1038818359375,911.5433349609375,748.843537414966,220.58956916099774,748.843537414966,-36.680849761048464,-22.589282973985103,-38.28922513847376,0.755663658453826,0.382568656876974,0.7035852929630447,-9.393465237270567,-7.007828853935334,-10.212825198996123,0.8010078841382645,0.5358651330650788,0.7607974214225628,0.840515920359891,0.4039498094554535,0.8137209106622096,0.6656372966856755,0.36973329715250086,0.5556108347883785
ok,,02,transformer.single_transformer_blocks.8,single,8,reverberant_to_dry,positive,negative,1.0,645,2.3334856033325195,1.1804088354110718,2.569622039794922,1639.771728515625,911.5433349609375,1741.1038818359375,452.7891156462585,748.843537414966,220.58956916099774,-23.51535121940611,-38.28922513847376,-22.589282973985103,0.4163154132020764,0.7035852929630447,0.382568656876974,-6.957881680004483,-10.212825198996123,-7.007828853935334,0.5578232104822928,0.7607974214225628,0.5358651330650788,0.43917843766249376,0.8137209106622096,0.4039498094554535,0.40197790934960687,0.5556108347883785,0.36973329715250086
ok,,02,transformer.single_transformer_blocks.8,single,8,dry_to_reverberant,negative,positive,1.0,645,1.2164101600646973,2.569622039794922,1.1804088354110718,990.8561401367188,1741.1038818359375,911.5433349609375,748.843537414966,220.58956916099774,748.843537414966,-36.98747166201238,-22.589282973985103,-38.28922513847376,0.7528885473858421,0.382568656876974,0.7035852929630447,-9.527652952815641,-7.007828853935334,-10.212825198996123,0.800211699936149,0.5358651330650788,0.7607974214225628,0.8391255175999393,0.4039498094554535,0.8137209106622096,0.6618161260024625,0.36973329715250086,0.5556108347883785
ok,,02,transformer.single_transformer_blocks.9,single,9,reverberant_to_dry,positive,negative,1.0,645,2.309562921524048,1.1804088354110718,2.569622039794922,1654.4912109375,911.5433349609375,1741.1038818359375,452.7891156462585,748.843537414966,220.58956916099774,-23.232607122048663,-38.28922513847376,-22.589282973985103,0.42378947990114124,0.7035852929630447,0.382568656876974,-6.981309354550569,-10.212825198996123,-7.007828853935334,0.5630408828162587,0.7607974214225628,0.5358651330650788,0.4468946112282232,0.8137209106622096,0.4039498094554535,0.40916321387899496,0.5556108347883785,0.36973329715250086
ok,,02,transformer.single_transformer_blocks.9,single,9,dry_to_reverberant,negative,positive,1.0,645,1.2166208028793335,2.569622039794922,1.1804088354110718,989.35888671875,1741.1038818359375,911.5433349609375,748.843537414966,220.58956916099774,748.843537414966,-37.03125170751217,-22.589282973985103,-38.28922513847376,0.7531509266776335,0.382568656876974,0.7035852929630447,-9.528459746067357,-7.007828853935334,-10.212825198996123,0.8005201990251968,0.5358651330650788,0.7607974214225628,0.8391806844008048,0.4039498094554535,0.8137209106622096,0.6626696927823816,0.36973329715250086,0.5556108347883785
ok,,03,transformer.transformer_blocks.3,dual,3,reverberant_to_dry,positive,negative,1.0,,7.238316535949707,3.348205089569092,6.1323628425598145,1850.21337890625,1680.0316162109375,1679.4306640625,516.6439909297053,1230.657596371882,267.0294784580499,-9.047128516041358,-15.992128954412962,-10.088552259490505,0.21366799255418717,0.5123665344246793,0.123413704984024,-0.7735340319785313,-7.974611663510046,2.323348499759588,0.3412413454911371,0.6433843325126524,0.21230467472461323,0.28674074660042376,0.7048749634813317,0.16256590752277258,0.19257243767588023,0.36277673402731087,0.10498983187270142
ok,,03,transformer.transformer_blocks.3,dual,3,dry_to_reverberant,negative,positive,1.0,,4.008126735687256,6.1323628425598145,3.348205089569092,1882.9859619140625,1679.4306640625,1680.0316162109375,882.358276643991,267.0294784580499,1230.657596371882,-13.798757588529487,-10.088552259490505,-15.992128954412962,0.3482578858992758,0.123413704984024,0.5123665344246793,-8.135732379505612,2.323348499759588,-7.974611663510046,0.5285324841832769,0.21230467472461323,0.6433843325126524,0.5957784790295235,0.16256590752277258,0.7048749634813317,0.122976825743853,0.10498983187270142,0.36277673402731087
ok,,03,transformer.single_transformer_blocks.3,single,3,reverberant_to_dry,positive,negative,1.0,645,5.43664026260376,3.348205089569092,6.1323628425598145,1661.052490234375,1680.0316162109375,1679.4306640625,551.4739229024943,1230.657596371882,267.0294784580499,-11.466863871561387,-15.992128954412962,-10.088552259490505,0.18701236701000218,0.5123665344246793,0.123413704984024,0.605735472318052,-7.974611663510046,2.323348499759588,0.291635596794074,0.6433843325126524,0.21230467472461323,0.24714967683306113,0.7048749634813317,0.16256590752277258,0.16256963316052433,0.36277673402731087,0.10498983187270142
ok,,03,transformer.single_transformer_blocks.3,single,3,dry_to_reverberant,negative,positive,1.0,645,4.1238861083984375,6.1323628425598145,3.348205089569092,1831.7603759765625,1679.4306640625,1680.0316162109375,882.358276643991,267.0294784580499,1230.657596371882,-14.68290298481558,-10.088552259490505,-15.992128954412962,0.34250925700121665,0.123413704984024,0.5123665344246793,-8.392865400602513,2.323348499759588,-7.974611663510046,0.5312862784198237,0.21230467472461323,0.6433843325126524,0.6095006069580902,0.16256590752277258,0.7048749634813317,0.11082918632341454,0.10498983187270142,0.36277673402731087
ok,,03,transformer.single_transformer_blocks.6,single,6,reverberant_to_dry,positive,negative,1.0,645,5.534797668457031,3.348205089569092,6.1323628425598145,1618.620849609375,1680.0316162109375,1679.4306640625,278.6394557823129,1230.657596371882,267.0294784580499,-11.428418226680009,-15.992128954412962,-10.088552259490505,0.1893800320558917,0.5123665344246793,0.123413704984024,1.3124878534962783,-7.974611663510046,2.323348499759588,0.27715945590428953,0.6433843325126524,0.21230467472461323,0.2443079447776753,0.7048749634813317,0.16256590752277258,0.16215346926946123,0.36277673402731087,0.10498983187270142
ok,,03,transformer.single_transformer_blocks.6,single,6,dry_to_reverberant,negative,positive,1.0,645,4.093667030334473,6.1323628425598145,3.348205089569092,1802.2568359375,1679.4306640625,1680.0316162109375,1230.657596371882,267.0294784580499,1230.657596371882,-15.254177563377558,-10.088552259490505,-15.992128954412962,0.5328314506990607,0.123413704984024,0.5123665344246793,-8.328677948102762,2.323348499759588,-7.974611663510046,0.6583101049317837,0.21230467472461323,0.6433843325126524,0.7227266496961093,0.16256590752277258,0.7048749634813317,0.3803164609810442,0.10498983187270142,0.36277673402731087
ok,,03,transformer.single_transformer_blocks.7,single,7,reverberant_to_dry,positive,negative,1.0,645,5.6199822425842285,3.348205089569092,6.1323628425598145,1670.7666015625,1680.0316162109375,1679.4306640625,278.6394557823129,1230.657596371882,267.0294784580499,-10.663333696670922,-15.992128954412962,-10.088552259490505,0.1859275292451337,0.5123665344246793,0.123413704984024,1.521648215240451,-7.974611663510046,2.323348499759588,0.2694938830663474,0.6433843325126524,0.21230467472461323,0.23628239643826596,0.7048749634813317,0.16256590752277258,0.15890714685015536,0.36277673402731087,0.10498983187270142
ok,,03,transformer.single_transformer_blocks.7,single,7,dry_to_reverberant,negative,positive,1.0,645,3.9474194049835205,6.1323628425598145,3.348205089569092,1778.4755859375,1679.4306640625,1680.0316162109375,1230.657596371882,267.0294784580499,1230.657596371882,-15.515239403873668,-10.088552259490505,-15.992128954412962,0.5190571445674752,0.123413704984024,0.5123665344246793,-8.183563443027767,2.323348499759588,-7.974611663510046,0.6499486792939637,0.21230467472461323,0.6433843325126524,0.712584488155467,0.16256590752277258,0.7048749634813317,0.3691532756060173,0.10498983187270142,0.36277673402731087
ok,,03,transformer.single_transformer_blocks.8,single,8,reverberant_to_dry,positive,negative,1.0,645,5.715297698974609,3.348205089569092,6.1323628425598145,1641.0582275390625,1680.0316162109375,1679.4306640625,272.8344671201814,1230.657596371882,267.0294784580499,-10.842635665009476,-15.992128954412962,-10.088552259490505,0.1858863022507015,0.5123665344246793,0.123413704984024,1.7452887787140594,-7.974611663510046,2.323348499759588,0.26533553489194533,0.6433843325126524,0.21230467472461323,0.23464146106991482,0.7048749634813317,0.16256590752277258,0.1605014300652721,0.36277673402731087,0.10498983187270142
ok,,03,transformer.single_transformer_blocks.8,single,8,dry_to_reverberant,negative,positive,1.0,645,3.901793956756592,6.1323628425598145,3.348205089569092,1817.357177734375,1679.4306640625,1680.0316162109375,888.1632653061224,267.0294784580499,1230.657596371882,-14.993022999237562,-10.088552259490505,-15.992128954412962,0.33737520849301944,0.123413704984024,0.5123665344246793,-8.43598085968759,2.323348499759588,-7.974611663510046,0.5314767924912015,0.21230467472461323,0.6433843325126524,0.6087613275199913,0.16256590752277258,0.7048749634813317,0.11104729576153417,0.10498983187270142,0.36277673402731087
ok,,03,transformer.single_transformer_blocks.9,single,9,reverberant_to_dry,positive,negative,1.0,645,5.834853649139404,3.348205089569092,6.1323628425598145,1636.33447265625,1680.0316162109375,1679.4306640625,272.8344671201814,1230.657596371882,267.0294784580499,-10.998162124920018,-15.992128954412962,-10.088552259490505,0.18111776715680444,0.5123665344246793,0.123413704984024,1.8401075012902035,-7.974611663510046,2.323348499759588,0.2600465260595252,0.6433843325126524,0.21230467472461323,0.22799161335152954,0.7048749634813317,0.16256590752277258,0.15651635039592804,0.36277673402731087,0.10498983187270142
ok,,03,transformer.single_transformer_blocks.9,single,9,dry_to_reverberant,negative,positive,1.0,645,3.8269553184509277,6.1323628425598145,3.348205089569092,1807.275634765625,1679.4306640625,1680.0316162109375,1230.657596371882,267.0294784580499,1230.657596371882,-15.14568695284022,-10.088552259490505,-15.992128954412962,0.5122779102030868,0.123413704984024,0.5123665344246793,-8.113763616041187,2.323348499759588,-7.974611663510046,0.6452346037211533,0.21230467472461323,0.6433843325126524,0.7063871538187787,0.16256590752277258,0.7048749634813317,0.36305947988661025,0.10498983187270142,0.36277673402731087
ok,,04,transformer.transformer_blocks.3,dual,3,reverberant_to_dry,positive,negative,1.0,,4.179503440856934,3.426016330718994,4.340929985046387,1987.06689453125,1969.89794921875,2118.999267578125,2356.8253968253966,1845.9863945578231,574.6938775510204,-16.780792234356515,-18.822430775870465,-16.602187477889274,0.6094794277586115,0.32535008376117536,0.6150348468565038,-11.045434622694097,-5.275438548971051,-12.834119657769099,0.7531338260809154,0.5129606301192668,0.7680773601534021,0.816690639359155,0.5045253542979016,0.8373403238773294,0.5155883688398175,0.2632244532522444,0.516384710501255
ok,,04,transformer.transformer_blocks.3,dual,3,dry_to_reverberant,negative,positive,1.0,,3.139089822769165,4.340929985046387,3.426016330718994,1886.402099609375,2118.999267578125,1969.89794921875,3274.013605442177,574.6938775510204,1845.9863945578231,-18.48930014424915,-16.602187477889274,-18.822430775870465,0.4063678685053475,0.6150348468565038,0.32535008376117536,-5.642271857071989,-12.834119657769099,-5.275438548971051,0.5710531353800709,0.7680773601534021,0.5129606301192668,0.5775423695204126,0.8373403238773294,0.5045253542979016,0.3499199042085853,0.516384710501255,0.2632244532522444
ok,,04,transformer.single_transformer_blocks.3,single,3,reverberant_to_dry,positive,negative,1.0,645,3.6802873611450195,3.426016330718994,4.340929985046387,1933.8997802734375,1969.89794921875,2118.999267578125,2356.8253968253966,1845.9863945578231,574.6938775510204,-17.76146067859936,-18.822430775870465,-16.602187477889274,0.6423283527672924,0.32535008376117536,0.6150348468565038,-10.53197993162691,-5.275438548971051,-12.834119657769099,0.7661807980875421,0.5129606301192668,0.7680773601534021,0.8383188297270804,0.5045253542979016,0.8373403238773294,0.5415038194770405,0.2632244532522444,0.516384710501255
ok,,04,transformer.single_transformer_blocks.3,single,3,dry_to_reverberant,negative,positive,1.0,645,3.703251600265503,4.340929985046387,3.426016330718994,1951.456787109375,2118.999267578125,1969.89794921875,835.9183673469388,574.6938775510204,1845.9863945578231,-17.82708527195731,-16.602187477889274,-18.822430775870465,0.2537535246351844,0.6150348468565038,0.32535008376117536,-3.4559216204682617,-12.834119657769099,-5.275438548971051,0.4387106100444331,0.7680773601534021,0.5129606301192668,0.4152080164062966,0.8373403238773294,0.5045253542979016,0.21185803351627944,0.516384710501255,0.2632244532522444
ok,,04,transformer.single_transformer_blocks.6,single,6,reverberant_to_dry,positive,negative,1.0,645,3.7097506523132324,3.426016330718994,4.340929985046387,1969.9791259765625,1969.89794921875,2118.999267578125,2356.8253968253966,1845.9863945578231,574.6938775510204,-17.439696014618175,-18.822430775870465,-16.602187477889274,0.6487844553601352,0.32535008376117536,0.6150348468565038,-10.552515712565034,-5.275438548971051,-12.834119657769099,0.7664505575137257,0.5129606301192668,0.7680773601534021,0.8396435889670346,0.5045253542979016,0.8373403238773294,0.5406359390932517,0.2632244532522444,0.516384710501255
ok,,04,transformer.single_transformer_blocks.6,single,6,dry_to_reverberant,negative,positive,1.0,645,3.805537223815918,4.340929985046387,3.426016330718994,1922.744384765625,2118.999267578125,1969.89794921875,824.3083900226758,574.6938775510204,1845.9863945578231,-19.313092685947197,-16.602187477889274,-18.822430775870465,0.23739632875295563,0.6150348468565038,0.32535008376117536,-3.9476435120940243,-12.834119657769099,-5.275438548971051,0.4384597915728938,0.7680773601534021,0.5129606301192668,0.4040774167601396,0.8373403238773294,0.5045253542979016,0.1985108690575835,0.516384710501255,0.2632244532522444
ok,,04,transformer.single_transformer_blocks.7,single,7,reverberant_to_dry,positive,negative,1.0,645,4.359020233154297,3.426016330718994,4.340929985046387,2060.92333984375,1969.89794921875,2118.999267578125,2356.8253968253966,1845.9863945578231,574.6938775510204,-16.47247033123815,-18.822430775870465,-16.602187477889274,0.6490425427830155,0.32535008376117536,0.6150348468565038,-10.830198479576378,-5.275438548971051,-12.834119657769099,0.7733645573745616,0.5129606301192668,0.7680773601534021,0.8464889687495778,0.5045253542979016,0.8373403238773294,0.5499025219569513,0.2632244532522444,0.516384710501255
ok,,04,transformer.single_transformer_blocks.7,single,7,dry_to_reverberant,negative,positive,1.0,645,3.4720377922058105,4.340929985046387,3.426016330718994,1874.4541015625,2118.999267578125,1969.89794921875,841.7233560090704,574.6938775510204,1845.9863945578231,-20.087237465357603,-16.602187477889274,-18.822430775870465,0.2625688956830122,0.6150348468565038,0.32535008376117536,-4.109281504413853,-12.834119657769099,-5.275438548971051,0.4553410280652133,0.7680773601534021,0.5129606301192668,0.4285744095996801,0.8373403238773294,0.5045253542979016,0.21709894659671272,0.516384710501255,0.2632244532522444
ok,,04,transformer.single_transformer_blocks.8,single,8,reverberant_to_dry,positive,negative,1.0,645,4.6557393074035645,3.426016330718994,4.340929985046387,2142.38720703125,1969.89794921875,2118.999267578125,2356.8253968253966,1845.9863945578231,574.6938775510204,-16.000989928669743,-18.822430775870465,-16.602187477889274,0.6239055899985859,0.32535008376117536,0.6150348468565038,-11.421197368394456,-5.275438548971051,-12.834119657769099,0.7631629134714316,0.5129606301192668,0.7680773601534021,0.8352306489998699,0.5045253542979016,0.8373403238773294,0.5215013368095882,0.2632244532522444,0.516384710501255
ok,,04,transformer.single_transformer_blocks.8,single,8,dry_to_reverberant,negative,positive,1.0,645,3.2455382347106934,4.340929985046387,3.426016330718994,1876.363037109375,2118.999267578125,1969.89794921875,841.7233560090704,574.6938775510204,1845.9863945578231,-20.012463445439703,-16.602187477889274,-18.822430775870465,0.2896806006074595,0.6150348468565038,0.32535008376117536,-4.592029711730412,-12.834119657769099,-5.275438548971051,0.47909417201856425,0.7680773601534021,0.5129606301192668,0.4576659642595956,0.8373403238773294,0.5045253542979016,0.23743200121228358,0.516384710501255,0.2632244532522444
ok,,04,transformer.single_transformer_blocks.9,single,9,reverberant_to_dry,positive,negative,1.0,645,4.528573989868164,3.426016330718994,4.340929985046387,2198.27783203125,1969.89794921875,2118.999267578125,2356.8253968253966,1845.9863945578231,574.6938775510204,-15.609999635600174,-18.822430775870465,-16.602187477889274,0.6372173468859201,0.32535008376117536,0.6150348468565038,-11.50827095956706,-5.275438548971051,-12.834119657769099,0.7711354935168261,0.5129606301192668,0.7680773601534021,0.8432707511680789,0.5045253542979016,0.8373403238773294,0.5361323008529352,0.2632244532522444,0.516384710501255
ok,,04,transformer.single_transformer_blocks.9,single,9,dry_to_reverberant,negative,positive,1.0,645,3.3566081523895264,4.340929985046387,3.426016330718994,1841.6988525390625,2118.999267578125,1969.89794921875,824.3083900226758,574.6938775510204,1845.9863945578231,-20.54070759919871,-16.602187477889274,-18.822430775870465,0.27850658306959014,0.6150348468565038,0.32535008376117536,-4.70779193055736,-12.834119657769099,-5.275438548971051,0.4738673679864414,0.7680773601534021,0.5129606301192668,0.44982133527111995,0.8373403238773294,0.5045253542979016,0.22452884059102493,0.516384710501255,0.2632244532522444
ok,,05,transformer.transformer_blocks.3,dual,3,reverberant_to_dry,positive,negative,1.0,,15.669744491577148,11.389591217041016,16.093494415283203,1705.998046875,1183.2869873046875,2001.276123046875,261.2244897959184,406.3492063492063,156.73469387755102,-23.548732198812182,-30.33160505608302,-20.462677076845228,0.0,0.6668565355360423,0.0,2.0091867323496237,-2.2725553111375945,9.217420342429039,0.13045122213590166,0.6565410976022515,0.035919062863532476,0.004992121134744236,0.6847892699995715,0.0008175352007611176,0.0,0.6569207250817959,0.0
ok,,05,transformer.transformer_blocks.3,dual,3,dry_to_reverberant,negative,positive,1.0,,14.61433219909668,16.093494415283203,11.389591217041016,1448.2979736328125,2001.276123046875,1183.2869873046875,290.24943310657596,156.73469387755102,406.3492063492063,-25.897160466660786,-20.462677076845228,-30.33160505608302,0.0,0.0,0.6668565355360423,5.237610296412328,9.217420342429039,-2.2725553111375945,0.08287599068894323,0.035919062863532476,0.6565410976022515,0.018219171518061326,0.0008175352007611176,0.6847892699995715,0.0,0.0,0.6569207250817959
ok,,05,transformer.single_transformer_blocks.3,single,3,reverberant_to_dry,positive,negative,1.0,645,15.123506546020508,11.389591217041016,16.093494415283203,1729.1226806640625,1183.2869873046875,2001.276123046875,255.41950113378687,406.3492063492063,156.73469387755102,-23.430831005771623,-30.33160505608302,-20.462677076845228,0.0,0.6668565355360423,0.0,3.331479922430555,-2.2725553111375945,9.217420342429039,0.10707424454393721,0.6565410976022515,0.035919062863532476,0.004116312154736913,0.6847892699995715,0.0008175352007611176,0.0,0.6569207250817959,0.0
ok,,05,transformer.single_transformer_blocks.3,single,3,dry_to_reverberant,negative,positive,1.0,645,15.401165008544922,16.093494415283203,11.389591217041016,1475.3414306640625,2001.276123046875,1183.2869873046875,301.85941043083903,156.73469387755102,406.3492063492063,-25.716935491711823,-20.462677076845228,-30.33160505608302,0.0,0.0,0.6668565355360423,4.738202603907281,9.217420342429039,-2.2725553111375945,0.09080600065641602,0.035919062863532476,0.6565410976022515,0.020990141803748,0.0008175352007611176,0.6847892699995715,0.0,0.0,0.6569207250817959
ok,,05,transformer.single_transformer_blocks.6,single,6,reverberant_to_dry,positive,negative,1.0,645,16.74372673034668,11.389591217041016,16.093494415283203,1743.786865234375,1183.2869873046875,2001.276123046875,208.9795918367347,406.3492063492063,156.73469387755102,-21.833550818354496,-30.33160505608302,-20.462677076845228,0.0,0.6668565355360423,0.0,5.047149230371305,-2.2725553111375945,9.217420342429039,0.0801986743646314,0.6565410976022515,0.035919062863532476,0.0023190136395479246,0.6847892699995715,0.0008175352007611176,0.0,0.6569207250817959,0.0
ok,,05,transformer.single_transformer_blocks.6,single,6,dry_to_reverberant,negative,positive,1.0,645,13.40380573272705,16.093494415283203,11.389591217041016,1438.8807373046875,2001.276123046875,1183.2869873046875,313.46938775510205,156.73469387755102,406.3492063492063,-27.5729759409394,-20.462677076845228,-30.33160505608302,0.7423755557211752,0.0,0.6668565355360423,-1.0114812862749747,9.217420342429039,-2.2725553111375945,0.6823259965146974,0.035919062863532476,0.6565410976022515,0.7518144416745034,0.0008175352007611176,0.6847892699995715,0.7371997807680487,0.0,0.6569207250817959
ok,,05,transformer.single_transformer_blocks.7,single,7,reverberant_to_dry,positive,negative,1.0,645,17.1597900390625,11.389591217041016,16.093494415283203,1787.7080078125,1183.2869873046875,2001.276123046875,197.36961451247166,406.3492063492063,156.73469387755102,-21.200426975594695,-30.33160505608302,-20.462677076845228,0.0,0.6668565355360423,0.0,6.128897942796845,-2.2725553111375945,9.217420342429039,0.06592070039015623,0.6565410976022515,0.035919062863532476,0.0017221180819012455,0.6847892699995715,0.0008175352007611176,0.0,0.6569207250817959,0.0
ok,,05,transformer.single_transformer_blocks.7,single,7,dry_to_reverberant,negative,positive,1.0,645,12.452343940734863,16.093494415283203,11.389591217041016,1401.9031982421875,2001.276123046875,1183.2869873046875,371.51927437641723,156.73469387755102,406.3492063492063,-27.94942184926448,-20.462677076845228,-30.33160505608302,0.7303622776239047,0.0,0.6668565355360423,-1.0720789153579307,9.217420342429039,-2.2725553111375945,0.6756610212014277,0.035919062863532476,0.6565410976022515,0.7408992026362997,0.0008175352007611176,0.6847892699995715,0.7246815304124381,0.0,0.6569207250817959
ok,,05,transformer.single_transformer_blocks.8,single,8,reverberant_to_dry,positive,negative,1.0,645,17.44034767150879,11.389591217041016,16.093494415283203,1807.8023681640625,1183.2869873046875,2001.276123046875,197.36961451247166,406.3492063492063,156.73469387755102,-20.920082213178134,-30.33160505608302,-20.462677076845228,0.0,0.6668565355360423,0.0,6.793582808203923,-2.2725553111375945,9.217420342429039,0.05812023006291823,0.6565410976022515,0.035919062863532476,0.0013273735258599944,0.6847892699995715,0.0008175352007611176,0.0,0.6569207250817959,0.0
ok,,05,transformer.single_transformer_blocks.8,single,8,dry_to_reverberant,negative,positive,1.0,645,11.33421516418457,16.093494415283203,11.389591217041016,1414.2708740234375,2001.276123046875,1183.2869873046875,377.3242630385488,156.73469387755102,406.3492063492063,-28.10485544160983,-20.462677076845228,-30.33160505608302,0.7216246790532117,0.0,0.6668565355360423,-1.3582405075792763,9.217420342429039,-2.2725553111375945,0.6753648948548742,0.035919062863532476,0.6565410976022515,0.7329749436260922,0.0008175352007611176,0.6847892699995715,0.7155642482354474,0.0,0.6569207250817959
ok,,05,transformer.single_transformer_blocks.9,single,9,reverberant_to_dry,positive,negative,1.0,645,17.263301849365234,11.389591217041016,16.093494415283203,1844.3133544921875,1183.2869873046875,2001.276123046875,191.56462585034015,406.3492063492063,156.73469387755102,-20.482285601000253,-30.33160505608302,-20.462677076845228,0.0,0.6668565355360423,0.0,7.3386426699319145,-2.2725553111375945,9.217420342429039,0.05234633728096998,0.6565410976022515,0.035919062863532476,0.0012348847047316017,0.6847892699995715,0.0008175352007611176,0.0,0.6569207250817959,0.0
ok,,05,transformer.single_transformer_blocks.9,single,9,dry_to_reverberant,negative,positive,1.0,645,10.825260162353516,16.093494415283203,11.389591217041016,1384.641845703125,2001.276123046875,1183.2869873046875,383.1292517006803,156.73469387755102,406.3492063492063,-28.81837447324388,-20.462677076845228,-30.33160505608302,0.7145614015415244,0.0,0.6668565355360423,-1.6791119217092239,9.217420342429039,-2.2725553111375945,0.6767020648048535,0.035919062863532476,0.6565410976022515,0.7263818621639447,0.0008175352007611176,0.6847892699995715,0.7082532006356927,0.0,0.6569207250817959
ok,,06,transformer.transformer_blocks.3,dual,3,reverberant_to_dry,positive,negative,1.0,,10.164076805114746,3.7698428630828857,11.780889511108398,2373.9345703125,2059.878662109375,2485.99169921875,63.85487528344672,296.05442176870747,69.65986394557822,11.332239745265106,-9.157414371589862,12.647815966797307,0.3118324907374158,0.0,0.3660300155577503,14.371591690973267,-8.446219078645251,15.782225805659351,0.19336966799239555,0.40413562361940736,0.22663152555062197,0.3192332110664604,0.3375268317828929,0.37103274614662163,0.22561823594521035,0.0,0.2831308513601746
ok,,06,transformer.transformer_blocks.3,dual,3,dry_to_reverberant,negative,positive,1.0,,4.7980546951293945,11.780889511108398,3.7698428630828857,1890.6036376953125,2485.99169921875,2059.878662109375,290.24943310657596,69.65986394557822,296.05442176870747,-8.472274904744882,12.647815966797307,-9.157414371589862,0.311705437844181,0.3660300155577503,0.0,-9.109164519516233,15.782225805659351,-8.446219078645251,0.555901852855298,0.22663152555062197,0.40413562361940736,0.7050021989808932,0.37103274614662163,0.3375268317828929,0.07204704314381834,0.2831308513601746,0.0
ok,,06,transformer.single_transformer_blocks.3,single,3,reverberant_to_dry,positive,negative,1.0,645,10.25063419342041,3.7698428630828857,11.780889511108398,2424.385009765625,2059.878662109375,2485.99169921875,63.85487528344672,296.05442176870747,69.65986394557822,12.496741747421048,-9.157414371589862,12.647815966797307,0.2968332739713208,0.0,0.3660300155577503,14.61268623725215,-8.446219078645251,15.782225805659351,0.1843728143237244,0.40413562361940736,0.22663152555062197,0.30318587069007324,0.3375268317828929,0.37103274614662163,0.21651534393477664,0.0,0.2831308513601746
ok,,06,transformer.single_transformer_blocks.3,single,3,dry_to_reverberant,negative,positive,1.0,645,4.789783000946045,11.780889511108398,3.7698428630828857,1938.1566162109375,2485.99169921875,2059.878662109375,290.24943310657596,69.65986394557822,296.05442176870747,-9.349004376138444,12.647815966797307,-9.157414371589862,0.0,0.3660300155577503,0.0,-8.598730454135609,15.782225805659351,-8.446219078645251,0.40153177535790724,0.22663152555062197,0.40413562361940736,0.3259215349235529,0.37103274614662163,0.3375268317828929,0.0,0.2831308513601746,0.0
ok,,06,transformer.single_transformer_blocks.6,single,6,reverberant_to_dry,positive,negative,1.0,645,10.999889373779297,3.7698428630828857,11.780889511108398,2400.33447265625,2059.878662109375,2485.99169921875,63.85487528344672,296.05442176870747,69.65986394557822,12.380743473851716,-9.157414371589862,12.647815966797307,0.29425403908822456,0.0,0.3660300155577503,15.196778901851854,-8.446219078645251,15.782225805659351,0.18303168414872095,0.40413562361940736,0.22663152555062197,0.30060450763608865,0.3375268317828929,0.37103274614662163,0.21915519157828697,0.0,0.2831308513601746
ok,,06,transformer.single_transformer_blocks.6,single,6,dry_to_reverberant,negative,positive,1.0,645,4.652167320251465,11.780889511108398,3.7698428630828857,2018.02197265625,2485.99169921875,2059.878662109375,290.24943310657596,69.65986394557822,296.05442176870747,-8.554295009050586,12.647815966797307,-9.157414371589862,0.0,0.3660300155577503,0.0,-9.16211169565897,15.782225805659351,-8.446219078645251,0.4093743672485106,0.22663152555062197,0.40413562361940736,0.33628512271767785,0.37103274614662163,0.3375268317828929,0.0,0.2831308513601746,0.0
ok,,06,transformer.single_transformer_blocks.7,single,7,reverberant_to_dry,positive,negative,1.0,645,11.365803718566895,3.7698428630828857,11.780889511108398,2450.823974609375,2059.878662109375,2485.99169921875,63.85487528344672,296.05442176870747,69.65986394557822,12.264110507244219,-9.157414371589862,12.647815966797307,0.3101957785718036,0.0,0.3660300155577503,15.511814001477378,-8.446219078645251,15.782225805659351,0.19070628520588637,0.40413562361940736,0.22663152555062197,0.31671461351986174,0.3375268317828929,0.37103274614662163,0.2280653965466472,0.0,0.2831308513601746
ok,,06,transformer.single_transformer_blocks.7,single,7,dry_to_reverberant,negative,positive,1.0,645,4.492093086242676,11.780889511108398,3.7698428630828857,2024.0902099609375,2485.99169921875,2059.878662109375,290.24943310657596,69.65986394557822,296.05442176870747,-8.776029116129203,12.647815966797307,-9.157414371589862,0.0,0.3660300155577503,0.0,-8.935975734099591,15.782225805659351,-8.446219078645251,0.40374052396448157,0.22663152555062197,0.40413562361940736,0.3245098269489828,0.37103274614662163,0.3375268317828929,0.0,0.2831308513601746,0.0
ok,,06,transformer.single_transformer_blocks.8,single,8,reverberant_to_dry,positive,negative,1.0,645,12.067748069763184,3.7698428630828857,11.780889511108398,2475.248291015625,2059.878662109375,2485.99169921875,63.85487528344672,296.05442176870747,69.65986394557822,12.554921929609455,-9.157414371589862,12.647815966797307,0.33418942956108094,0.0,0.3660300155577503,15.392836684286795,-8.446219078645251,15.782225805659351,0.20378524930790406,0.40413562361940736,0.22663152555062197,0.33992669385701707,0.3375268317828929,0.37103274614662163,0.24335221183416378,0.0,0.2831308513601746
ok,,06,transformer.single_transformer_blocks.8,single,8,dry_to_reverberant,negative,positive,1.0,645,4.631496429443359,11.780889511108398,3.7698428630828857,2043.675537109375,2485.99169921875,2059.878662109375,290.24943310657596,69.65986394557822,296.05442176870747,-8.337565609354925,12.647815966797307,-9.157414371589862,0.0,0.3660300155577503,0.0,-8.764615720194485,15.782225805659351,-8.446219078645251,0.40227269092713297,0.22663152555062197,0.40413562361940736,0.32413083850911417,0.37103274614662163,0.3375268317828929,0.0,0.2831308513601746,0.0
ok,,06,transformer.single_transformer_blocks.9,single,9,reverberant_to_dry,positive,negative,1.0,645,11.799616813659668,3.7698428630828857,11.780889511108398,2487.57177734375,2059.878662109375,2485.99169921875,63.85487528344672,296.05442176870747,69.65986394557822,12.982185225095403,-9.157414371589862,12.647815966797307,0.3346798939966817,0.0,0.3660300155577503,15.503624455641955,-8.446219078645251,15.782225805659351,0.20466408501978497,0.40413562361940736,0.22663152555062197,0.3401356058574422,0.3375268317828929,0.37103274614662163,0.2464676151316274,0.0,0.2831308513601746
ok,,06,transformer.single_transformer_blocks.9,single,9,dry_to_reverberant,negative,positive,1.0,645,4.5055036544799805,11.780889511108398,3.7698428630828857,2043.8494873046875,2485.99169921875,2059.878662109375,290.24943310657596,69.65986394557822,296.05442176870747,-8.606373188105099,12.647815966797307,-9.157414371589862,0.0,0.3660300155577503,0.0,-8.524305375484595,15.782225805659351,-8.446219078645251,0.3957534412146561,0.22663152555062197,0.40413562361940736,0.31042533065064615,0.37103274614662163,0.3375268317828929,0.0,0.2831308513601746,0.0
ok,,07,transformer.transformer_blocks.3,dual,3,reverberant_to_dry,positive,negative,1.0,,11.202879905700684,8.149001121520996,13.51719856262207,2182.251220703125,2199.049560546875,2337.575439453125,145.12471655328798,81.26984126984127,150.92970521541952,-4.036922001804651,6.28018313117966,-3.8211563990857695,0.0005301105391450176,0.5685320530806214,0.00040714951122414184,1.1607521503430256,0.010429408182282706,-0.6508602377126875,0.14704179288778205,0.5661855550901799,0.18075412477229838,0.007548701695625499,0.6392959584530075,0.004865814533752647,0.0,0.5598610715242381,0.0
ok,,07,transformer.transformer_blocks.3,dual,3,dry_to_reverberant,negative,positive,1.0,,10.495458602905273,13.51719856262207,8.149001121520996,2359.38232421875,2337.575439453125,2199.049560546875,81.26984126984127,150.92970521541952,81.26984126984127,5.6900208523937685,-3.8211563990857695,6.28018313117966,0.5790068523920298,0.00040714951122414184,0.5685320530806214,-0.8210750236374689,-0.6508602377126875,0.010429408182282706,0.593183343915845,0.18075412477229838,0.5661855550901799,0.6555445944392253,0.004865814533752647,0.6392959584530075,0.5768808425091768,0.0,0.5598610715242381
ok,,07,transformer.single_transformer_blocks.3,single,3,reverberant_to_dry,positive,negative,1.0,645,12.879642486572266,8.149001121520996,13.51719856262207,2318.9248046875,2199.049560546875,2337.575439453125,150.92970521541952,81.26984126984127,150.92970521541952,-4.17718847270468,6.28018313117966,-3.8211563990857695,0.00026857705968707634,0.5685320530806214,0.00040714951122414184,0.8015103297636023,0.010429408182282706,-0.6508602377126875,0.15320654239304957,0.5661855550901799,0.18075412477229838,0.005627756774484889,0.6392959584530075,0.004865814533752647,0.0,0.5598610715242381,0.0
ok,,07,transformer.single_transformer_blocks.3,single,3,dry_to_reverberant,negative,positive,1.0,645,11.235812187194824,13.51719856262207,8.149001121520996,2266.412109375,2337.575439453125,2199.049560546875,87.07482993197279,150.92970521541952,81.26984126984127,5.451131041664173,-3.8211563990857695,6.28018313117966,0.1791843433144778,0.00040714951122414184,0.5685320530806214,-8.580489751106688,-0.6508602377126875,0.010429408182282706,0.6380364022928832,0.18075412477229838,0.5661855550901799,0.8683313041616749,0.004865814533752647,0.6392959584530075,0.16755257826510353,0.0,0.5598610715242381
ok,,07,transformer.single_transformer_blocks.6,single,6,reverberant_to_dry,positive,negative,1.0,645,13.057327270507812,8.149001121520996,13.51719856262207,2278.498046875,2199.049560546875,2337.575439453125,150.92970521541952,81.26984126984127,150.92970521541952,-4.694088902396951,6.28018313117966,-3.8211563990857695,0.0002529144187649684,0.5685320530806214,0.00040714951122414184,0.9418990868987973,0.010429408182282706,-0.6508602377126875,0.15011487751995758,0.5661855550901799,0.18075412477229838,0.004353168044068089,0.6392959584530075,0.004865814533752647,0.0,0.5598610715242381,0.0
ok,,07,transformer.single_transformer_blocks.6,single,6,dry_to_reverberant,negative,positive,1.0,645,9.401782035827637,13.51719856262207,8.149001121520996,2346.95751953125,2337.575439453125,2199.049560546875,87.07482993197279,150.92970521541952,81.26984126984127,6.98574370195157,-3.8211563990857695,6.28018313117966,0.14339171483181049,0.00040714951122414184,0.5685320530806214,-7.955104983192413,-0.6508602377126875,0.010429408182282706,0.6137777055310345,0.18075412477229838,0.5661855550901799,0.8476593720311814,0.004865814533752647,0.6392959584530075,0.13170598132116515,0.0,0.5598610715242381
ok,,07,transformer.single_transformer_blocks.7,single,7,reverberant_to_dry,positive,negative,1.0,645,13.308185577392578,8.149001121520996,13.51719856262207,2308.365234375,2199.049560546875,2337.575439453125,191.56462585034015,81.26984126984127,150.92970521541952,-4.802192852856836,6.28018313117966,-3.8211563990857695,0.9493671223876732,0.5685320530806214,0.00040714951122414184,20.28058436781832,0.010429408182282706,-0.6508602377126875,0.6360052290604152,0.5661855550901799,0.18075412477229838,0.949497540731844,0.6392959584530075,0.004865814533752647,0.9492308502828399,0.5598610715242381,0.0
ok,,07,transformer.single_transformer_blocks.7,single,7,dry_to_reverberant,negative,positive,1.0,645,9.39309310913086,13.51719856262207,8.149001121520996,2344.3642578125,2337.575439453125,2199.049560546875,81.26984126984127,150.92970521541952,81.26984126984127,6.973978761652435,-3.8211563990857695,6.28018313117966,0.16761180376712526,0.00040714951122414184,0.5685320530806214,-7.715968060659238,-0.6508602377126875,0.010429408182282706,0.6180295267288262,0.18075412477229838,0.5661855550901799,0.8435357259274368,0.004865814533752647,0.6392959584530075,0.15526799687756748,0.0,0.5598610715242381
ok,,07,transformer.single_transformer_blocks.8,single,8,reverberant_to_dry,positive,negative,1.0,645,14.030535697937012,8.149001121520996,13.51719856262207,2275.970947265625,2199.049560546875,2337.575439453125,191.56462585034015,81.26984126984127,150.92970521541952,-4.897946060049159,6.28018313117966,-3.8211563990857695,0.9492542042292643,0.5685320530806214,0.00040714951122414184,20.96645200613013,0.010429408182282706,-0.6508602377126875,0.6354807987344002,0.5661855550901799,0.18075412477229838,0.9493637743633926,0.6392959584530075,0.004865814533752647,0.9491373115596848,0.5598610715242381,0.0
ok,,07,transformer.single_transformer_blocks.8,single,8,dry_to_reverberant,negative,positive,1.0,645,9.031721115112305,13.51719856262207,8.149001121520996,2360.254150390625,2337.575439453125,2199.049560546875,81.26984126984127,150.92970521541952,81.26984126984127,7.04044782106566,-3.8211563990857695,6.28018313117966,0.1695279449840636,0.00040714951122414184,0.5685320530806214,-8.103232756661118,-0.6508602377126875,0.010429408182282706,0.623021990785504,0.18075412477229838,0.5661855550901799,0.8470208601647131,0.004865814533752647,0.6392959584530075,0.15606911348082694,0.0,0.5598610715242381
ok,,07,transformer.single_transformer_blocks.9,single,9,reverberant_to_dry,positive,negative,1.0,645,13.573543548583984,8.149001121520996,13.51719856262207,2260.04150390625,2199.049560546875,2337.575439453125,162.53968253968253,81.26984126984127,150.92970521541952,-4.722443256080849,6.28018313117966,-3.8211563990857695,0.9427695644656747,0.5685320530806214,0.00040714951122414184,21.227572427965754,0.010429408182282706,-0.6508602377126875,0.6310059268035827,0.5661855550901799,0.18075412477229838,0.9428864868103612,0.6392959584530075,0.004865814533752647,0.942649918628622,0.5598610715242381,0.0
ok,,07,transformer.single_transformer_blocks.9,single,9,dry_to_reverberant,negative,positive,1.0,645,8.687488555908203,13.51719856262207,8.149001121520996,2361.25537109375,2337.575439453125,2199.049560546875,81.26984126984127,150.92970521541952,81.26984126984127,7.1048251167195815,-3.8211563990857695,6.28018313117966,0.1616054795609138,0.00040714951122414184,0.5685320530806214,-8.298096307101673,-0.6508602377126875,0.010429408182282706,0.6224064562363215,0.18075412477229838,0.5661855550901799,0.8479956399275755,0.004865814533752647,0.6392959584530075,0.14812514191268417,0.0,0.5598610715242381
ok,,08,transformer.transformer_blocks.3,dual,3,reverberant_to_dry,positive,negative,1.0,,0.20433858036994934,0.19807761907577515,0.20943868160247803,4226.92431640625,4227.30810546875,4131.61376953125,3303.0385487528347,3303.0385487528347,3303.0385487528347,-27.529118918572536,-27.44584868362663,-27.487164591416537,0.8375796923378386,0.8357298469469924,0.8391172304515881,-7.519574037501513,-7.276856420555545,-7.762219578521527,0.8422386988797402,0.8385663394872909,0.8455502961673916,0.8972833873030124,0.8952415395369685,0.8989683282783419,0.7798354349682863,0.7781420233019102,0.7810845290588646
ok,,08,transformer.transformer_blocks.3,dual,3,dry_to_reverberant,negative,positive,1.0,,0.1835099756717682,0.20943868160247803,0.19807761907577515,4125.5283203125,4131.61376953125,4227.30810546875,3303.0385487528347,3303.0385487528347,3303.0385487528347,-27.458240175046505,-27.487164591416537,-27.44584868362663,0.8370791623035264,0.8391172304515881,0.8357298469469924,-7.4446388027549695,-7.762219578521527,-7.276856420555545,0.8410785120424945,0.8455502961673916,0.8385663394872909,0.8967932490009705,0.8989683282783419,0.8952415395369685,0.7790631447552684,0.7810845290588646,0.7781420233019102
ok,,08,transformer.single_transformer_blocks.3,single,3,reverberant_to_dry,positive,negative,1.0,645,0.2378201186656952,0.19807761907577515,0.20943868160247803,4202.36376953125,4227.30810546875,4131.61376953125,3303.0385487528347,3303.0385487528347,3303.0385487528347,-27.3695609621863,-27.44584868362663,-27.487164591416537,0.838363163504128,0.8357298469469924,0.8391172304515881,-7.601522568629876,-7.276856420555545,-7.762219578521527,0.8435618054470261,0.8385663394872909,0.8455502961673916,0.8980938677693341,0.8952415395369685,0.8989683282783419,0.780598988138895,0.7781420233019102,0.7810845290588646
ok,,08,transformer.single_transformer_blocks.3,single,3,dry_to_reverberant,negative,positive,1.0,645,0.14313024282455444,0.20943868160247803,0.19807761907577515,4153.02392578125,4131.61376953125,4227.30810546875,3303.0385487528347,3303.0385487528347,3303.0385487528347,-27.58520993181827,-27.487164591416537,-27.44584868362663,0.837058741503703,0.8391172304515881,0.8357298469469924,-7.478492846664123,-7.762219578521527,-7.276856420555545,0.8414171745950639,0.8455502961673916,0.8385663394872909,0.896687818603906,0.8989683282783419,0.8952415395369685,0.7791791572588449,0.7810845290588646,0.7781420233019102
ok,,08,transformer.single_transformer_blocks.6,single,6,reverberant_to_dry,positive,negative,1.0,645,0.22235989570617676,0.19807761907577515,0.20943868160247803,4181.4189453125,4227.30810546875,4131.61376953125,3314.6485260770974,3303.0385487528347,3303.0385487528347,-27.319927702233734,-27.44584868362663,-27.487164591416537,0.8115342809838989,0.8357298469469924,0.8391172304515881,-5.840876801709265,-7.276856420555545,-7.762219578521527,0.8050928705735276,0.8385663394872909,0.8455502961673916,0.8673561784959063,0.8952415395369685,0.8989683282783419,0.7546259436680457,0.7781420233019102,0.7810845290588646
ok,,08,transformer.single_transformer_blocks.6,single,6,dry_to_reverberant,negative,positive,1.0,645,0.14683669805526733,0.20943868160247803,0.19807761907577515,4172.26220703125,4131.61376953125,4227.30810546875,3303.0385487528347,3303.0385487528347,3303.0385487528347,-27.535345737285795,-27.487164591416537,-27.44584868362663,0.8367033323726116,0.8391172304515881,0.8357298469469924,-7.466364913911445,-7.762219578521527,-7.276856420555545,0.8410609282285444,0.8455502961673916,0.8385663394872909,0.8962502623907631,0.8989683282783419,0.8952415395369685,0.7789075258895526,0.7810845290588646,0.7781420233019102
ok,,08,transformer.single_transformer_blocks.7,single,7,reverberant_to_dry,positive,negative,1.0,645,0.2123965620994568,0.19807761907577515,0.20943868160247803,4172.7626953125,4227.30810546875,4131.61376953125,3303.0385487528347,3303.0385487528347,3303.0385487528347,-27.410735757326353,-27.44584868362663,-27.487164591416537,0.8388430209489895,0.8357298469469924,0.8391172304515881,-7.623032797541339,-7.276856420555545,-7.762219578521527,0.8441106991157789,0.8385663394872909,0.8455502961673916,0.898618627029298,0.8952415395369685,0.8989683282783419,0.7810974296393359,0.7781420233019102,0.7810845290588646
ok,,08,transformer.single_transformer_blocks.7,single,7,dry_to_reverberant,negative,positive,1.0,645,0.15013179183006287,0.20943868160247803,0.19807761907577515,4180.2939453125,4131.61376953125,4227.30810546875,3303.0385487528347,3303.0385487528347,3303.0385487528347,-27.477685642906863,-27.487164591416537,-27.44584868362663,0.8367693559985717,0.8391172304515881,0.8357298469469924,-7.464035398876949,-7.762219578521527,-7.276856420555545,0.8410587791107359,0.8455502961673916,0.8385663394872909,0.8962553846746251,0.8989683282783419,0.8952415395369685,0.7789650984361096,0.7810845290588646,0.7781420233019102
ok,,08,transformer.single_transformer_blocks.8,single,8,reverberant_to_dry,positive,negative,1.0,645,0.20746025443077087,0.19807761907577515,0.20943868160247803,4175.36962890625,4227.30810546875,4131.61376953125,3303.0385487528347,3303.0385487528347,3303.0385487528347,-27.403345291605916,-27.44584868362663,-27.487164591416537,0.8386577336247348,0.8357298469469924,0.8391172304515881,-7.609977880938712,-7.276856420555545,-7.762219578521527,0.8438322221126612,0.8385663394872909,0.8455502961673916,0.8984175914344377,0.8952415395369685,0.8989683282783419,0.780841175219985,0.7781420233019102,0.7810845290588646
ok,,08,transformer.single_transformer_blocks.8,single,8,dry_to_reverberant,negative,positive,1.0,645,0.1718326210975647,0.20943868160247803,0.19807761907577515,4181.30615234375,4131.61376953125,4227.30810546875,3303.0385487528347,3303.0385487528347,3303.0385487528347,-27.498467768044314,-27.487164591416537,-27.44584868362663,0.8368423654634599,0.8391172304515881,0.8357298469469924,-7.473662658539347,-7.762219578521527,-7.276856420555545,0.8412171333811647,0.8455502961673916,0.8385663394872909,0.8963874281204067,0.8989683282783419,0.8952415395369685,0.7790225387905095,0.7810845290588646,0.7781420233019102
ok,,08,transformer.single_transformer_blocks.9,single,9,reverberant_to_dry,positive,negative,1.0,645,0.22766855359077454,0.19807761907577515,0.20943868160247803,4185.62744140625,4227.30810546875,4131.61376953125,3303.0385487528347,3303.0385487528347,3303.0385487528347,-27.3578471781494,-27.44584868362663,-27.487164591416537,0.838653127220713,0.8357298469469924,0.8391172304515881,-7.598757063128065,-7.276856420555545,-7.762219578521527,0.8437132184712876,0.8385663394872909,0.8455502961673916,0.8983657687634877,0.8952415395369685,0.8989683282783419,0.7808616431112531,0.7781420233019102,0.7810845290588646
ok,,08,transformer.single_transformer_blocks.9,single,9,dry_to_reverberant,negative,positive,1.0,645,0.14314067363739014,0.20943868160247803,0.19807761907577515,4163.4462890625,4131.61376953125,4227.30810546875,3303.0385487528347,3303.0385487528347,3303.0385487528347,-27.528153641461945,-27.487164591416537,-27.44584868362663,0.8368664659610109,0.8391172304515881,0.8357298469469924,-7.482438448719083,-7.762219578521527,-7.276856420555545,0.8413484642590379,0.8455502961673916,0.8385663394872909,0.8965110469744959,0.8989683282783419,0.8952415395369685,0.7790329750514098,0.7810845290588646,0.7781420233019102
ok,,09,transformer.transformer_blocks.3,dual,3,reverberant_to_dry,positive,negative,1.0,,7.796102523803711,3.708765983581543,7.801121234893799,2248.909912109375,1575.17529296875,2576.802978515625,1840.1814058956916,3186.9387755102043,2078.185941043084,-15.765792270264203,-23.299227742368338,-12.367721650642663,0.987005303324108,0.7720307075603028,0.8999342943634827,-5.242914874448759,-17.781377186703043,-16.612043943322394,0.9080983887129289,0.8621536212095315,0.9157975386978113,0.9940410554498091,0.8604616758213438,0.9560471310583888,0.9604463988995618,0.7423931328498347,0.8126966939318409
ok,,09,transformer.transformer_blocks.3,dual,3,dry_to_reverberant,negative,positive,1.0,,3.235617160797119,7.801121234893799,3.708765983581543,1844.408935546875,2576.802978515625,1575.17529296875,3041.814058956916,2078.185941043084,3186.9387755102043,-21.047150389614593,-12.367721650642663,-23.299227742368338,0.6447437183744842,0.8999342943634827,0.7720307075603028,-18.105638793040896,-16.612043943322394,-17.781377186703043,0.7930137725231156,0.9157975386978113,0.8621536212095315,0.7741072783939651,0.9560471310583888,0.8604616758213438,0.6201664922414003,0.8126966939318409,0.7423931328498347
ok,,09,transformer.single_transformer_blocks.3,single,3,reverberant_to_dry,positive,negative,1.0,645,7.22794246673584,3.708765983581543,7.801121234893799,2346.357177734375,1575.17529296875,2576.802978515625,1851.7913832199547,3186.9387755102043,2078.185941043084,-14.739624937007791,-23.299227742368338,-12.367721650642663,0.9255902817596642,0.7720307075603028,0.8999342943634827,-17.022636694277775,-17.781377186703043,-16.612043943322394,0.9325570976436172,0.8621536212095315,0.9157975386978113,0.9681382783791465,0.8604616758213438,0.9560471310583888,0.8489955985959384,0.7423931328498347,0.8126966939318409
ok,,09,transformer.single_transformer_blocks.3,single,3,dry_to_reverberant,negative,positive,1.0,645,4.018942832946777,7.801121234893799,3.708765983581543,1856.6497802734375,2576.802978515625,1575.17529296875,3186.9387755102043,2078.185941043084,3186.9387755102043,-20.87121663603771,-12.367721650642663,-23.299227742368338,0.704487588045556,0.8999342943634827,0.7720307075603028,-20.07587354797018,-16.612043943322394,-17.781377186703043,0.8292086598360205,0.9157975386978113,0.8621536212095315,0.8170045018895151,0.9560471310583888,0.8604616758213438,0.6803526630374355,0.8126966939318409,0.7423931328498347
ok,,09,transformer.single_transformer_blocks.6,single,6,reverberant_to_dry,positive,negative,1.0,645,7.039213180541992,3.708765983581543,7.801121234893799,2356.54052734375,1575.17529296875,2576.802978515625,1851.7913832199547,3186.9387755102043,2078.185941043084,-14.89748187573195,-23.299227742368338,-12.367721650642663,0.9189868897112623,0.7720307075603028,0.8999342943634827,-18.00780939925985,-17.781377186703043,-16.612043943322394,0.9285612666634263,0.8621536212095315,0.9157975386978113,0.9666255935206173,0.8604616758213438,0.9560471310583888,0.8346322758449272,0.7423931328498347,0.8126966939318409
ok,,09,transformer.single_transformer_blocks.6,single,6,dry_to_reverberant,negative,positive,1.0,645,4.169897079467773,7.801121234893799,3.708765983581543,1877.093505859375,2576.802978515625,1575.17529296875,3192.743764172336,2078.185941043084,3186.9387755102043,-20.405957091271173,-12.367721650642663,-23.299227742368338,0.7467499006247483,0.8999342943634827,0.7720307075603028,-19.5554847315188,-16.612043943322394,-17.781377186703043,0.8487720956615682,0.9157975386978113,0.8621536212095315,0.833182722320899,0.9560471310583888,0.8604616758213438,0.7240899418237031,0.8126966939318409,0.7423931328498347
ok,,09,transformer.single_transformer_blocks.7,single,7,reverberant_to_dry,positive,negative,1.0,645,7.549324989318848,3.708765983581543,7.801121234893799,2382.9931640625,1575.17529296875,2576.802978515625,2078.185941043084,3186.9387755102043,2078.185941043084,-14.561912858631185,-23.299227742368338,-12.367721650642663,0.914428756086494,0.7720307075603028,0.8999342943634827,-17.54240948161565,-17.781377186703043,-16.612043943322394,0.9249313756248624,0.8621536212095315,0.9157975386978113,0.9644006612427384,0.8604616758213438,0.9560471310583888,0.8276987081918048,0.7423931328498347,0.8126966939318409
ok,,09,transformer.single_transformer_blocks.7,single,7,dry_to_reverberant,negative,positive,1.0,645,3.916724920272827,7.801121234893799,3.708765983581543,1820.568115234375,2576.802978515625,1575.17529296875,3221.7687074829932,2078.185941043084,3186.9387755102043,-20.786562355705524,-12.367721650642663,-23.299227742368338,0.7551654290669937,0.8999342943634827,0.7720307075603028,-18.742543260881902,-16.612043943322394,-17.781377186703043,0.8525672405872348,0.9157975386978113,0.8621536212095315,0.8402219001418235,0.9560471310583888,0.8604616758213438,0.7306618644288319,0.8126966939318409,0.7423931328498347
ok,,09,transformer.single_transformer_blocks.8,single,8,reverberant_to_dry,positive,negative,1.0,645,7.6591596603393555,3.708765983581543,7.801121234893799,2446.11474609375,1575.17529296875,2576.802978515625,2078.185941043084,3186.9387755102043,2078.185941043084,-13.89018969798351,-23.299227742368338,-12.367721650642663,0.9152524884867287,0.7720307075603028,0.8999342943634827,-17.534887692958286,-17.781377186703043,-16.612043943322394,0.9254735682345919,0.8621536212095315,0.9157975386978113,0.965648982322974,0.8604616758213438,0.9560471310583888,0.8281064428217734,0.7423931328498347,0.8126966939318409
ok,,09,transformer.single_transformer_blocks.8,single,8,dry_to_reverberant,negative,positive,1.0,645,3.8670620918273926,7.801121234893799,3.708765983581543,1795.0426025390625,2576.802978515625,1575.17529296875,3192.743764172336,2078.185941043084,3186.9387755102043,-20.937661718613697,-12.367721650642663,-23.299227742368338,0.7663381868552211,0.8999342943634827,0.7720307075603028,-18.313416102912925,-16.612043943322394,-17.781377186703043,0.8586738139050403,0.9157975386978113,0.8621536212095315,0.8491256841538882,0.9560471310583888,0.8604616758213438,0.7414269505884806,0.8126966939318409,0.7423931328498347
ok,,09,transformer.single_transformer_blocks.9,single,9,reverberant_to_dry,positive,negative,1.0,645,7.409515380859375,3.708765983581543,7.801121234893799,2476.80712890625,1575.17529296875,2576.802978515625,2037.5510204081634,3186.9387755102043,2078.185941043084,-13.562902384120534,-23.299227742368338,-12.367721650642663,0.9158335082409413,0.7720307075603028,0.8999342943634827,-17.128934213194956,-17.781377186703043,-16.612043943322394,0.9250094508254879,0.8621536212095315,0.9157975386978113,0.9651576913907187,0.8604616758213438,0.9560471310583888,0.8288716046630091,0.7423931328498347,0.8126966939318409
ok,,09,transformer.single_transformer_blocks.9,single,9,dry_to_reverberant,negative,positive,1.0,645,3.997831344604492,7.801121234893799,3.708765983581543,1762.1953125,2576.802978515625,1575.17529296875,3221.7687074829932,2078.185941043084,3186.9387755102043,-21.334072681278737,-12.367721650642663,-23.299227742368338,0.7538170379850183,0.8999342943634827,0.7720307075603028,-18.545592774250434,-16.612043943322394,-17.781377186703043,0.8526017048752267,0.9157975386978113,0.8621536212095315,0.8420536168747998,0.9560471310583888,0.8604616758213438,0.729536671670048,0.8126966939318409,0.7423931328498347
ok,,10,transformer.transformer_blocks.3,dual,3,reverberant_to_dry,positive,negative,1.0,,11.14651870727539,7.80165958404541,13.26373291015625,2814.11474609375,2829.835205078125,3201.0517578125,23.219954648526077,17.414965986394556,121.9047619047619,-12.934236852830022,-15.600893785865594,-7.748896306809913,1.6134663477308155e-06,9.45292879410273e-06,7.083848853592955e-08,0.5334406350609656,-0.6580941668124486,2.3421333386294623,0.15644481204028224,0.17927664121436185,0.13084293806179856,2.2498339455633136e-06,1.3689839534375511e-05,0.02417742944486762,9.489741198622882e-07,5.610924786740397e-06,4.945302512990529e-08
ok,,10,transformer.transformer_blocks.3,dual,3,dry_to_reverberant,negative,positive,1.0,,8.718369483947754,13.26373291015625,7.80165958404541,3297.12890625,3201.0517578125,2829.835205078125,17.414965986394556,121.9047619047619,17.414965986394556,-14.192816755495608,-7.748896306809913,-15.600893785865594,8.135887258162358e-06,7.083848853592955e-08,9.45292879410273e-06,0.6169304968349215,2.3421333386294623,-0.6580941668124486,0.15485440577698895,0.13084293806179856,0.17927664121436185,1.2119822428051353e-05,0.02417742944486762,1.3689839534375511e-05,4.87262955336677e-06,4.945302512990529e-08,5.610924786740397e-06
ok,,10,transformer.single_transformer_blocks.3,single,3,reverberant_to_dry,positive,negative,1.0,645,11.064741134643555,7.80165958404541,13.26373291015625,2905.541259765625,2829.835205078125,3201.0517578125,17.414965986394556,17.414965986394556,121.9047619047619,-11.015608514255153,-15.600893785865594,-7.748896306809913,1.5424500596122405e-06,9.45292879410273e-06,7.083848853592955e-08,-0.5865679803854205,-0.6580941668124486,2.3421333386294623,0.17790580490270538,0.17927664121436185,0.13084293806179856,2.170925864953473e-06,1.3689839534375511e-05,0.02417742944486762,9.119034233568022e-07,5.610924786740397e-06,4.945302512990529e-08
ok,,10,transformer.single_transformer_blocks.3,single,3,dry_to_reverberant,negative,positive,1.0,645,8.031222343444824,13.26373291015625,7.80165958404541,3226.947509765625,3201.0517578125,2829.835205078125,17.414965986394556,121.9047619047619,17.414965986394556,-14.122251296135547,-7.748896306809913,-15.600893785865594,7.0554011554795565e-06,7.083848853592955e-08,9.45292879410273e-06,0.16697539138780143,2.3421333386294623,-0.6580941668124486,0.16346798290159917,0.13084293806179856,0.17927664121436185,1.040426154360977e-05,0.02417742944486762,1.3689839534375511e-05,4.236764460003105e-06,4.945302512990529e-08,5.610924786740397e-06
ok,,10,transformer.single_transformer_blocks.6,single,6,reverberant_to_dry,positive,negative,1.0,645,11.498417854309082,7.80165958404541,13.26373291015625,2959.103515625,2829.835205078125,3201.0517578125,23.219954648526077,17.414965986394556,121.9047619047619,-11.081242286398606,-15.600893785865594,-7.748896306809913,1.6255050642010675e-06,9.45292879410273e-06,7.083848853592955e-08,0.2220349165683144,-0.6580941668124486,2.3421333386294623,0.16240822438778713,0.17927664121436185,0.13084293806179856,2.2875766064757445e-06,1.3689839534375511e-05,0.02417742944486762,9.595368832432955e-07,5.610924786740397e-06,4.945302512990529e-08
ok,,10,transformer.single_transformer_blocks.6,single,6,dry_to_reverberant,negative,positive,1.0,645,7.867611408233643,13.26373291015625,7.80165958404541,3191.1572265625,3201.0517578125,2829.835205078125,17.414965986394556,121.9047619047619,17.414965986394556,-14.002367839403046,-7.748896306809913,-15.600893785865594,8.662188342119157e-06,7.083848853592955e-08,9.45292879410273e-06,-0.9019751722384628,2.3421333386294623,-0.6580941668124486,0.18391800861674365,0.13084293806179856,0.17927664121436185,1.2787440121229924e-05,0.02417742944486762,1.3689839534375511e-05,5.205726570534287e-06,4.945302512990529e-08,5.610924786740397e-06
ok,,10,transformer.single_transformer_blocks.7,single,7,reverberant_to_dry,positive,negative,1.0,645,11.611406326293945,7.80165958404541,13.26373291015625,3002.336181640625,2829.835205078125,3201.0517578125,23.219954648526077,17.414965986394556,121.9047619047619,-11.227042857054519,-15.600893785865594,-7.748896306809913,1.7739781607816067e-06,9.45292879410273e-06,7.083848853592955e-08,0.6204489307156373,-0.6580941668124486,2.3421333386294623,0.15478275200476263,0.17927664121436185,0.13084293806179856,2.4977784317512685e-06,1.3689839534375511e-05,0.02417742944486762,1.046559371102753e-06,5.610924786740397e-06,4.945302512990529e-08
ok,,10,transformer.single_transformer_blocks.7,single,7,dry_to_reverberant,negative,positive,1.0,645,7.7408270835876465,13.26373291015625,7.80165958404541,3177.556396484375,3201.0517578125,2829.835205078125,17.414965986394556,121.9047619047619,17.414965986394556,-14.529976186109652,-7.748896306809913,-15.600893785865594,7.568200898237006e-06,7.083848853592955e-08,9.45292879410273e-06,-1.222635677650943,2.3421333386294623,-0.6580941668124486,0.1899783367876456,0.13084293806179856,0.17927664121436185,1.1074609746787398e-05,0.02417742944486762,1.3689839534375511e-05,4.54697590133789e-06,4.945302512990529e-08,5.610924786740397e-06
ok,,10,transformer.single_transformer_blocks.8,single,8,reverberant_to_dry,positive,negative,1.0,645,11.87909984588623,7.80165958404541,13.26373291015625,3032.811279296875,2829.835205078125,3201.0517578125,23.219954648526077,17.414965986394556,121.9047619047619,-10.988977048209037,-15.600893785865594,-7.748896306809913,1.6123697569759353e-06,9.45292879410273e-06,7.083848853592955e-08,0.7812635540942754,-0.6580941668124486,2.3421333386294623,0.15171699099137023,0.17927664121436185,0.13084293806179856,2.2745923446511354e-06,1.3689839534375511e-05,0.02417742944486762,9.523144189470771e-07,5.610924786740397e-06,4.945302512990529e-08
ok,,10,transformer.single_transformer_blocks.8,single,8,dry_to_reverberant,negative,positive,1.0,645,7.472378730773926,13.26373291015625,7.80165958404541,3163.09716796875,3201.0517578125,2829.835205078125,17.414965986394556,121.9047619047619,17.414965986394556,-15.002602462607012,-7.748896306809913,-15.600893785865594,7.679695457993993e-06,7.083848853592955e-08,9.45292879410273e-06,-1.380174059965817,2.3421333386294623,-0.6580941668124486,0.19293434988035577,0.13084293806179856,0.17927664121436185,1.120982146904654e-05,0.02417742944486762,1.3689839534375511e-05,4.612760926926268e-06,4.945302512990529e-08,5.610924786740397e-06
ok,,10,transformer.single_transformer_blocks.9,single,9,reverberant_to_dry,positive,negative,1.0,645,12.063970565795898,7.80165958404541,13.26373291015625,3082.839111328125,2829.835205078125,3201.0517578125,23.219954648526077,17.414965986394556,121.9047619047619,-10.139771500809484,-15.600893785865594,-7.748896306809913,1.4695208877590274e-06,9.45292879410273e-06,7.083848853592955e-08,1.3595550709596906,-0.6580941668124486,2.3421333386294623,0.1407911998874434,0.17927664121436185,0.13084293806179856,2.0736457942895436e-06,1.3689839534375511e-05,0.02417742944486762,8.687037878184238e-07,5.610924786740397e-06,4.945302512990529e-08
ok,,10,transformer.single_transformer_blocks.9,single,9,dry_to_reverberant,negative,positive,1.0,645,7.3625078201293945,13.26373291015625,7.80165958404541,3144.332763671875,3201.0517578125,2829.835205078125,17.414965986394556,121.9047619047619,17.414965986394556,-15.380630043989868,-7.748896306809913,-15.600893785865594,8.253456474341262e-06,7.083848853592955e-08,9.45292879410273e-06,-1.477179723650429,2.3421333386294623,-0.6580941668124486,0.1947466289754314,0.13084293806179856,0.17927664121436185,1.2053273772883778e-05,0.02417742944486762,1.3689839534375511e-05,4.954931771284795e-06,4.945302512990529e-08,5.610924786740397e-06
ok,,11,transformer.transformer_blocks.3,dual,3,reverberant_to_dry,positive,negative,1.0,,6.786523342132568,4.141253471374512,7.290665626525879,2057.1005859375,1490.5189208984375,2341.560546875,626.9387755102041,801.0884353741496,127.70975056689343,-19.19402413500398,-20.668419414471373,-16.11763921209698,0.05166858104894511,0.12989064806118342,0.003921001521549642,-1.8670420206702054,-2.2520426487574037,9.177487813848478,0.26828973302866194,0.3063645497798457,0.040752355625715005,0.19901885777350012,0.26243548176165576,0.013663086968414586,0.0,0.029849058318203357,0.0007730109543418548
ok,,11,transformer.transformer_blocks.3,dual,3,dry_to_reverberant,negative,positive,1.0,,7.5097479820251465,7.290665626525879,4.141253471374512,1656.5762939453125,2341.560546875,1490.5189208984375,388.93424036281175,127.70975056689343,801.0884353741496,-16.226754771124014,-16.11763921209698,-20.668419414471373,0.029462533301478112,0.003921001521549642,0.12989064806118342,3.4745430177703183,9.177487813848478,-2.2520426487574037,0.12878999101015398,0.040752355625715005,0.3063645497798457,0.06894875516708214,0.013663086968414586,0.26243548176165576,0.007404917518267918,0.0007730109543418548,0.029849058318203357
ok,,11,transformer.single_transformer_blocks.3,single,3,reverberant_to_dry,positive,negative,1.0,645,6.9790825843811035,4.141253471374512,7.290665626525879,2152.684814453125,1490.5189208984375,2341.560546875,197.36961451247166,801.0884353741496,127.70975056689343,-18.260215192330765,-20.668419414471373,-16.11763921209698,0.004003521374654996,0.12989064806118342,0.003921001521549642,8.068120155462234,-2.2520426487574037,9.177487813848478,0.04889345529161784,0.3063645497798457,0.040752355625715005,0.010798443348259796,0.26243548176165576,0.013663086968414586,0.0009167867317321814,0.029849058318203357,0.0007730109543418548
ok,,11,transformer.single_transformer_blocks.3,single,3,dry_to_reverberant,negative,positive,1.0,645,5.955570697784424,7.290665626525879,4.141253471374512,1625.1925048828125,2341.560546875,1490.5189208984375,783.6734693877551,127.70975056689343,801.0884353741496,-18.099693813176618,-16.11763921209698,-20.668419414471373,0.09410776060571184,0.003921001521549642,0.12989064806118342,1.8658136481863483,9.177487813848478,-2.2520426487574037,0.1936122346631921,0.040752355625715005,0.3063645497798457,0.1660779601194012,0.013663086968414586,0.26243548176165576,0.02054154141543845,0.0007730109543418548,0.029849058318203357
ok,,11,transformer.single_transformer_blocks.6,single,6,reverberant_to_dry,positive,negative,1.0,645,7.672727108001709,4.141253471374512,7.290665626525879,2224.64306640625,1490.5189208984375,2341.560546875,191.56462585034015,801.0884353741496,127.70975056689343,-17.675603147241308,-20.668419414471373,-16.11763921209698,0.0035134921815257905,0.12989064806118342,0.003921001521549642,8.800589173669449,-2.2520426487574037,9.177487813848478,0.042588049392703824,0.3063645497798457,0.040752355625715005,0.010538586152453816,0.26243548176165576,0.013663086968414586,0.0007678098224211899,0.029849058318203357,0.0007730109543418548
ok,,11,transformer.single_transformer_blocks.6,single,6,dry_to_reverberant,negative,positive,1.0,645,5.114434719085693,7.290665626525879,4.141253471374512,1533.20068359375,2341.560546875,1490.5189208984375,801.0884353741496,127.70975056689343,801.0884353741496,-19.64469790570007,-16.11763921209698,-20.668419414471373,0.12173841521041201,0.003921001521549642,0.12989064806118342,0.3171491517257447,9.177487813848478,-2.2520426487574037,0.24349349965602418,0.040752355625715005,0.3063645497798457,0.22220244086324598,0.013663086968414586,0.26243548176165576,0.026526521874159287,0.0007730109543418548,0.029849058318203357
ok,,11,transformer.single_transformer_blocks.7,single,7,reverberant_to_dry,positive,negative,1.0,645,7.719892501831055,4.141253471374512,7.290665626525879,2243.3037109375,1490.5189208984375,2341.560546875,127.70975056689343,801.0884353741496,127.70975056689343,-17.714851188042353,-20.668419414471373,-16.11763921209698,0.0037862326785969413,0.12989064806118342,0.003921001521549642,9.782202993936394,-2.2520426487574037,9.177487813848478,0.03572024528653071,0.3063645497798457,0.040752355625715005,0.011247957671081872,0.26243548176165576,0.013663086968414586,0.000773185768986707,0.029849058318203357,0.0007730109543418548
ok,,11,transformer.single_transformer_blocks.7,single,7,dry_to_reverberant,negative,positive,1.0,645,4.684369087219238,7.290665626525879,4.141253471374512,1524.5216064453125,2341.560546875,1490.5189208984375,801.0884353741496,127.70975056689343,801.0884353741496,-19.197813586350126,-16.11763921209698,-20.668419414471373,0.1344664826185192,0.003921001521549642,0.12989064806118342,-0.8596109371304749,9.177487813848478,-2.2520426487574037,0.27784533798101996,0.040752355625715005,0.3063645497798457,0.2541881757603707,0.013663086968414586,0.26243548176165576,0.030025576259379533,0.0007730109543418548,0.029849058318203357
ok,,11,transformer.single_transformer_blocks.8,single,8,reverberant_to_dry,positive,negative,1.0,645,7.544568061828613,4.141253471374512,7.290665626525879,2245.51953125,1490.5189208984375,2341.560546875,127.70975056689343,801.0884353741496,127.70975056689343,-17.550884489701858,-20.668419414471373,-16.11763921209698,0.004091946216959553,0.12989064806118342,0.003921001521549642,9.727058638474182,-2.2520426487574037,9.177487813848478,0.036336781717856655,0.3063645497798457,0.040752355625715005,0.01197418134964054,0.26243548176165576,0.013663086968414586,0.0007978385679766265,0.029849058318203357,0.0007730109543418548
ok,,11,transformer.single_transformer_blocks.8,single,8,dry_to_reverberant,negative,positive,1.0,645,4.562111854553223,7.290665626525879,4.141253471374512,1492.3880615234375,2341.560546875,1490.5189208984375,801.0884353741496,127.70975056689343,801.0884353741496,-20.149216940444923,-16.11763921209698,-20.668419414471373,0.1378866221956638,0.003921001521549642,0.12989064806118342,-1.229901610283954,9.177487813848478,-2.2520426487574037,0.28766170503531724,0.040752355625715005,0.3063645497798457,0.2615066920579287,0.013663086968414586,0.26243548176165576,0.03114900066658522,0.0007730109543418548,0.029849058318203357
ok,,11,transformer.single_transformer_blocks.9,single,9,reverberant_to_dry,positive,negative,1.0,645,7.759965419769287,4.141253471374512,7.290665626525879,2281.528076171875,1490.5189208984375,2341.560546875,127.70975056689343,801.0884353741496,127.70975056689343,-17.02756860843387,-20.668419414471373,-16.11763921209698,0.004218246660762911,0.12989064806118342,0.003921001521549642,9.553215916652075,-2.2520426487574037,9.177487813848478,0.037793305070746984,0.3063645497798457,0.040752355625715005,0.012800189616321614,0.26243548176165576,0.013663086968414586,0.0008031245294324328,0.029849058318203357,0.0007730109543418548
ok,,11,transformer.single_transformer_blocks.9,single,9,dry_to_reverberant,negative,positive,1.0,645,4.4376220703125,7.290665626525879,4.141253471374512,1480.009765625,2341.560546875,1490.5189208984375,801.0884353741496,127.70975056689343,801.0884353741496,-20.4691932402307,-16.11763921209698,-20.668419414471373,0.1422753239370437,0.003921001521549642,0.12989064806118342,-1.6187178735663026,9.177487813848478,-2.2520426487574037,0.298636798894294,0.040752355625715005,0.3063645497798457,0.2709680917020635,0.013663086968414586,0.26243548176165576,0.032825381631421964,0.0007730109543418548,0.029849058318203357
ok,,12,transformer.transformer_blocks.3,dual,3,reverberant_to_dry,positive,negative,1.0,,3.767693042755127,4.788007736206055,4.330665111541748,2984.9130859375,3133.583984375,2891.018310546875,272.8344671201814,400.5442176870748,133.51473922902494,-2.3532082746734617,-1.1178890602425113,-0.24976791312054042,0.0,0.8046103007237125,0.0,-3.6695485930490293,-2.7158560453894873,-0.6544096638864907,0.23316854084716795,0.7528748223005134,0.17919991066032703,0.0,0.8409443042179598,0.0,0.0,0.7662460552642872,0.0
ok,,12,transformer.transformer_blocks.3,dual,3,dry_to_reverberant,negative,positive,1.0,,4.655148029327393,4.330665111541748,4.788007736206055,2994.30810546875,2891.018310546875,3133.583984375,5.804988662131519,133.51473922902494,400.5442176870748,1.0962504522759926,-0.24976791312054042,-1.1178890602425113,0.0,0.0,0.8046103007237125,136.1063510068886,-0.6544096638864907,-2.7158560453894873,8.170406127255844e-15,0.17919991066032703,0.7528748223005134,0.0,0.0,0.8409443042179598,0.0,0.0,0.7662460552642872
ok,,12,transformer.single_transformer_blocks.3,single,3,reverberant_to_dry,positive,negative,1.0,645,3.6168935298919678,4.788007736206055,4.330665111541748,2949.7958984375,3133.583984375,2891.018310546875,272.8344671201814,400.5442176870748,133.51473922902494,-2.168051468383529,-1.1178890602425113,-0.24976791312054042,0.0,0.8046103007237125,0.0,-1.5818296416428863,-2.7158560453894873,-0.6544096638864907,0.19668798223007342,0.7528748223005134,0.17919991066032703,0.0,0.8409443042179598,0.0,0.0,0.7662460552642872,0.0
ok,,12,transformer.single_transformer_blocks.3,single,3,dry_to_reverberant,negative,positive,1.0,645,4.853590488433838,4.330665111541748,4.788007736206055,3000.790283203125,2891.018310546875,3133.583984375,5.804988662131519,133.51473922902494,400.5442176870748,0.5335730929156158,-0.24976791312054042,-1.1178890602425113,0.0,0.0,0.8046103007237125,136.75221080791198,-0.6544096638864907,-2.7158560453894873,7.041378088459528e-15,0.17919991066032703,0.7528748223005134,0.0,0.0,0.8409443042179598,0.0,0.0,0.7662460552642872
ok,,12,transformer.single_transformer_blocks.6,single,6,reverberant_to_dry,positive,negative,1.0,645,3.803115129470825,4.788007736206055,4.330665111541748,2952.334228515625,3133.583984375,2891.018310546875,179.95464852607708,400.5442176870748,133.51473922902494,-1.54839635730722,-1.1178890602425113,-0.24976791312054042,0.0,0.8046103007237125,0.0,-0.7694469442359024,-2.7158560453894873,-0.6544096638864907,0.18139247563448405,0.7528748223005134,0.17919991066032703,0.0,0.8409443042179598,0.0,0.0,0.7662460552642872,0.0
ok,,12,transformer.single_transformer_blocks.6,single,6,dry_to_reverberant,negative,positive,1.0,645,4.667649269104004,4.330665111541748,4.788007736206055,3005.584228515625,2891.018310546875,3133.583984375,5.804988662131519,133.51473922902494,400.5442176870748,-0.004271894807644612,-0.24976791312054042,-1.1178890602425113,0.0,0.0,0.8046103007237125,136.33554672579515,-0.6544096638864907,-2.7158560453894873,7.750399207173339e-15,0.17919991066032703,0.7528748223005134,0.0,0.0,0.8409443042179598,0.0,0.0,0.7662460552642872
ok,,12,transformer.single_transformer_blocks.7,single,7,reverberant_to_dry,positive,negative,1.0,645,3.870044708251953,4.788007736206055,4.330665111541748,3048.46875,3133.583984375,2891.018310546875,133.51473922902494,400.5442176870748,133.51473922902494,-0.6703624843655588,-1.1178890602425113,-0.24976791312054042,0.0,0.8046103007237125,0.0,-0.41237893627544664,-2.7158560453894873,-0.6544096638864907,0.17457353998025882,0.7528748223005134,0.17919991066032703,0.0,0.8409443042179598,0.0,0.0,0.7662460552642872,0.0
ok,,12,transformer.single_transformer_blocks.7,single,7,dry_to_reverberant,negative,positive,1.0,645,4.632401943206787,4.330665111541748,4.788007736206055,3011.140625,2891.018310546875,3133.583984375,5.804988662131519,133.51473922902494,400.5442176870748,-0.4321069468302552,-0.24976791312054042,-1.1178890602425113,0.0,0.0,0.8046103007237125,135.81913939121375,-0.6544096638864907,-2.7158560453894873,8.729006284362175e-15,0.17919991066032703,0.7528748223005134,0.0,0.0,0.8409443042179598,0.0,0.0,0.7662460552642872
ok,,12,transformer.single_transformer_blocks.8,single,8,reverberant_to_dry,positive,negative,1.0,645,3.9713294506073,4.788007736206055,4.330665111541748,3069.645263671875,3133.583984375,2891.018310546875,127.70975056689343,400.5442176870748,133.51473922902494,-0.3204251803701718,-1.1178890602425113,-0.24976791312054042,0.0,0.8046103007237125,0.0,-0.12697022191739352,-2.7158560453894873,-0.6544096638864907,0.16910282431392376,0.7528748223005134,0.17919991066032703,0.0,0.8409443042179598,0.0,0.0,0.7662460552642872,0.0
ok,,12,transformer.single_transformer_blocks.8,single,8,dry_to_reverberant,negative,positive,1.0,645,4.593763828277588,4.330665111541748,4.788007736206055,3017.779296875,2891.018310546875,3133.583984375,5.804988662131519,133.51473922902494,400.5442176870748,-0.7225078433180996,-0.24976791312054042,-1.1178890602425113,0.0,0.0,0.8046103007237125,135.68957954201696,-0.6544096638864907,-2.7158560453894873,8.993335413700597e-15,0.17919991066032703,0.7528748223005134,0.0,0.0,0.8409443042179598,0.0,0.0,0.7662460552642872
ok,,12,transformer.single_transformer_blocks.9,single,9,reverberant_to_dry,positive,negative,1.0,645,3.99216890335083,4.788007736206055,4.330665111541748,3054.001708984375,3133.583984375,2891.018310546875,127.70975056689343,400.5442176870748,133.51473922902494,-0.2862248388808415,-1.1178890602425113,-0.24976791312054042,0.0,0.8046103007237125,0.0,0.14454986215159632,-2.7158560453894873,-0.6544096638864907,0.16389326971433493,0.7528748223005134,0.17919991066032703,0.0,0.8409443042179598,0.0,0.0,0.7662460552642872,0.0
ok,,12,transformer.single_transformer_blocks.9,single,9,dry_to_reverberant,negative,positive,1.0,645,4.614201545715332,4.330665111541748,4.788007736206055,3022.705810546875,2891.018310546875,3133.583984375,5.804988662131519,133.51473922902494,400.5442176870748,-0.666976826996133,-0.24976791312054042,-1.1178890602425113,0.0,0.0,0.8046103007237125,135.65442899475613,-0.6544096638864907,-2.7158560453894873,9.066420250837703e-15,0.17919991066032703,0.7528748223005134,0.0,0.0,0.8409443042179598,0.0,0.0,0.7662460552642872
ok,,13,transformer.transformer_blocks.3,dual,3,reverberant_to_dry,positive,negative,1.0,,10.024504661560059,10.486063003540039,13.224468231201172,1046.1328125,1394.0789794921875,1032.6417236328125,156.73469387755102,301.85941043083903,150.92970521541952,-30.030317368632787,-25.298967259006858,-28.596550614133854,0.7448802918030819,0.5198271087344297,0.7936009759652748,6.7763342623472544,-8.266507737705089,7.3093382419100585,0.5542958734670625,0.6497291167491014,0.5813432478047292,0.7472415297329633,0.639608063762395,0.7950929205952967,0.7420437249762702,0.4392996216315842,0.792243127402264
ok,,13,transformer.transformer_blocks.3,dual,3,dry_to_reverberant,negative,positive,1.0,,14.539787292480469,13.224468231201172,10.486063003540039,1454.0697021484375,1032.6417236328125,1394.0789794921875,301.85941043083903,150.92970521541952,301.85941043083903,-23.42014432632755,-28.596550614133854,-25.298967259006858,0.6703433845852653,0.7936009759652748,0.5198271087344297,-6.390637530357832,7.3093382419100585,-8.266507737705089,0.7271646176442403,0.5813432478047292,0.6497291167491014,0.745279073751247,0.7950929205952967,0.639608063762395,0.6229297093740508,0.792243127402264,0.4392996216315842
ok,,13,transformer.single_transformer_blocks.3,single,3,reverberant_to_dry,positive,negative,1.0,645,10.783251762390137,10.486063003540039,13.224468231201172,1009.6023559570312,1394.0789794921875,1032.6417236328125,156.73469387755102,301.85941043083903,150.92970521541952,-30.4566739113427,-25.298967259006858,-28.596550614133854,0.7796461640853296,0.5198271087344297,0.7936009759652748,6.86451545357354,-8.266507737705089,7.3093382419100585,0.5766211313283564,0.6497291167491014,0.5813432478047292,0.7815623589190336,0.639608063762395,0.7950929205952967,0.7775923647789468,0.4392996216315842,0.792243127402264
ok,,13,transformer.single_transformer_blocks.3,single,3,dry_to_reverberant,negative,positive,1.0,645,13.244234085083008,13.224468231201172,10.486063003540039,1497.699951171875,1032.6417236328125,1394.0789794921875,301.85941043083903,150.92970521541952,301.85941043083903,-23.086599705517973,-28.596550614133854,-25.298967259006858,0.6387863823861014,0.7936009759652748,0.5198271087344297,-6.184380962086497,7.3093382419100585,-8.266507737705089,0.7030837132728172,0.5813432478047292,0.6497291167491014,0.724377506468445,0.7950929205952967,0.639608063762395,0.5789079172331499,0.792243127402264,0.4392996216315842
ok,,13,transformer.single_transformer_blocks.6,single,6,reverberant_to_dry,positive,negative,1.0,645,11.828145027160645,10.486063003540039,13.224468231201172,1000.9998779296875,1394.0789794921875,1032.6417236328125,156.73469387755102,301.85941043083903,150.92970521541952,-30.42761890927311,-25.298967259006858,-28.596550614133854,0.7862725115762167,0.5198271087344297,0.7936009759652748,7.034204848665518,-8.266507737705089,7.3093382419100585,0.5792552713644298,0.6497291167491014,0.5813432478047292,0.7880105913204888,0.639608063762395,0.7950929205952967,0.7845069777336281,0.4392996216315842,0.792243127402264
ok,,13,transformer.single_transformer_blocks.6,single,6,dry_to_reverberant,negative,positive,1.0,645,13.284212112426758,13.224468231201172,10.486063003540039,1490.296142578125,1032.6417236328125,1394.0789794921875,301.85941043083903,150.92970521541952,301.85941043083903,-23.020585125142855,-28.596550614133854,-25.298967259006858,0.5985916688507991,0.7936009759652748,0.5198271087344297,-6.809252877974967,7.3093382419100585,-8.266507737705089,0.682870340140327,0.5813432478047292,0.6497291167491014,0.6933943088236466,0.7950929205952967,0.639608063762395,0.5277343345474367,0.792243127402264,0.4392996216315842
ok,,13,transformer.single_transformer_blocks.7,single,7,reverberant_to_dry,positive,negative,1.0,645,12.679170608520508,10.486063003540039,13.224468231201172,1004.3843994140625,1394.0789794921875,1032.6417236328125,156.73469387755102,301.85941043083903,150.92970521541952,-30.35043416040111,-25.298967259006858,-28.596550614133854,0.7905628003826336,0.5198271087344297,0.7936009759652748,7.166593252551951,-8.266507737705089,7.3093382419100585,0.5807285518252884,0.6497291167491014,0.5813432478047292,0.7922621564189661,0.639608063762395,0.7950929205952967,0.7888373996925502,0.4392996216315842,0.792243127402264
ok,,13,transformer.single_transformer_blocks.7,single,7,dry_to_reverberant,negative,positive,1.0,645,13.363261222839355,13.224468231201172,10.486063003540039,1489.615478515625,1032.6417236328125,1394.0789794921875,301.85941043083903,150.92970521541952,301.85941043083903,-23.43887390339079,-28.596550614133854,-25.298967259006858,0.5934077091303349,0.7936009759652748,0.5198271087344297,-6.870128646557689,7.3093382419100585,-8.266507737705089,0.6792634219656093,0.5813432478047292,0.6497291167491014,0.6838890609597916,0.7950929205952967,0.639608063762395,0.5244269795186515,0.792243127402264,0.4392996216315842
ok,,13,transformer.single_transformer_blocks.8,single,8,reverberant_to_dry,positive,negative,1.0,645,13.22302532196045,10.486063003540039,13.224468231201172,1008.4567260742188,1394.0789794921875,1032.6417236328125,156.73469387755102,301.85941043083903,150.92970521541952,-30.337949103748933,-25.298967259006858,-28.596550614133854,0.7899186057158829,0.5198271087344297,0.7936009759652748,7.11024477520259,-8.266507737705089,7.3093382419100585,0.5808590317799424,0.6497291167491014,0.5813432478047292,0.7915204824560875,0.639608063762395,0.7950929205952967,0.7882094251466562,0.4392996216315842,0.792243127402264
ok,,13,transformer.single_transformer_blocks.8,single,8,dry_to_reverberant,negative,positive,1.0,645,11.96742057800293,13.224468231201172,10.486063003540039,1487.125244140625,1032.6417236328125,1394.0789794921875,301.85941043083903,150.92970521541952,301.85941043083903,-23.623449722373756,-28.596550614133854,-25.298967259006858,0.5519160138588253,0.7936009759652748,0.5198271087344297,-7.333505476216082,7.3093382419100585,-8.266507737705089,0.6582103589642044,0.5813432478047292,0.6497291167491014,0.650053935783816,0.7950929205952967,0.639608063762395,0.4805369151984771,0.792243127402264,0.4392996216315842
ok,,13,transformer.single_transformer_blocks.9,single,9,reverberant_to_dry,positive,negative,1.0,645,13.0472412109375,10.486063003540039,13.224468231201172,1013.2034301757812,1394.0789794921875,1032.6417236328125,156.73469387755102,301.85941043083903,150.92970521541952,-30.27756602193422,-25.298967259006858,-28.596550614133854,0.7878081965892575,0.5198271087344297,0.7936009759652748,7.30779550372188,-8.266507737705089,7.3093382419100585,0.5774171756069421,0.6497291167491014,0.5813432478047292,0.7894701511862143,0.639608063762395,0.7950929205952967,0.7860407343092023,0.4392996216315842,0.792243127402264
ok,,13,transformer.single_transformer_blocks.9,single,9,dry_to_reverberant,negative,positive,1.0,645,11.60131549835205,13.224468231201172,10.486063003540039,1485.4228515625,1032.6417236328125,1394.0789794921875,301.85941043083903,150.92970521541952,301.85941043083903,-23.34590549009547,-28.596550614133854,-25.298967259006858,0.5432997772849868,0.7936009759652748,0.5198271087344297,-7.677284706904447,7.3093382419100585,-8.266507737705089,0.6564356732427793,0.5813432478047292,0.6497291167491014,0.6444036276976746,0.7950929205952967,0.639608063762395,0.47072449161359714,0.792243127402264,0.4392996216315842
ok,,14,transformer.transformer_blocks.3,dual,3,reverberant_to_dry,positive,negative,1.0,,8.461316108703613,4.53637170791626,10.490734100341797,1907.572021484375,1528.38916015625,2269.458984375,417.9591836734694,539.8639455782312,116.09977324263039,-19.165295178985428,-21.953149027505866,-18.09176445533295,0.06789733303806308,0.21500506189783197,0.08332796416978568,-9.299319886623078,-0.5526597403672915,-9.69777858599547,0.44770046179804157,0.36279822514499366,0.47609789791324086,0.44062731781930264,0.36951261155160664,0.52004683103136,0.007626012476770712,0.18711127430423466,0.005073180321003641
ok,,14,transformer.transformer_blocks.3,dual,3,dry_to_reverberant,negative,positive,1.0,,10.322803497314453,10.490734100341797,4.53637170791626,1808.62060546875,2269.458984375,1528.38916015625,121.9047619047619,116.09977324263039,539.8639455782312,-19.06050731047946,-18.09176445533295,-21.953149027505866,0.09334868387637824,0.08332796416978568,0.21500506189783197,4.306728443520502,-9.69777858599547,-0.5526597403672915,0.18463801266894556,0.47609789791324086,0.36279822514499366,0.19886065332718592,0.52004683103136,0.36951261155160664,0.0844692353735203,0.005073180321003641,0.18711127430423466
ok,,14,transformer.single_transformer_blocks.3,single,3,reverberant_to_dry,positive,negative,1.0,645,9.488847732543945,4.53637170791626,10.490734100341797,2023.982177734375,1528.38916015625,2269.458984375,423.7641723356009,539.8639455782312,116.09977324263039,-19.00840893885807,-21.953149027505866,-18.09176445533295,0.07846732553759372,0.21500506189783197,0.08332796416978568,-8.59238448977461,-0.5526597403672915,-9.69777858599547,0.4462302665822155,0.36279822514499366,0.47609789791324086,0.4520427663928862,0.36951261155160664,0.52004683103136,0.008130102648435234,0.18711127430423466,0.005073180321003641
ok,,14,transformer.single_transformer_blocks.3,single,3,dry_to_reverberant,negative,positive,1.0,645,10.003701210021973,10.490734100341797,4.53637170791626,1732.408935546875,2269.458984375,1528.38916015625,220.58956916099774,116.09977324263039,539.8639455782312,-18.920621424431054,-18.09176445533295,-21.953149027505866,0.133509888643865,0.08332796416978568,0.21500506189783197,2.558690665902997,-9.69777858599547,-0.5526597403672915,0.24931473913696198,0.47609789791324086,0.36279822514499366,0.270200263400364,0.52004683103136,0.36951261155160664,0.12091641000136759,0.005073180321003641,0.18711127430423466
ok,,14,transformer.single_transformer_blocks.6,single,6,reverberant_to_dry,positive,negative,1.0,645,10.345611572265625,4.53637170791626,10.490734100341797,2057.800537109375,1528.38916015625,2269.458984375,127.70975056689343,539.8639455782312,116.09977324263039,-18.789410901163752,-21.953149027505866,-18.09176445533295,0.07760147287688594,0.21500506189783197,0.08332796416978568,-8.136854389808475,-0.5526597403672915,-9.69777858599547,0.4488209583961475,0.36279822514499366,0.47609789791324086,0.4714424760526133,0.36951261155160664,0.52004683103136,0.00814843338246547,0.18711127430423466,0.005073180321003641
ok,,14,transformer.single_transformer_blocks.6,single,6,dry_to_reverberant,negative,positive,1.0,645,7.971376419067383,10.490734100341797,4.53637170791626,1732.1107177734375,2269.458984375,1528.38916015625,220.58956916099774,116.09977324263039,539.8639455782312,-19.606730666433613,-18.09176445533295,-21.953149027505866,0.1394663323594699,0.08332796416978568,0.21500506189783197,2.324380627043037,-9.69777858599547,-0.5526597403672915,0.2518272765858684,0.47609789791324086,0.36279822514499366,0.26192556242810994,0.52004683103136,0.36951261155160664,0.12425333871686536,0.005073180321003641,0.18711127430423466
ok,,14,transformer.single_transformer_blocks.7,single,7,reverberant_to_dry,positive,negative,1.0,645,11.04949951171875,4.53637170791626,10.490734100341797,2070.419189453125,1528.38916015625,2269.458984375,116.09977324263039,539.8639455782312,116.09977324263039,-18.5507325309045,-21.953149027505866,-18.09176445533295,0.0767302404338385,0.21500506189783197,0.08332796416978568,-8.312489004978778,-0.5526597403672915,-9.69777858599547,0.4517106474527061,0.36279822514499366,0.47609789791324086,0.47569392783609543,0.36951261155160664,0.52004683103136,0.00796776518603526,0.18711127430423466,0.005073180321003641
ok,,14,transformer.single_transformer_blocks.7,single,7,dry_to_reverberant,negative,positive,1.0,645,6.9528045654296875,10.490734100341797,4.53637170791626,1709.40478515625,2269.458984375,1528.38916015625,301.85941043083903,116.09977324263039,539.8639455782312,-19.480036377925998,-18.09176445533295,-21.953149027505866,0.16772287943024417,0.08332796416978568,0.21500506189783197,1.268339314992991,-9.69777858599547,-0.5526597403672915,0.29383420097843643,0.47609789791324086,0.36279822514499366,0.3051755203801755,0.52004683103136,0.36951261155160664,0.1488240166240284,0.005073180321003641,0.18711127430423466
ok,,14,transformer.single_transformer_blocks.8,single,8,reverberant_to_dry,positive,negative,1.0,645,11.10157585144043,4.53637170791626,10.490734100341797,2110.483642578125,1528.38916015625,2269.458984375,116.09977324263039,539.8639455782312,116.09977324263039,-18.23864187966575,-21.953149027505866,-18.09176445533295,0.0797423297946568,0.21500506189783197,0.08332796416978568,-8.257911141737445,-0.5526597403672915,-9.69777858599547,0.4496545987982365,0.36279822514499366,0.47609789791324086,0.4713292688548837,0.36951261155160664,0.52004683103136,0.007578491310520722,0.18711127430423466,0.005073180321003641
ok,,14,transformer.single_transformer_blocks.8,single,8,dry_to_reverberant,negative,positive,1.0,645,6.363017559051514,10.490734100341797,4.53637170791626,1706.08251953125,2269.458984375,1528.38916015625,307.6643990929705,116.09977324263039,539.8639455782312,-19.480677061105855,-18.09176445533295,-21.953149027505866,0.1721892662789084,0.08332796416978568,0.21500506189783197,0.9293304513976921,-9.69777858599547,-0.5526597403672915,0.30745902556734045,0.47609789791324086,0.36279822514499366,0.3236815930020358,0.52004683103136,0.36951261155160664,0.15198884075537245,0.005073180321003641,0.18711127430423466
ok,,14,transformer.single_transformer_blocks.9,single,9,reverberant_to_dry,positive,negative,1.0,645,10.713582992553711,4.53637170791626,10.490734100341797,2117.80224609375,1528.38916015625,2269.458984375,116.09977324263039,539.8639455782312,116.09977324263039,-17.654639758346647,-21.953149027505866,-18.09176445533295,0.07952297136334094,0.21500506189783197,0.08332796416978568,-8.612596085796154,-0.5526597403672915,-9.69777858599547,0.4578071075282666,0.36279822514499366,0.47609789791324086,0.4866871328644257,0.36951261155160664,0.52004683103136,0.0077204505306435875,0.18711127430423466,0.005073180321003641
ok,,14,transformer.single_transformer_blocks.9,single,9,dry_to_reverberant,negative,positive,1.0,645,6.11632776260376,10.490734100341797,4.53637170791626,1693.8502197265625,2269.458984375,1528.38916015625,307.6643990929705,116.09977324263039,539.8639455782312,-19.519129191948174,-18.09176445533295,-21.953149027505866,0.16917403991128493,0.08332796416978568,0.21500506189783197,0.9637810570607486,-9.69777858599547,-0.5526597403672915,0.3029368856948024,0.47609789791324086,0.36279822514499366,0.314826130408698,0.52004683103136,0.36951261155160664,0.14923765136395917,0.005073180321003641,0.18711127430423466
ok,,15,transformer.transformer_blocks.3,dual,3,reverberant_to_dry,positive,negative,1.0,,5.553394317626953,2.375261068344116,6.981049060821533,1481.6085205078125,942.9651489257812,1742.9541015625,243.8095238095238,249.61451247165533,383.1292517006803,-27.411999382357664,-37.189604692379234,-24.052635125463496,0.0,0.7907043158050893,0.0,-11.321100286684079,-9.968868459980765,-9.564602634952358,0.3654013375747866,0.8321287596417454,0.3547999797750563,0.16490737718340792,0.8605152376105805,0.16394128611067188,0.0,0.7273742937030896,0.0
ok,,15,transformer.transformer_blocks.3,dual,3,dry_to_reverberant,negative,positive,1.0,,2.9515466690063477,6.981049060821533,2.375261068344116,997.2971801757812,1742.9541015625,942.9651489257812,400.5442176870748,383.1292517006803,249.61451247165533,-35.86753796028518,-24.052635125463496,-37.189604692379234,0.7270654472977833,0.0,0.7907043158050893,-7.682259098017732,-9.564602634952358,-9.968868459980765,0.7763311930752649,0.3547999797750563,0.8321287596417454,0.789651454587937,0.16394128611067188,0.8605152376105805,0.6850206146635328,0.0,0.7273742937030896
ok,,15,transformer.single_transformer_blocks.3,single,3,reverberant_to_dry,positive,negative,1.0,645,5.831221103668213,2.375261068344116,6.981049060821533,1637.4791259765625,942.9651489257812,1742.9541015625,336.68934240362813,249.61451247165533,383.1292517006803,-23.6626438075119,-37.189604692379234,-24.052635125463496,0.0,0.7907043158050893,0.0,-9.86950728808948,-9.968868459980765,-9.564602634952358,0.34276063039983445,0.8321287596417454,0.3547999797750563,0.12170492214720945,0.8605152376105805,0.16394128611067188,0.0,0.7273742937030896,0.0
ok,,15,transformer.single_transformer_blocks.3,single,3,dry_to_reverberant,negative,positive,1.0,645,2.7107458114624023,6.981049060821533,2.375261068344116,967.7694702148438,1742.9541015625,942.9651489257812,400.5442176870748,383.1292517006803,249.61451247165533,-34.918186711774204,-24.052635125463496,-37.189604692379234,0.719036208693887,0.0,0.7907043158050893,-8.606555666707678,-9.564602634952358,-9.968868459980765,0.7789133862526066,0.3547999797750563,0.8321287596417454,0.7897512433723579,0.16394128611067188,0.8605152376105805,0.6681231699571715,0.0,0.7273742937030896
ok,,15,transformer.single_transformer_blocks.6,single,6,reverberant_to_dry,positive,negative,1.0,645,6.097261428833008,2.375261068344116,6.981049060821533,1630.7490234375,942.9651489257812,1742.9541015625,336.68934240362813,249.61451247165533,383.1292517006803,-24.57271004789808,-37.189604692379234,-24.052635125463496,0.0,0.7907043158050893,0.0,-9.423852366567951,-9.968868459980765,-9.564602634952358,0.3489434259076869,0.8321287596417454,0.3547999797750563,0.14931446728553902,0.8605152376105805,0.16394128611067188,0.0,0.7273742937030896,0.0
ok,,15,transformer.single_transformer_blocks.6,single,6,dry_to_reverberant,negative,positive,1.0,645,2.7179512977600098,6.981049060821533,2.375261068344116,969.2098388671875,1742.9541015625,942.9651489257812,249.61451247165533,383.1292517006803,249.61451247165533,-32.866341790460105,-24.052635125463496,-37.189604692379234,0.755748760946906,0.0,0.7907043158050893,-8.802230281779684,-9.564602634952358,-9.968868459980765,0.8029680538279255,0.3547999797750563,0.8321287596417454,0.8245424636875845,0.16394128611067188,0.8605152376105805,0.7007805736335733,0.0,0.7273742937030896
ok,,15,transformer.single_transformer_blocks.7,single,7,reverberant_to_dry,positive,negative,1.0,645,6.45804500579834,2.375261068344116,6.981049060821533,1630.1240234375,942.9651489257812,1742.9541015625,336.68934240362813,249.61451247165533,383.1292517006803,-24.464735684731224,-37.189604692379234,-24.052635125463496,0.0,0.7907043158050893,0.0,-9.349200071929287,-9.968868459980765,-9.564602634952358,0.345799682555115,0.8321287596417454,0.3547999797750563,0.14147517025859208,0.8605152376105805,0.16394128611067188,0.0,0.7273742937030896,0.0
ok,,15,transformer.single_transformer_blocks.7,single,7,dry_to_reverberant,negative,positive,1.0,645,2.404069423675537,6.981049060821533,2.375261068344116,935.4041748046875,1742.9541015625,942.9651489257812,400.5442176870748,383.1292517006803,249.61451247165533,-33.710031796878305,-24.052635125463496,-37.189604692379234,0.7815635936110039,0.0,0.7907043158050893,-8.900457020952665,-9.564602634952358,-9.968868459980765,0.818968735876373,0.3547999797750563,0.8321287596417454,0.8471983495652831,0.16394128611067188,0.8605152376105805,0.7238202769641988,0.0,0.7273742937030896
ok,,15,transformer.single_transformer_blocks.8,single,8,reverberant_to_dry,positive,negative,1.0,645,6.473442077636719,2.375261068344116,6.981049060821533,1685.26904296875,942.9651489257812,1742.9541015625,383.1292517006803,249.61451247165533,383.1292517006803,-24.53738655775632,-37.189604692379234,-24.052635125463496,0.0,0.7907043158050893,0.0,-9.05042071496682,-9.968868459980765,-9.564602634952358,0.3478847999209857,0.8321287596417454,0.3547999797750563,0.15432235137808595,0.8605152376105805,0.16394128611067188,0.0,0.7273742937030896,0.0
ok,,15,transformer.single_transformer_blocks.8,single,8,dry_to_reverberant,negative,positive,1.0,645,2.3755738735198975,6.981049060821533,2.375261068344116,935.1227416992188,1742.9541015625,942.9651489257812,400.5442176870748,383.1292517006803,249.61451247165533,-33.520592366755096,-24.052635125463496,-37.189604692379234,0.07209175988530664,0.0,0.7907043158050893,-19.435877329138197,-9.564602634952358,-9.968868459980765,0.47170671719017276,0.3547999797750563,0.8321287596417454,0.42637902318411125,0.16394128611067188,0.8605152376105805,0.0,0.0,0.7273742937030896
ok,,15,transformer.single_transformer_blocks.9,single,9,reverberant_to_dry,positive,negative,1.0,645,6.532968044281006,2.375261068344116,6.981049060821533,1706.06591796875,942.9651489257812,1742.9541015625,383.1292517006803,249.61451247165533,383.1292517006803,-24.612766981299036,-37.189604692379234,-24.052635125463496,0.0,0.7907043158050893,0.0,-9.05913162188222,-9.968868459980765,-9.564602634952358,0.34815122854595987,0.8321287596417454,0.3547999797750563,0.15492438329809197,0.8605152376105805,0.16394128611067188,0.0,0.7273742937030896,0.0
ok,,15,transformer.single_transformer_blocks.9,single,9,dry_to_reverberant,negative,positive,1.0,645,2.3998923301696777,6.981049060821533,2.375261068344116,936.7673950195312,1742.9541015625,942.9651489257812,400.5442176870748,383.1292517006803,249.61451247165533,-33.306629289223785,-24.052635125463496,-37.189604692379234,0.07254502741099886,0.0,0.7907043158050893,-19.204371587283404,-9.564602634952358,-9.968868459980765,0.4708449982967154,0.3547999797750563,0.8321287596417454,0.42440300211306853,0.16394128611067188,0.8605152376105805,0.0,0.0,0.7273742937030896
ok,,16,transformer.transformer_blocks.3,dual,3,reverberant_to_dry,positive,negative,1.0,,5.195985317230225,7.857271194458008,3.1578073501586914,1638.5662841796875,2215.549560546875,1309.46044921875,197.36961451247166,934.6031746031747,185.75963718820861,-15.051699470367055,-9.39549409346739,-26.141554030864526,0.0,0.4025101769194225,0.0,-10.011705081713927,-9.136151502206525,-9.01805936150912,0.3282638352607308,0.5716274171328904,0.32397406772588333,0.07547809878674636,0.6152174693383058,0.08332566368422618,0.0,0.208404767960361,0.0
ok,,16,transformer.transformer_blocks.3,dual,3,dry_to_reverberant,negative,positive,1.0,,7.9286346435546875,3.1578073501586914,7.857271194458008,1858.7279052734375,1309.46044921875,2215.549560546875,1886.6213151927439,185.75963718820861,934.6031746031747,-14.930067612238817,-26.141554030864526,-9.39549409346739,0.47113786678712544,0.0,0.4025101769194225,-10.117099337494945,-9.01805936150912,-9.136151502206525,0.6169302914016951,0.32397406772588333,0.5716274171328904,0.6524645105544237,0.08332566368422618,0.6152174693383058,0.28703154112083784,0.0,0.208404767960361
ok,,16,transformer.single_transformer_blocks.3,single,3,reverberant_to_dry,positive,negative,1.0,645,4.688346862792969,7.857271194458008,3.1578073501586914,1743.0943603515625,2215.549560546875,1309.46044921875,197.36961451247166,934.6031746031747,185.75963718820861,-15.130595543477138,-9.39549409346739,-26.141554030864526,0.0,0.4025101769194225,0.0,-9.161846174313013,-9.136151502206525,-9.01805936150912,0.32107650839783897,0.5716274171328904,0.32397406772588333,0.07139744391472123,0.6152174693383058,0.08332566368422618,0.0,0.208404767960361,0.0
ok,,16,transformer.single_transformer_blocks.3,single,3,dry_to_reverberant,negative,positive,1.0,645,7.398711681365967,3.1578073501586914,7.857271194458008,1857.649169921875,1309.46044921875,2215.549560546875,1091.3378684807255,185.75963718820861,934.6031746031747,-14.401646171250205,-26.141554030864526,-9.39549409346739,0.4463896423320008,0.0,0.4025101769194225,-10.28476567258426,-9.01805936150912,-9.136151502206525,0.6068660326184944,0.32397406772588333,0.5716274171328904,0.6521155716710946,0.08332566368422618,0.6152174693383058,0.2541160341532259,0.0,0.208404767960361
ok,,16,transformer.single_transformer_blocks.6,single,6,reverberant_to_dry,positive,negative,1.0,645,4.031726837158203,7.857271194458008,3.1578073501586914,1683.30126953125,2215.549560546875,1309.46044921875,197.36961451247166,934.6031746031747,185.75963718820861,-16.33613886587151,-9.39549409346739,-26.141554030864526,0.0,0.4025101769194225,0.0,-9.475828579073726,-9.136151502206525,-9.01805936150912,0.32473123059918435,0.5716274171328904,0.32397406772588333,0.0755822791480911,0.6152174693383058,0.08332566368422618,0.0,0.208404767960361,0.0
ok,,16,transformer.single_transformer_blocks.6,single,6,dry_to_reverberant,negative,positive,1.0,645,7.417811393737793,3.1578073501586914,7.857271194458008,1876.22119140625,1309.46044921875,2215.549560546875,1480.2721088435374,185.75963718820861,934.6031746031747,-13.87581216503758,-26.141554030864526,-9.39549409346739,0.43990070128266057,0.0,0.4025101769194225,-10.042260212779341,-9.01805936150912,-9.136151502206525,0.6000621751466648,0.32397406772588333,0.5716274171328904,0.6462134779352116,0.08332566368422618,0.6152174693383058,0.24408113717176216,0.0,0.208404767960361
ok,,16,transformer.single_transformer_blocks.7,single,7,reverberant_to_dry,positive,negative,1.0,645,3.755197286605835,7.857271194458008,3.1578073501586914,1655.3590087890625,2215.549560546875,1309.46044921875,185.75963718820861,934.6031746031747,185.75963718820861,-17.19695669752543,-9.39549409346739,-26.141554030864526,0.0,0.4025101769194225,0.0,-9.596164747775921,-9.136151502206525,-9.01805936150912,0.3260909050773962,0.5716274171328904,0.32397406772588333,0.0771645532131736,0.6152174693383058,0.08332566368422618,0.0,0.208404767960361,0.0
ok,,16,transformer.single_transformer_blocks.7,single,7,dry_to_reverberant,negative,positive,1.0,645,7.637888431549072,3.1578073501586914,7.857271194458008,1891.5902099609375,1309.46044921875,2215.549560546875,1526.7120181405896,185.75963718820861,934.6031746031747,-13.092363281750165,-26.141554030864526,-9.39549409346739,0.42172244354267713,0.0,0.4025101769194225,-9.656815168045327,-9.01805936150912,-9.136151502206525,0.5857768765709724,0.32397406772588333,0.5716274171328904,0.6289284450839019,0.08332566368422618,0.6152174693383058,0.22605649782164486,0.0,0.208404767960361
ok,,16,transformer.single_transformer_blocks.8,single,8,reverberant_to_dry,positive,negative,1.0,645,3.6310198307037354,7.857271194458008,3.1578073501586914,1608.7847900390625,2215.549560546875,1309.46044921875,197.36961451247166,934.6031746031747,185.75963718820861,-18.1539287383885,-9.39549409346739,-26.141554030864526,0.0,0.4025101769194225,0.0,-8.906754097886227,-9.136151502206525,-9.01805936150912,0.3221344350826792,0.5716274171328904,0.32397406772588333,0.08036922901133074,0.6152174693383058,0.08332566368422618,0.0,0.208404767960361,0.0
ok,,16,transformer.single_transformer_blocks.8,single,8,dry_to_reverberant,negative,positive,1.0,645,7.737479209899902,3.1578073501586914,7.857271194458008,1887.1622314453125,1309.46044921875,2215.549560546875,1526.7120181405896,185.75963718820861,934.6031746031747,-13.03936533523434,-26.141554030864526,-9.39549409346739,0.4245962340546041,0.0,0.4025101769194225,-9.674186842703987,-9.01805936150912,-9.136151502206525,0.5860616693720568,0.32397406772588333,0.5716274171328904,0.6338917575242469,0.08332566368422618,0.6152174693383058,0.22159566092617822,0.0,0.208404767960361
ok,,16,transformer.single_transformer_blocks.9,single,9,reverberant_to_dry,positive,negative,1.0,645,3.5666286945343018,7.857271194458008,3.1578073501586914,1600.7969970703125,2215.549560546875,1309.46044921875,185.75963718820861,934.6031746031747,185.75963718820861,-18.819347261615494,-9.39549409346739,-26.141554030864526,0.0,0.4025101769194225,0.0,-9.142045906922663,-9.136151502206525,-9.01805936150912,0.324487633450492,0.5716274171328904,0.32397406772588333,0.08207141866036684,0.6152174693383058,0.08332566368422618,0.0,0.208404767960361,0.0
ok,,16,transformer.single_transformer_blocks.9,single,9,dry_to_reverberant,negative,positive,1.0,645,7.581233501434326,3.1578073501586914,7.857271194458008,1891.8692626953125,1309.46044921875,2215.549560546875,1520.907029478458,185.75963718820861,934.6031746031747,-12.641009801448194,-26.141554030864526,-9.39549409346739,0.40369913631524046,0.0,0.4025101769194225,-9.485858916529157,-9.01805936150912,-9.136151502206525,0.5738500672325452,0.32397406772588333,0.5716274171328904,0.6167299302551912,0.08332566368422618,0.6152174693383058,0.20599862989897536,0.0,0.208404767960361
ok,,17,transformer.transformer_blocks.3,dual,3,reverberant_to_dry,positive,negative,1.0,,8.419393539428711,10.578655242919922,8.983675956726074,1603.4150390625,3021.548095703125,1902.906494140625,458.59410430839006,1102.9478458049887,406.3492063492063,-4.462091750672221,-7.837965009952981,-7.263695317142145,0.038495390575823046,0.2752634682558965,0.023277097568480752,-9.306824119033516,-22.384395634664187,-7.040322178113106,0.3437079205420794,0.5250359358733243,0.30793763402006746,0.11640189223367589,0.48275646522943055,0.07769499099127106,0.01971133715559912,0.09809329431053375,0.011171948180831351
ok,,17,transformer.transformer_blocks.3,dual,3,dry_to_reverberant,negative,positive,1.0,,8.958898544311523,8.983675956726074,10.578655242919922,3180.501220703125,1902.906494140625,3021.548095703125,847.5283446712018,406.3492063492063,1102.9478458049887,-6.645152041752233,-7.263695317142145,-7.837965009952981,0.23903602071487698,0.023277097568480752,0.2752634682558965,-26.986756761614767,-7.040322178113106,-22.384395634664187,0.505032276145057,0.30793763402006746,0.5250359358733243,0.4374317679295752,0.07769499099127106,0.48275646522943055,0.07966241897120123,0.011171948180831351,0.09809329431053375
ok,,17,transformer.single_transformer_blocks.3,single,3,reverberant_to_dry,positive,negative,1.0,645,9.71093463897705,10.578655242919922,8.983675956726074,1688.202880859375,3021.548095703125,1902.906494140625,452.7891156462585,1102.9478458049887,406.3492063492063,-4.199506067167954,-7.837965009952981,-7.263695317142145,0.032418513646812946,0.2752634682558965,0.023277097568480752,-10.070304112246314,-22.384395634664187,-7.040322178113106,0.35561821080910033,0.5250359358733243,0.30793763402006746,0.1404796138906856,0.48275646522943055,0.07769499099127106,0.015955078695149,0.09809329431053375,0.011171948180831351
ok,,17,transformer.single_transformer_blocks.3,single,3,dry_to_reverberant,negative,positive,1.0,645,10.831259727478027,8.983675956726074,10.578655242919922,3152.921630859375,1902.906494140625,3021.548095703125,772.0634920634922,406.3492063492063,1102.9478458049887,-7.293554356101812,-7.263695317142145,-7.837965009952981,0.19424993153122105,0.023277097568480752,0.2752634682558965,-23.76524006014119,-7.040322178113106,-22.384395634664187,0.4813146333033953,0.30793763402006746,0.5250359358733243,0.3902301881823238,0.07769499099127106,0.48275646522943055,0.05789832018592688,0.011171948180831351,0.09809329431053375
ok,,17,transformer.single_transformer_blocks.6,single,6,reverberant_to_dry,positive,negative,1.0,645,9.061666488647461,10.578655242919922,8.983675956726074,1688.013427734375,3021.548095703125,1902.906494140625,452.7891156462585,1102.9478458049887,406.3492063492063,-4.620786137880989,-7.837965009952981,-7.263695317142145,0.03510830033082191,0.2752634682558965,0.023277097568480752,-9.617664154527436,-22.384395634664187,-7.040322178113106,0.3508622262179077,0.5250359358733243,0.30793763402006746,0.13211569116699715,0.48275646522943055,0.07769499099127106,0.018922557439903315,0.09809329431053375,0.011171948180831351
ok,,17,transformer.single_transformer_blocks.6,single,6,dry_to_reverberant,negative,positive,1.0,645,10.71650505065918,8.983675956726074,10.578655242919922,3150.563720703125,1902.906494140625,3021.548095703125,801.0884353741496,406.3492063492063,1102.9478458049887,-7.154929611466923,-7.263695317142145,-7.837965009952981,0.2013115916246462,0.023277097568480752,0.2752634682558965,-23.467364292724294,-7.040322178113106,-22.384395634664187,0.4843391433390385,0.30793763402006746,0.5250359358733243,0.39349011771458914,0.07769499099127106,0.48275646522943055,0.06400767735388868,0.011171948180831351,0.09809329431053375
ok,,17,transformer.single_transformer_blocks.7,single,7,reverberant_to_dry,positive,negative,1.0,645,8.701751708984375,10.578655242919922,8.983675956726074,1726.33935546875,3021.548095703125,1902.906494140625,441.1791383219955,1102.9478458049887,406.3492063492063,-4.381516839581724,-7.837965009952981,-7.263695317142145,0.03120155440741119,0.2752634682558965,0.023277097568480752,-9.700879985438656,-22.384395634664187,-7.040322178113106,0.34482128006787566,0.5250359358733243,0.30793763402006746,0.11392039527983243,0.48275646522943055,0.07769499099127106,0.01730732970342683,0.09809329431053375,0.011171948180831351
ok,,17,transformer.single_transformer_blocks.7,single,7,dry_to_reverberant,negative,positive,1.0,645,10.179936408996582,8.983675956726074,10.578655242919922,3140.376953125,1902.906494140625,3021.548095703125,847.5283446712018,406.3492063492063,1102.9478458049887,-7.244863684558409,-7.263695317142145,-7.837965009952981,0.20520409773296192,0.023277097568480752,0.2752634682558965,-22.91882493721962,-7.040322178113106,-22.384395634664187,0.48558818043893986,0.30793763402006746,0.5250359358733243,0.39308110476854297,0.07769499099127106,0.48275646522943055,0.0687639248339533,0.011171948180831351,0.09809329431053375
ok,,17,transformer.single_transformer_blocks.8,single,8,reverberant_to_dry,positive,negative,1.0,645,9.371711730957031,10.578655242919922,8.983675956726074,1729.2884521484375,3021.548095703125,1902.906494140625,441.1791383219955,1102.9478458049887,406.3492063492063,-4.671368012123223,-7.837965009952981,-7.263695317142145,0.03049122812257195,0.2752634682558965,0.023277097568480752,-9.778017465339056,-22.384395634664187,-7.040322178113106,0.3459680874622544,0.5250359358733243,0.30793763402006746,0.11633438813960936,0.48275646522943055,0.07769499099127106,0.016792466712032373,0.09809329431053375,0.011171948180831351
ok,,17,transformer.single_transformer_blocks.8,single,8,dry_to_reverberant,negative,positive,1.0,645,10.322737693786621,8.983675956726074,10.578655242919922,3117.296142578125,1902.906494140625,3021.548095703125,847.5283446712018,406.3492063492063,1102.9478458049887,-7.263245594267918,-7.263695317142145,-7.837965009952981,0.19813923032376976,0.023277097568480752,0.2752634682558965,-23.021308865429837,-7.040322178113106,-22.384395634664187,0.48052072420961567,0.30793763402006746,0.5250359358733243,0.37984617155438755,0.07769499099127106,0.48275646522943055,0.06667859251188928,0.011171948180831351,0.09809329431053375
ok,,17,transformer.single_transformer_blocks.9,single,9,reverberant_to_dry,positive,negative,1.0,645,9.487834930419922,10.578655242919922,8.983675956726074,1743.531005859375,3021.548095703125,1902.906494140625,441.1791383219955,1102.9478458049887,406.3492063492063,-4.445583889521678,-7.837965009952981,-7.263695317142145,0.03050780828637158,0.2752634682558965,0.023277097568480752,-9.81723802499819,-22.384395634664187,-7.040322178113106,0.34449191540017815,0.5250359358733243,0.30793763402006746,0.11096255957705477,0.48275646522943055,0.07769499099127106,0.01696056149904754,0.09809329431053375,0.011171948180831351
ok,,17,transformer.single_transformer_blocks.9,single,9,dry_to_reverberant,negative,positive,1.0,645,10.694746971130371,8.983675956726074,10.578655242919922,3119.16943359375,1902.906494140625,3021.548095703125,853.3333333333334,406.3492063492063,1102.9478458049887,-7.513975684487883,-7.263695317142145,-7.837965009952981,0.20506563883175935,0.023277097568480752,0.2752634682558965,-22.625788337755782,-7.040322178113106,-22.384395634664187,0.4858410950829664,0.30793763402006746,0.5250359358733243,0.39163787309329295,0.07769499099127106,0.48275646522943055,0.07131860508829105,0.011171948180831351,0.09809329431053375
ok,,18,transformer.transformer_blocks.3,dual,3,reverberant_to_dry,positive,negative,1.0,,8.463926315307617,7.980865478515625,8.980608940124512,1053.431884765625,979.9730834960938,1132.4410400390625,284.44444444444446,284.44444444444446,214.7845804988662,-24.424164469747,-23.712619469231395,-22.49128798484858,0.8606269556936398,0.6382189649467407,0.8527953253009931,-1.3889937799276466,-4.878131949956518,-0.06780302841325214,0.7666673054546921,0.6966326842563643,0.7353922907371583,0.8845046564445415,0.7743443794397392,0.8750986521397591,0.8362150144820801,0.5609660590956133,0.8271752432857545
ok,,18,transformer.transformer_blocks.3,dual,3,dry_to_reverberant,negative,positive,1.0,,8.441880226135254,8.980608940124512,7.980865478515625,1042.2677001953125,1132.4410400390625,979.9730834960938,284.44444444444446,214.7845804988662,284.44444444444446,-22.33183245662408,-22.49128798484858,-23.712619469231395,0.629962066152559,0.8527953253009931,0.6382189649467407,-2.8105052373956796,-0.06780302841325214,-4.878131949956518,0.6525851366650769,0.7353922907371583,0.6966326842563643,0.7366239097021456,0.8750986521397591,0.7743443794397392,0.5647652017475739,0.8271752432857545,0.5609660590956133
ok,,18,transformer.single_transformer_blocks.3,single,3,reverberant_to_dry,positive,negative,1.0,645,8.050178527832031,7.980865478515625,8.980608940124512,1072.4107666015625,979.9730834960938,1132.4410400390625,284.44444444444446,284.44444444444446,214.7845804988662,-23.641182826314267,-23.712619469231395,-22.49128798484858,0.851433366939524,0.6382189649467407,0.8527953253009931,-0.8348188348615028,-4.878131949956518,-0.06780302841325214,0.7498811068352259,0.6966326842563643,0.7353922907371583,0.8729977824583467,0.7743443794397392,0.8750986521397591,0.8287369312320839,0.5609660590956133,0.8271752432857545
ok,,18,transformer.single_transformer_blocks.3,single,3,dry_to_reverberant,negative,positive,1.0,645,8.39255142211914,8.980608940124512,7.980865478515625,1032.103271484375,1132.4410400390625,979.9730834960938,284.44444444444446,214.7845804988662,284.44444444444446,-22.396220125896594,-22.49128798484858,-23.712619469231395,0.6397765789793783,0.8527953253009931,0.6382189649467407,-3.843853131218657,-0.06780302841325214,-4.878131949956518,0.6822112628408531,0.7353922907371583,0.6966326842563643,0.7702695749903121,0.8750986521397591,0.7743443794397392,0.5684904210958646,0.8271752432857545,0.5609660590956133
ok,,18,transformer.single_transformer_blocks.6,single,6,reverberant_to_dry,positive,negative,1.0,645,8.05120849609375,7.980865478515625,8.980608940124512,1090.939453125,979.9730834960938,1132.4410400390625,284.44444444444446,284.44444444444446,214.7845804988662,-23.693357575818325,-23.712619469231395,-22.49128798484858,0.8552926858100139,0.6382189649467407,0.8527953253009931,-0.899832405842135,-4.878131949956518,-0.06780302841325214,0.753071910619417,0.6966326842563643,0.7353922907371583,0.8760972769658709,0.7743443794397392,0.8750986521397591,0.8315044522537344,0.5609660590956133,0.8271752432857545
ok,,18,transformer.single_transformer_blocks.6,single,6,dry_to_reverberant,negative,positive,1.0,645,8.474039077758789,8.980608940124512,7.980865478515625,1016.9099731445312,1132.4410400390625,979.9730834960938,284.44444444444446,214.7845804988662,284.44444444444446,-22.665919081544516,-22.49128798484858,-23.712619469231395,0.6348634144784221,0.8527953253009931,0.6382189649467407,-3.7696016793650955,-0.06780302841325214,-4.878131949956518,0.678756873084439,0.7353922907371583,0.6966326842563643,0.766705131322843,0.8750986521397591,0.7743443794397392,0.5652396873878179,0.8271752432857545,0.5609660590956133
ok,,18,transformer.single_transformer_blocks.7,single,7,reverberant_to_dry,positive,negative,1.0,645,8.218130111694336,7.980865478515625,8.980608940124512,1079.93212890625,979.9730834960938,1132.4410400390625,284.44444444444446,284.44444444444446,214.7845804988662,-23.365225100750422,-23.712619469231395,-22.49128798484858,0.8552199912513128,0.6382189649467407,0.8527953253009931,-0.8500114397977198,-4.878131949956518,-0.06780302841325214,0.7516713843920854,0.6966326842563643,0.7353922907371583,0.876789012806972,0.7743443794397392,0.8750986521397591,0.8294501522483142,0.5609660590956133,0.8271752432857545
ok,,18,transformer.single_transformer_blocks.7,single,7,dry_to_reverberant,negative,positive,1.0,645,8.30024528503418,8.980608940124512,7.980865478515625,1025.5650634765625,1132.4410400390625,979.9730834960938,284.44444444444446,214.7845804988662,284.44444444444446,-22.792156458501005,-22.49128798484858,-23.712619469231395,0.6354551768133017,0.8527953253009931,0.6382189649467407,-4.010352112183321,-0.06780302841325214,-4.878131949956518,0.683458566938738,0.7353922907371583,0.6966326842563643,0.7701802849735494,0.8750986521397591,0.7743443794397392,0.5644574424938735,0.8271752432857545,0.5609660590956133
ok,,18,transformer.single_transformer_blocks.8,single,8,reverberant_to_dry,positive,negative,1.0,645,8.402140617370605,7.980865478515625,8.980608940124512,1073.0159912109375,979.9730834960938,1132.4410400390625,284.44444444444446,284.44444444444446,214.7845804988662,-23.58123016615349,-23.712619469231395,-22.49128798484858,0.8550322934628966,0.6382189649467407,0.8527953253009931,-1.0404585179581334,-4.878131949956518,-0.06780302841325214,0.7553357622776368,0.6966326842563643,0.7353922907371583,0.8767130986840407,0.7743443794397392,0.8750986521397591,0.8296854172391566,0.5609660590956133,0.8271752432857545
ok,,18,transformer.single_transformer_blocks.8,single,8,dry_to_reverberant,negative,positive,1.0,645,8.210063934326172,8.980608940124512,7.980865478515625,1036.546630859375,1132.4410400390625,979.9730834960938,284.44444444444446,214.7845804988662,284.44444444444446,-22.68088006737323,-22.49128798484858,-23.712619469231395,0.6250894265062716,0.8527953253009931,0.6382189649467407,-3.6248898372375145,-0.06780302841325214,-4.878131949956518,0.6702830855241051,0.7353922907371583,0.6966326842563643,0.7597401827601996,0.8750986521397591,0.7743443794397392,0.5537693488498989,0.8271752432857545,0.5609660590956133
ok,,18,transformer.single_transformer_blocks.9,single,9,reverberant_to_dry,positive,negative,1.0,645,8.372008323669434,7.980865478515625,8.980608940124512,1077.467041015625,979.9730834960938,1132.4410400390625,284.44444444444446,284.44444444444446,214.7845804988662,-23.45542780763622,-23.712619469231395,-22.49128798484858,0.859441987331504,0.6382189649467407,0.8527953253009931,-1.2008503952993612,-4.878131949956518,-0.06780302841325214,0.7611637148781902,0.6966326842563643,0.7353922907371583,0.8814622337993818,0.7743443794397392,0.8750986521397591,0.8333394894986526,0.5609660590956133,0.8271752432857545
ok,,18,transformer.single_transformer_blocks.9,single,9,dry_to_reverberant,negative,positive,1.0,645,8.246825218200684,8.980608940124512,7.980865478515625,1037.180419921875,1132.4410400390625,979.9730834960938,284.44444444444446,214.7845804988662,284.44444444444446,-22.431069775712835,-22.49128798484858,-23.712619469231395,0.6286875023509105,0.8527953253009931,0.6382189649467407,-3.6861649283494495,-0.06780302841325214,-4.878131949956518,0.6729181943290713,0.7353922907371583,0.6966326842563643,0.7605296131132742,0.8750986521397591,0.7743443794397392,0.5579157350095499,0.8271752432857545,0.5609660590956133
ok,,19,transformer.transformer_blocks.3,dual,3,reverberant_to_dry,positive,negative,1.0,,3.9014666080474854,2.460268497467041,4.551185607910156,2946.98046875,1500.2125244140625,3108.831298828125,847.5283446712018,400.5442176870748,864.9433106575964,0.1989910801165418,-20.795422074261705,2.355984617353552,0.30708141426869046,0.0,0.39040454079316994,-2.4842562724874755,-5.904064615451487,-2.7500987701928867,0.44713096774453115,0.34499369103917915,0.47935404592709946,0.5144138889969887,0.239308971941313,0.5864737127445789,0.18774960111152364,0.0,0.19836610606218755
ok,,19,transformer.transformer_blocks.3,dual,3,dry_to_reverberant,negative,positive,1.0,,2.631256103515625,4.551185607910156,2.460268497467041,1900.6815185546875,3108.831298828125,1500.2125244140625,429.5691609977324,864.9433106575964,400.5442176870748,-15.622412640618812,2.355984617353552,-20.795422074261705,0.7324227220807703,0.39040454079316994,0.0,-7.658900666021865,-2.7500987701928867,-5.904064615451487,0.7659492112479179,0.47935404592709946,0.34499369103917915,0.8262569777321143,0.5864737127445789,0.239308971941313,0.6179398077711794,0.19836610606218755,0.0
ok,,19,transformer.single_transformer_blocks.3,single,3,reverberant_to_dry,positive,negative,1.0,645,3.977250576019287,2.460268497467041,4.551185607910156,2978.757568359375,1500.2125244140625,3108.831298828125,847.5283446712018,400.5442176870748,864.9433106575964,0.7722863649547178,-20.795422074261705,2.355984617353552,0.32274534580461345,0.0,0.39040454079316994,-3.1185567880408605,-5.904064615451487,-2.7500987701928867,0.4622802018257777,0.34499369103917915,0.47935404592709946,0.5517881203972351,0.239308971941313,0.5864737127445789,0.16286967498990793,0.0,0.19836610606218755
ok,,19,transformer.single_transformer_blocks.3,single,3,dry_to_reverberant,negative,positive,1.0,645,2.908499002456665,4.551185607910156,2.460268497467041,1909.7423095703125,3108.831298828125,1500.2125244140625,429.5691609977324,864.9433106575964,400.5442176870748,-15.885622551987401,2.355984617353552,-20.795422074261705,0.0,0.39040454079316994,0.0,-5.592781269440941,-2.7500987701928867,-5.904064615451487,0.3385991045310813,0.47935404592709946,0.34499369103917915,0.23202519110748895,0.5864737127445789,0.239308971941313,0.0,0.19836610606218755,0.0
ok,,19,transformer.single_transformer_blocks.6,single,6,reverberant_to_dry,positive,negative,1.0,645,3.961980104446411,2.460268497467041,4.551185607910156,2993.9130859375,1500.2125244140625,3108.831298828125,864.9433106575964,400.5442176870748,864.9433106575964,0.9811787714966785,-20.795422074261705,2.355984617353552,0.3378189884893077,0.0,0.39040454079316994,-3.8112534284775235,-5.904064615451487,-2.7500987701928867,0.4821379506054188,0.34499369103917915,0.47935404592709946,0.5658247231297876,0.239308971941313,0.5864737127445789,0.17426998339050856,0.0,0.19836610606218755
ok,,19,transformer.single_transformer_blocks.6,single,6,dry_to_reverberant,negative,positive,1.0,645,2.6658692359924316,4.551185607910156,2.460268497467041,1896.2294921875,3108.831298828125,1500.2125244140625,429.5691609977324,864.9433106575964,400.5442176870748,-16.263145519335886,2.355984617353552,-20.795422074261705,0.7463696525511724,0.39040454079316994,0.0,-7.941150836064086,-2.7500987701928867,-5.904064615451487,0.782182243020468,0.47935404592709946,0.34499369103917915,0.8359468198642195,0.5864737127445789,0.239308971941313,0.6490148786404392,0.19836610606218755,0.0
ok,,19,transformer.single_transformer_blocks.7,single,7,reverberant_to_dry,positive,negative,1.0,645,4.160429000854492,2.460268497467041,4.551185607910156,3056.0927734375,1500.2125244140625,3108.831298828125,847.5283446712018,400.5442176870748,864.9433106575964,1.810965568258181,-20.795422074261705,2.355984617353552,0.3494429442622024,0.0,0.39040454079316994,-2.932323036990094,-5.904064615451487,-2.7500987701928867,0.4629413578609687,0.34499369103917915,0.47935404592709946,0.55486537781151,0.239308971941313,0.5864737127445789,0.171293863492323,0.0,0.19836610606218755
ok,,19,transformer.single_transformer_blocks.7,single,7,dry_to_reverberant,negative,positive,1.0,645,2.6619606018066406,4.551185607910156,2.460268497467041,1869.270751953125,3108.831298828125,1500.2125244140625,429.5691609977324,864.9433106575964,400.5442176870748,-16.514338083667422,2.355984617353552,-20.795422074261705,0.0,0.39040454079316994,0.0,-5.016364185000156,-2.7500987701928867,-5.904064615451487,0.3211084256036894,0.47935404592709946,0.34499369103917915,0.2028912459475394,0.5864737127445789,0.239308971941313,0.0,0.19836610606218755,0.0
ok,,19,transformer.single_transformer_blocks.8,single,8,reverberant_to_dry,positive,negative,1.0,645,4.262166976928711,2.460268497467041,4.551185607910156,3113.127685546875,1500.2125244140625,3108.831298828125,847.5283446712018,400.5442176870748,864.9433106575964,2.223123748716211,-20.795422074261705,2.355984617353552,0.3613105565824592,0.0,0.39040454079316994,-2.8106537780413383,-5.904064615451487,-2.7500987701928867,0.4635950623769718,0.34499369103917915,0.47935404592709946,0.5588464458783265,0.239308971941313,0.5864737127445789,0.17556472833294817,0.0,0.19836610606218755
ok,,19,transformer.single_transformer_blocks.8,single,8,dry_to_reverberant,negative,positive,1.0,645,2.6420090198516846,4.551185607910156,2.460268497467041,1813.356201171875,3108.831298828125,1500.2125244140625,429.5691609977324,864.9433106575964,400.5442176870748,-17.159542692175155,2.355984617353552,-20.795422074261705,0.0,0.39040454079316994,0.0,-5.119386055812432,-2.7500987701928867,-5.904064615451487,0.3241544183191646,0.47935404592709946,0.34499369103917915,0.2077344852067711,0.5864737127445789,0.239308971941313,0.0,0.19836610606218755,0.0
ok,,19,transformer.single_transformer_blocks.9,single,9,reverberant_to_dry,positive,negative,1.0,645,4.553696632385254,2.460268497467041,4.551185607910156,3130.351318359375,1500.2125244140625,3108.831298828125,249.61451247165533,400.5442176870748,864.9433106575964,2.6903078111529,-20.795422074261705,2.355984617353552,0.35199505390803676,0.0,0.39040454079316994,-2.5089459007535635,-5.904064615451487,-2.7500987701928867,0.4532570034319973,0.34499369103917915,0.47935404592709946,0.5495382407493662,0.239308971941313,0.5864737127445789,0.16969335029171428,0.0,0.19836610606218755
ok,,19,transformer.single_transformer_blocks.9,single,9,dry_to_reverberant,negative,positive,1.0,645,2.3758890628814697,4.551185607910156,2.460268497467041,1781.8056640625,3108.831298828125,1500.2125244140625,429.5691609977324,864.9433106575964,400.5442176870748,-17.648504757911535,2.355984617353552,-20.795422074261705,0.0,0.39040454079316994,0.0,-5.14031831789016,-2.7500987701928867,-5.904064615451487,0.32486325886750883,0.47935404592709946,0.34499369103917915,0.2089949358828711,0.5864737127445789,0.239308971941313,0.0,0.19836610606218755,0.0
ok,,20,transformer.transformer_blocks.3,dual,3,reverberant_to_dry,positive,negative,1.0,,1.839939832687378,1.0011695623397827,2.007370948791504,1940.785400390625,1087.6783447265625,2649.326416015625,423.7641723356009,185.75963718820861,806.8934240362812,-19.324767796258385,-33.40537691929466,-13.910635531137626,0.8956239296212317,0.9217192062653372,0.7536706031838253,-20.158868770294156,-7.974147631552416,-21.126787822025452,0.936755363872769,0.9009274711734235,0.8549741858606708,0.9482575242204714,0.9508551323806305,0.8400865429572735,0.8715573109598497,0.8894386529232099,0.7324916917200496
ok,,20,transformer.transformer_blocks.3,dual,3,dry_to_reverberant,negative,positive,1.0,,1.583606481552124,2.007370948791504,1.0011695623397827,1357.0364990234375,2649.326416015625,1087.6783447265625,185.75963718820861,806.8934240362812,185.75963718820861,-25.824674662984236,-13.910635531137626,-33.40537691929466,0.8891216800143025,0.7536706031838253,0.9217192062653372,-11.209152387885617,-21.126787822025452,-7.974147631552416,0.904172226114794,0.8549741858606708,0.9009274711734235,0.9315493217949464,0.8400865429572735,0.9508551323806305,0.8513384622665845,0.7324916917200496,0.8894386529232099
ok,,20,transformer.single_transformer_blocks.3,single,3,reverberant_to_dry,positive,negative,1.0,645,1.9042402505874634,1.0011695623397827,2.007370948791504,2113.1748046875,1087.6783447265625,2649.326416015625,423.7641723356009,185.75963718820861,806.8934240362812,-18.087315069785507,-33.40537691929466,-13.910635531137626,0.8449875395551841,0.9217192062653372,0.7536706031838253,-20.257452924628907,-7.974147631552416,-21.126787822025452,0.9084122361902361,0.9009274711734235,0.8549741858606708,0.9142715331875834,0.9508551323806305,0.8400865429572735,0.8203016065531835,0.8894386529232099,0.7324916917200496
ok,,20,transformer.single_transformer_blocks.3,single,3,dry_to_reverberant,negative,positive,1.0,645,0.9635827541351318,2.007370948791504,1.0011695623397827,1357.69873046875,2649.326416015625,1087.6783447265625,185.75963718820861,806.8934240362812,185.75963718820861,-26.19152494366677,-13.910635531137626,-33.40537691929466,0.9096332437841979,0.7536706031838253,0.9217192062653372,-8.524930346282673,-21.126787822025452,-7.974147631552416,0.8973926156385884,0.8549741858606708,0.9009274711734235,0.9437689033137385,0.8400865429572735,0.9508551323806305,0.8715584103919465,0.7324916917200496,0.8894386529232099
ok,,20,transformer.single_transformer_blocks.6,single,6,reverberant_to_dry,positive,negative,1.0,645,1.8871161937713623,1.0011695623397827,2.007370948791504,2264.591796875,1087.6783447265625,2649.326416015625,3175.3287981859407,185.75963718820861,806.8934240362812,-16.959282026131092,-33.40537691929466,-13.910635531137626,0.7756922294119298,0.9217192062653372,0.7536706031838253,-21.189230870941667,-7.974147631552416,-21.126787822025452,0.8679878296500957,0.9009274711734235,0.8549741858606708,0.8616880230255742,0.9508551323806305,0.8400865429572735,0.7498226817116352,0.8894386529232099,0.7324916917200496
ok,,20,transformer.single_transformer_blocks.6,single,6,dry_to_reverberant,negative,positive,1.0,645,1.1252495050430298,2.007370948791504,1.0011695623397827,1320.8509521484375,2649.326416015625,1087.6783447265625,185.75963718820861,806.8934240362812,185.75963718820861,-27.505978092259262,-13.910635531137626,-33.40537691929466,0.920024297463067,0.7536706031838253,0.9217192062653372,-7.7915794956886835,-21.126787822025452,-7.974147631552416,0.8977944889916246,0.8549741858606708,0.9009274711734235,0.9496090047716986,0.8400865429572735,0.9508551323806305,0.8863480019462943,0.7324916917200496,0.8894386529232099
ok,,20,transformer.single_transformer_blocks.7,single,7,reverberant_to_dry,positive,negative,1.0,645,1.9477343559265137,1.0011695623397827,2.007370948791504,2311.686279296875,1087.6783447265625,2649.326416015625,626.9387755102041,185.75963718820861,806.8934240362812,-16.644110634167674,-33.40537691929466,-13.910635531137626,0.7620105725739703,0.9217192062653372,0.7536706031838253,-21.90495126603434,-7.974147631552416,-21.126787822025452,0.861877573033806,0.9009274711734235,0.8549741858606708,0.855222173190865,0.9508551323806305,0.8400865429572735,0.7368184059989861,0.8894386529232099,0.7324916917200496
ok,,20,transformer.single_transformer_blocks.7,single,7,dry_to_reverberant,negative,positive,1.0,645,0.9772399663925171,2.007370948791504,1.0011695623397827,1312.7647705078125,2649.326416015625,1087.6783447265625,220.58956916099774,806.8934240362812,185.75963718820861,-27.814858264090606,-13.910635531137626,-33.40537691929466,0.9206758082350373,0.7536706031838253,0.9217192062653372,-8.113196025624317,-21.126787822025452,-7.974147631552416,0.9013864414678375,0.8549741858606708,0.9009274711734235,0.9502706248548521,0.8400865429572735,0.9508551323806305,0.8876466642865313,0.7324916917200496,0.8894386529232099
ok,,20,transformer.single_transformer_blocks.8,single,8,reverberant_to_dry,positive,negative,1.0,645,1.9646646976470947,1.0011695623397827,2.007370948791504,2343.868408203125,1087.6783447265625,2649.326416015625,3175.3287981859407,185.75963718820861,806.8934240362812,-16.13778406873929,-33.40537691929466,-13.910635531137626,0.76381751401455,0.9217192062653372,0.7536706031838253,-21.486226590375644,-7.974147631552416,-21.126787822025452,0.860847551062947,0.9009274711734235,0.8549741858606708,0.8530452853794375,0.9508551323806305,0.8400865429572735,0.7365492314513442,0.8894386529232099,0.7324916917200496
ok,,20,transformer.single_transformer_blocks.8,single,8,dry_to_reverberant,negative,positive,1.0,645,0.9684013724327087,2.007370948791504,1.0011695623397827,1307.347900390625,2649.326416015625,1087.6783447265625,220.58956916099774,806.8934240362812,185.75963718820861,-27.99921572084498,-13.910635531137626,-33.40537691929466,0.9252696994226169,0.7536706031838253,0.9217192062653372,-7.852404694368063,-21.126787822025452,-7.974147631552416,0.9020952831906303,0.8549741858606708,0.9009274711734235,0.9526987284468881,0.8400865429572735,0.9508551323806305,0.8944570933722098,0.7324916917200496,0.8894386529232099
ok,,20,transformer.single_transformer_blocks.9,single,9,reverberant_to_dry,positive,negative,1.0,645,1.9894167184829712,1.0011695623397827,2.007370948791504,2377.96533203125,1087.6783447265625,2649.326416015625,626.9387755102041,185.75963718820861,806.8934240362812,-15.890727138172188,-33.40537691929466,-13.910635531137626,0.7517052851883835,0.9217192062653372,0.7536706031838253,-22.1366125967705,-7.974147631552416,-21.126787822025452,0.8544665519161677,0.9009274711734235,0.8549741858606708,0.8443547675762563,0.9508551323806305,0.8400865429572735,0.725121919388878,0.8894386529232099,0.7324916917200496
ok,,20,transformer.single_transformer_blocks.9,single,9,dry_to_reverberant,negative,positive,1.0,645,0.9847093820571899,2.007370948791504,1.0011695623397827,1288.901611328125,2649.326416015625,1087.6783447265625,220.58956916099774,806.8934240362812,185.75963718820861,-28.511797985818696,-13.910635531137626,-33.40537691929466,0.9264085655549337,0.7536706031838253,0.9217192062653372,-7.759793297226341,-21.126787822025452,-7.974147631552416,0.9020239071525255,0.8549741858606708,0.9009274711734235,0.953139607123951,0.8400865429572735,0.9508551323806305,0.8964027228949023,0.7324916917200496,0.8894386529232099
