status,error,pair_id,site,site_slug,stack,block,output_index,direction,source_label,target_label,source_prompt,target_prompt,seed,duration,steps,guidance_scale,alpha,sample_rate,source_activation_calls,patch_calls,source_baseline_centroid_mean_hz,target_baseline_centroid_mean_hz,patched_centroid_mean_hz,patched_centroid_median_hz,target_delta_centroid_hz,signed_brightness_effect_hz,source_shift_fraction,elapsed_seconds,wav_path,suffix_tokens
ok,,01,transformer.transformer_blocks.0,transformer_blocks-0,dual,0,1,bright_to_dark,bright,dark,a bright cheerful piano melody,a dark somber piano melody,101,3.0,25,4.5,1.0,44100,25,25,1249.017822265625,919.0073852539062,1195.9632568359375,1180.25244140625,276.95587158203125,276.95587158203125,0.8392336742131477,0.882,,
ok,,01,transformer.transformer_blocks.0,transformer_blocks-0,dual,0,1,dark_to_bright,dark,bright,a dark somber piano melody,a bright cheerful piano melody,101,3.0,25,4.5,1.0,44100,25,25,919.0073852539062,1249.017822265625,964.6611328125,939.9332885742188,-284.356689453125,284.356689453125,0.8616596857602641,0.871,,
ok,,01,transformer.transformer_blocks.1,transformer_blocks-1,dual,1,1,bright_to_dark,bright,dark,a bright cheerful piano melody,a dark somber piano melody,101,3.0,25,4.5,1.0,44100,25,25,1249.017822265625,919.0073852539062,1202.70361328125,1189.7608642578125,283.69622802734375,283.69622802734375,0.8596583507971587,0.867,,
ok,,01,transformer.transformer_blocks.1,transformer_blocks-1,dual,1,1,dark_to_bright,dark,bright,a dark somber piano melody,a bright cheerful piano melody,101,3.0,25,4.5,1.0,44100,25,25,919.0073852539062,1249.017822265625,939.5352172851562,912.8748168945312,-309.48260498046875,309.48260498046875,0.937796415722085,0.868,,
ok,,01,transformer.transformer_blocks.2,transformer_blocks-2,dual,2,1,bright_to_dark,bright,dark,a bright cheerful piano melody,a dark somber piano melody,101,3.0,25,4.5,1.0,44100,25,25,1249.017822265625,919.0073852539062,1235.0418701171875,1217.542236328125,316.03448486328125,316.03448486328125,0.9576499692706955,0.862,,
ok,,01,transformer.transformer_blocks.2,transformer_blocks-2,dual,2,1,dark_to_bright,dark,bright,a dark somber piano melody,a bright cheerful piano melody,101,3.0,25,4.5,1.0,44100,25,25,919.0073852539062,1249.017822265625,925.8931274414062,891.7191772460938,-323.12469482421875,323.12469482421875,0.9791347744942519,0.869,,
ok,,01,transformer.transformer_blocks.3,transformer_blocks-3,dual,3,1,bright_to_dark,bright,dark,a bright cheerful piano melody,a dark somber piano melody,101,3.0,25,4.5,1.0,44100,25,25,1249.017822265625,919.0073852539062,1231.574951171875,1218.087646484375,312.56756591796875,312.56756591796875,0.9471444865450404,0.861,,
ok,,01,transformer.transformer_blocks.3,transformer_blocks-3,dual,3,1,dark_to_bright,dark,bright,a dark somber piano melody,a bright cheerful piano melody,101,3.0,25,4.5,1.0,44100,25,25,919.0073852539062,1249.017822265625,920.9839477539062,884.3509521484375,-328.03387451171875,328.03387451171875,0.9940106060950739,0.864,,
ok,,01,transformer.transformer_blocks.4,transformer_blocks-4,dual,4,1,bright_to_dark,bright,dark,a bright cheerful piano melody,a dark somber piano melody,101,3.0,25,4.5,1.0,44100,25,25,1249.017822265625,919.0073852539062,1229.4212646484375,1216.0247802734375,310.41387939453125,310.41387939453125,0.9406183701502397,0.861,,
ok,,01,transformer.transformer_blocks.4,transformer_blocks-4,dual,4,1,dark_to_bright,dark,bright,a dark somber piano melody,a bright cheerful piano melody,101,3.0,25,4.5,1.0,44100,25,25,919.0073852539062,1249.017822265625,941.168212890625,903.0914916992188,-307.849609375,307.849609375,0.9328481006922462,0.867,,
ok,,01,transformer.transformer_blocks.5,transformer_blocks-5,dual,5,1,bright_to_dark,bright,dark,a bright cheerful piano melody,a dark somber piano melody,101,3.0,25,4.5,1.0,44100,25,25,1249.017822265625,919.0073852539062,1240.48388671875,1227.49169921875,321.47650146484375,321.47650146484375,0.9741404071212089,0.86,,
ok,,01,transformer.transformer_blocks.5,transformer_blocks-5,dual,5,1,dark_to_bright,dark,bright,a dark somber piano melody,a bright cheerful piano melody,101,3.0,25,4.5,1.0,44100,25,25,919.0073852539062,1249.017822265625,946.6333618164062,907.242431640625,-302.38446044921875,302.38446044921875,0.9162875671064943,0.863,,
ok,,02,transformer.transformer_blocks.0,transformer_blocks-0,dual,0,1,bright_to_dark,bright,dark,bright shimmering bells ringing,dark muffled bells ringing,102,3.0,25,4.5,1.0,44100,25,25,3518.71875,1935.193359375,2866.98681640625,2911.228759765625,931.79345703125,931.79345703125,0.588429754614469,0.867,,
ok,,02,transformer.transformer_blocks.0,transformer_blocks-0,dual,0,1,dark_to_bright,dark,bright,dark muffled bells ringing,bright shimmering bells ringing,102,3.0,25,4.5,1.0,44100,25,25,1935.193359375,3518.71875,2102.919189453125,2136.783935546875,-1415.799560546875,1415.799560546875,0.8940807447287439,0.855,,
ok,,02,transformer.transformer_blocks.1,transformer_blocks-1,dual,1,1,bright_to_dark,bright,dark,bright shimmering bells ringing,dark muffled bells ringing,102,3.0,25,4.5,1.0,44100,25,25,3518.71875,1935.193359375,2882.480224609375,2908.83154296875,947.286865234375,947.286865234375,0.5982138782507879,0.849,,
ok,,02,transformer.transformer_blocks.1,transformer_blocks-1,dual,1,1,dark_to_bright,dark,bright,dark muffled bells ringing,bright shimmering bells ringing,102,3.0,25,4.5,1.0,44100,25,25,1935.193359375,3518.71875,2096.96337890625,2119.47021484375,-1421.75537109375,1421.75537109375,0.8978418530646981,0.852,,
ok,,02,transformer.transformer_blocks.2,transformer_blocks-2,dual,2,1,bright_to_dark,bright,dark,bright shimmering bells ringing,dark muffled bells ringing,102,3.0,25,4.5,1.0,44100,25,25,3518.71875,1935.193359375,2810.508056640625,2846.033203125,875.314697265625,875.314697265625,0.5527632852922857,0.848,,
ok,,02,transformer.transformer_blocks.2,transformer_blocks-2,dual,2,1,dark_to_bright,dark,bright,dark muffled bells ringing,bright shimmering bells ringing,102,3.0,25,4.5,1.0,44100,25,25,1935.193359375,3518.71875,2106.42431640625,2149.729736328125,-1412.29443359375,1412.29443359375,0.8918672488328924,0.851,,
ok,,02,transformer.transformer_blocks.3,transformer_blocks-3,dual,3,1,bright_to_dark,bright,dark,bright shimmering bells ringing,dark muffled bells ringing,102,3.0,25,4.5,1.0,44100,25,25,3518.71875,1935.193359375,2787.529052734375,2823.924560546875,852.335693359375,852.335693359375,0.5382519904041245,0.848,,
ok,,02,transformer.transformer_blocks.3,transformer_blocks-3,dual,3,1,dark_to_bright,dark,bright,dark muffled bells ringing,bright shimmering bells ringing,102,3.0,25,4.5,1.0,44100,25,25,1935.193359375,3518.71875,2111.47802734375,2150.5263671875,-1407.24072265625,1407.24072265625,0.8886758185170796,0.854,,
ok,,02,transformer.transformer_blocks.4,transformer_blocks-4,dual,4,1,bright_to_dark,bright,dark,bright shimmering bells ringing,dark muffled bells ringing,102,3.0,25,4.5,1.0,44100,25,25,3518.71875,1935.193359375,2786.414794921875,2818.596923828125,851.221435546875,851.221435546875,0.5375483339808699,0.846,,
ok,,02,transformer.transformer_blocks.4,transformer_blocks-4,dual,4,1,dark_to_bright,dark,bright,dark muffled bells ringing,bright shimmering bells ringing,102,3.0,25,4.5,1.0,44100,25,25,1935.193359375,3518.71875,2111.539306640625,2156.944091796875,-1407.179443359375,1407.179443359375,0.8886371204973081,0.856,,
ok,,02,transformer.transformer_blocks.5,transformer_blocks-5,dual,5,1,bright_to_dark,bright,dark,bright shimmering bells ringing,dark muffled bells ringing,102,3.0,25,4.5,1.0,44100,25,25,3518.71875,1935.193359375,2764.19287109375,2790.387939453125,828.99951171875,828.99951171875,0.5235151369385703,0.848,,
ok,,02,transformer.transformer_blocks.5,transformer_blocks-5,dual,5,1,dark_to_bright,dark,bright,dark muffled bells ringing,bright shimmering bells ringing,102,3.0,25,4.5,1.0,44100,25,25,1935.193359375,3518.71875,2111.57666015625,2133.720703125,-1407.14208984375,1407.14208984375,0.888613531664539,0.851,,
ok,,03,transformer.transformer_blocks.0,transformer_blocks-0,dual,0,1,bright_to_dark,bright,dark,a bright sparkling acoustic guitar fingerpicking,a dark brooding acoustic guitar fingerpicking,103,3.0,25,4.5,1.0,44100,25,25,918.7551879882812,963.7725830078125,877.6517333984375,847.3464965820312,-86.120849609375,-86.120849609375,1.913057154284707,0.826,,
ok,,03,transformer.transformer_blocks.0,transformer_blocks-0,dual,0,1,dark_to_bright,dark,bright,a dark brooding acoustic guitar fingerpicking,a bright sparkling acoustic guitar fingerpicking,103,3.0,25,4.5,1.0,44100,25,25,963.7725830078125,918.7551879882812,979.9003295898438,961.9017333984375,61.1451416015625,-61.1451416015625,1.358255882532387,0.815,,
ok,,03,transformer.transformer_blocks.1,transformer_blocks-1,dual,1,1,bright_to_dark,bright,dark,a bright sparkling acoustic guitar fingerpicking,a dark brooding acoustic guitar fingerpicking,103,3.0,25,4.5,1.0,44100,25,25,918.7551879882812,963.7725830078125,877.12646484375,849.2964477539062,-86.6461181640625,-86.6461181640625,1.9247252784500348,0.809,,
ok,,03,transformer.transformer_blocks.1,transformer_blocks-1,dual,1,1,dark_to_bright,dark,bright,a dark brooding acoustic guitar fingerpicking,a bright sparkling acoustic guitar fingerpicking,103,3.0,25,4.5,1.0,44100,25,25,963.7725830078125,918.7551879882812,973.8742065429688,953.1411743164062,55.1190185546875,-55.1190185546875,1.224393782242921,0.814,,
ok,,03,transformer.transformer_blocks.2,transformer_blocks-2,dual,2,1,bright_to_dark,bright,dark,a bright sparkling acoustic guitar fingerpicking,a dark brooding acoustic guitar fingerpicking,103,3.0,25,4.5,1.0,44100,25,25,918.7551879882812,963.7725830078125,904.4064331054688,882.07763671875,-59.36614990234375,-59.36614990234375,1.3187380095313634,0.806,,
ok,,03,transformer.transformer_blocks.2,transformer_blocks-2,dual,2,1,dark_to_bright,dark,bright,a dark brooding acoustic guitar fingerpicking,a bright sparkling acoustic guitar fingerpicking,103,3.0,25,4.5,1.0,44100,25,25,963.7725830078125,918.7551879882812,964.6068725585938,945.4953002929688,45.8516845703125,-45.8516845703125,1.0185326039060965,0.808,,
ok,,03,transformer.transformer_blocks.3,transformer_blocks-3,dual,3,1,bright_to_dark,bright,dark,a bright sparkling acoustic guitar fingerpicking,a dark brooding acoustic guitar fingerpicking,103,3.0,25,4.5,1.0,44100,25,25,918.7551879882812,963.7725830078125,905.5270385742188,882.643798828125,-58.24554443359375,-58.24554443359375,1.2938452882118865,0.809,,
ok,,03,transformer.transformer_blocks.3,transformer_blocks-3,dual,3,1,dark_to_bright,dark,bright,a dark brooding acoustic guitar fingerpicking,a bright sparkling acoustic guitar fingerpicking,103,3.0,25,4.5,1.0,44100,25,25,963.7725830078125,918.7551879882812,961.044921875,943.9031982421875,42.28973388671875,-42.28973388671875,0.939408730078027,0.807,,
ok,,03,transformer.transformer_blocks.4,transformer_blocks-4,dual,4,1,bright_to_dark,bright,dark,a bright sparkling acoustic guitar fingerpicking,a dark brooding acoustic guitar fingerpicking,103,3.0,25,4.5,1.0,44100,25,25,918.7551879882812,963.7725830078125,906.1273193359375,887.732177734375,-57.645263671875,-57.645263671875,1.2805108702283867,0.802,,
ok,,03,transformer.transformer_blocks.4,transformer_blocks-4,dual,4,1,dark_to_bright,dark,bright,a dark brooding acoustic guitar fingerpicking,a bright sparkling acoustic guitar fingerpicking,103,3.0,25,4.5,1.0,44100,25,25,963.7725830078125,918.7551879882812,963.1639404296875,946.0170288085938,44.40875244140625,-44.40875244140625,0.9864798356754998,0.806,,
ok,,03,transformer.transformer_blocks.5,transformer_blocks-5,dual,5,1,bright_to_dark,bright,dark,a bright sparkling acoustic guitar fingerpicking,a dark brooding acoustic guitar fingerpicking,103,3.0,25,4.5,1.0,44100,25,25,918.7551879882812,963.7725830078125,882.8245239257812,857.708984375,-80.94805908203125,-80.94805908203125,1.7981506714662436,0.804,,
ok,,03,transformer.transformer_blocks.5,transformer_blocks-5,dual,5,1,dark_to_bright,dark,bright,a dark brooding acoustic guitar fingerpicking,a bright sparkling acoustic guitar fingerpicking,103,3.0,25,4.5,1.0,44100,25,25,963.7725830078125,918.7551879882812,946.8740234375,938.97509765625,28.11883544921875,-28.11883544921875,0.6246215587778704,0.805,,
ok,,04,transformer.transformer_blocks.0,transformer_blocks-0,dual,0,1,bright_to_dark,bright,dark,a bright airy flute solo,a dark heavy flute solo,104,3.0,25,4.5,1.0,44100,25,25,1398.101806640625,1719.439208984375,1565.2586669921875,1523.4605712890625,-154.1805419921875,-154.1805419921875,0.4798088889361631,0.823,,
ok,,04,transformer.transformer_blocks.0,transformer_blocks-0,dual,0,1,dark_to_bright,dark,bright,a dark heavy flute solo,a bright airy flute solo,104,3.0,25,4.5,1.0,44100,25,25,1719.439208984375,1398.101806640625,1615.5030517578125,1566.9036865234375,217.4012451171875,-217.4012451171875,0.6765513243448175,0.809,,
ok,,04,transformer.transformer_blocks.1,transformer_blocks-1,dual,1,1,bright_to_dark,bright,dark,a bright airy flute solo,a dark heavy flute solo,104,3.0,25,4.5,1.0,44100,25,25,1398.101806640625,1719.439208984375,1545.7823486328125,1511.572021484375,-173.6568603515625,-173.6568603515625,0.5404190706869331,0.808,,
ok,,04,transformer.transformer_blocks.1,transformer_blocks-1,dual,1,1,dark_to_bright,dark,bright,a dark heavy flute solo,a bright airy flute solo,104,3.0,25,4.5,1.0,44100,25,25,1719.439208984375,1398.101806640625,1614.2142333984375,1566.1156005859375,216.1124267578125,-216.1124267578125,0.6725405296163647,0.807,,
ok,,04,transformer.transformer_blocks.2,transformer_blocks-2,dual,2,1,bright_to_dark,bright,dark,a bright airy flute solo,a dark heavy flute solo,104,3.0,25,4.5,1.0,44100,25,25,1398.101806640625,1719.439208984375,1469.4757080078125,1429.594482421875,-249.9635009765625,-249.9635009765625,0.7778848623079506,0.801,,
ok,,04,transformer.transformer_blocks.2,transformer_blocks-2,dual,2,1,dark_to_bright,dark,bright,a dark heavy flute solo,a bright airy flute solo,104,3.0,25,4.5,1.0,44100,25,25,1719.439208984375,1398.101806640625,1653.8980712890625,1612.78173828125,255.7962646484375,-255.7962646484375,0.7960363866226814,0.807,,
ok,,04,transformer.transformer_blocks.3,transformer_blocks-3,dual,3,1,bright_to_dark,bright,dark,a bright airy flute solo,a dark heavy flute solo,104,3.0,25,4.5,1.0,44100,25,25,1398.101806640625,1719.439208984375,1448.3360595703125,1407.0501708984375,-271.1031494140625,-271.1031494140625,0.8436713169295197,0.802,,
ok,,04,transformer.transformer_blocks.3,transformer_blocks-3,dual,3,1,dark_to_bright,dark,bright,a dark heavy flute solo,a bright airy flute solo,104,3.0,25,4.5,1.0,44100,25,25,1719.439208984375,1398.101806640625,1667.58935546875,1628.9326171875,269.487548828125,-269.487548828125,0.8386435779419206,0.801,,
ok,,04,transformer.transformer_blocks.4,transformer_blocks-4,dual,4,1,bright_to_dark,bright,dark,a bright airy flute solo,a dark heavy flute solo,104,3.0,25,4.5,1.0,44100,25,25,1398.101806640625,1719.439208984375,1452.69287109375,1409.9205322265625,-266.746337890625,-266.746337890625,0.8301129465323607,0.799,,
ok,,04,transformer.transformer_blocks.4,transformer_blocks-4,dual,4,1,dark_to_bright,dark,bright,a dark heavy flute solo,a bright airy flute solo,104,3.0,25,4.5,1.0,44100,25,25,1719.439208984375,1398.101806640625,1664.25732421875,1624.245361328125,266.155517578125,-266.155517578125,0.8282743173899367,0.802,,
ok,,04,transformer.transformer_blocks.5,transformer_blocks-5,dual,5,1,bright_to_dark,bright,dark,a bright airy flute solo,a dark heavy flute solo,104,3.0,25,4.5,1.0,44100,25,25,1398.101806640625,1719.439208984375,1461.728515625,1424.843994140625,-257.710693359375,-257.710693359375,0.8019940768790106,0.798,,
ok,,04,transformer.transformer_blocks.5,transformer_blocks-5,dual,5,1,dark_to_bright,dark,bright,a dark heavy flute solo,a bright airy flute solo,104,3.0,25,4.5,1.0,44100,25,25,1719.439208984375,1398.101806640625,1651.594482421875,1621.601806640625,253.49267578125,-253.49267578125,0.7888676323774995,0.799,,
ok,,05,transformer.transformer_blocks.0,transformer_blocks-0,dual,0,1,bright_to_dark,bright,dark,a bright crisp violin passage,a dark muted violin passage,105,3.0,25,4.5,1.0,44100,25,25,1563.31494140625,1097.778564453125,1513.4949951171875,1506.8714599609375,415.7164306640625,415.7164306640625,0.8929837736523888,0.875,,
ok,,05,transformer.transformer_blocks.0,transformer_blocks-0,dual,0,1,dark_to_bright,dark,bright,a dark muted violin passage,a bright crisp violin passage,105,3.0,25,4.5,1.0,44100,25,25,1097.778564453125,1563.31494140625,1116.837890625,1098.484619140625,-446.47705078125,446.47705078125,0.9590594266840847,0.862,,
ok,,05,transformer.transformer_blocks.1,transformer_blocks-1,dual,1,1,bright_to_dark,bright,dark,a bright crisp violin passage,a dark muted violin passage,105,3.0,25,4.5,1.0,44100,25,25,1563.31494140625,1097.778564453125,1540.4578857421875,1538.4190673828125,442.6793212890625,442.6793212890625,0.9509016764411431,0.856,,
ok,,05,transformer.transformer_blocks.1,transformer_blocks-1,dual,1,1,dark_to_bright,dark,bright,a dark muted violin passage,a bright crisp violin passage,105,3.0,25,4.5,1.0,44100,25,25,1097.778564453125,1563.31494140625,1100.0849609375,1086.8995361328125,-463.22998046875,463.22998046875,0.9950457223139682,0.857,,
ok,,05,transformer.transformer_blocks.2,transformer_blocks-2,dual,2,1,bright_to_dark,bright,dark,a bright crisp violin passage,a dark muted violin passage,105,3.0,25,4.5,1.0,44100,25,25,1563.31494140625,1097.778564453125,1471.33349609375,1473.4530029296875,373.554931640625,373.554931640625,0.8024183503886279,0.853,,
ok,,05,transformer.transformer_blocks.2,transformer_blocks-2,dual,2,1,dark_to_bright,dark,bright,a dark muted violin passage,a bright crisp violin passage,105,3.0,25,4.5,1.0,44100,25,25,1097.778564453125,1563.31494140625,1163.1807861328125,1146.7972412109375,-400.1341552734375,400.1341552734375,0.8595121135157331,0.859,,
ok,,05,transformer.transformer_blocks.3,transformer_blocks-3,dual,3,1,bright_to_dark,bright,dark,a bright crisp violin passage,a dark muted violin passage,105,3.0,25,4.5,1.0,44100,25,25,1563.31494140625,1097.778564453125,1458.2186279296875,1460.9044189453125,360.4400634765625,360.4400634765625,0.7742468286486994,0.852,,
ok,,05,transformer.transformer_blocks.3,transformer_blocks-3,dual,3,1,dark_to_bright,dark,bright,a dark muted violin passage,a bright crisp violin passage,105,3.0,25,4.5,1.0,44100,25,25,1097.778564453125,1563.31494140625,1172.660888671875,1158.8775634765625,-390.654052734375,390.654052734375,0.8391482858786566,0.855,,
ok,,05,transformer.transformer_blocks.4,transformer_blocks-4,dual,4,1,bright_to_dark,bright,dark,a bright crisp violin passage,a dark muted violin passage,105,3.0,25,4.5,1.0,44100,25,25,1563.31494140625,1097.778564453125,1431.06982421875,1436.9866943359375,333.291259765625,333.291259765625,0.715929573424472,0.851,,
ok,,05,transformer.transformer_blocks.4,transformer_blocks-4,dual,4,1,dark_to_bright,dark,bright,a dark muted violin passage,a bright crisp violin passage,105,3.0,25,4.5,1.0,44100,25,25,1097.778564453125,1563.31494140625,1175.8807373046875,1156.47998046875,-387.4342041015625,387.4342041015625,0.832231858307763,0.856,,
ok,,05,transformer.transformer_blocks.5,transformer_blocks-5,dual,5,1,bright_to_dark,bright,dark,a bright crisp violin passage,a dark muted violin passage,105,3.0,25,4.5,1.0,44100,25,25,1563.31494140625,1097.778564453125,1436.65625,1427.899658203125,338.877685546875,338.877685546875,0.7279295503496104,0.853,,
ok,,05,transformer.transformer_blocks.5,transformer_blocks-5,dual,5,1,dark_to_bright,dark,bright,a dark muted violin passage,a bright crisp violin passage,105,3.0,25,4.5,1.0,44100,25,25,1097.778564453125,1563.31494140625,1171.826416015625,1156.958984375,-391.488525390625,391.488525390625,0.8409407830873851,0.854,,
ok,,06,transformer.transformer_blocks.0,transformer_blocks-0,dual,0,1,bright_to_dark,bright,dark,a bright uplifting string quartet,a dark mournful string quartet,106,3.0,25,4.5,1.0,44100,25,25,1207.377685546875,1386.683837890625,1262.540283203125,1246.0430908203125,-124.1435546875,-124.1435546875,0.6923552430565957,0.879,,
ok,,06,transformer.transformer_blocks.0,transformer_blocks-0,dual,0,1,dark_to_bright,dark,bright,a dark mournful string quartet,a bright uplifting string quartet,106,3.0,25,4.5,1.0,44100,25,25,1386.683837890625,1207.377685546875,1253.720947265625,1246.4033203125,46.34326171875,-46.34326171875,0.2584588488068428,0.868,,
ok,,06,transformer.transformer_blocks.1,transformer_blocks-1,dual,1,1,bright_to_dark,bright,dark,a bright uplifting string quartet,a dark mournful string quartet,106,3.0,25,4.5,1.0,44100,25,25,1207.377685546875,1386.683837890625,1273.4788818359375,1256.3277587890625,-113.2049560546875,-113.2049560546875,0.6313500935409115,0.861,,
ok,,06,transformer.transformer_blocks.1,transformer_blocks-1,dual,1,1,dark_to_bright,dark,bright,a dark mournful string quartet,a bright uplifting string quartet,106,3.0,25,4.5,1.0,44100,25,25,1386.683837890625,1207.377685546875,1232.2955322265625,1223.0159912109375,24.9178466796875,-24.9178466796875,0.1389681634120239,0.871,,
ok,,06,transformer.transformer_blocks.2,transformer_blocks-2,dual,2,1,bright_to_dark,bright,dark,a bright uplifting string quartet,a dark mournful string quartet,106,3.0,25,4.5,1.0,44100,25,25,1207.377685546875,1386.683837890625,1196.36279296875,1189.6895751953125,-190.321044921875,-190.321044921875,1.0614306449285031,0.863,,
ok,,06,transformer.transformer_blocks.2,transformer_blocks-2,dual,2,1,dark_to_bright,dark,bright,a dark mournful string quartet,a bright uplifting string quartet,106,3.0,25,4.5,1.0,44100,25,25,1386.683837890625,1207.377685546875,1190.6468505859375,1177.444580078125,-16.7308349609375,16.7308349609375,-0.09330876125690664,0.867,,
ok,,06,transformer.transformer_blocks.3,transformer_blocks-3,dual,3,1,bright_to_dark,bright,dark,a bright uplifting string quartet,a dark mournful string quartet,106,3.0,25,4.5,1.0,44100,25,25,1207.377685546875,1386.683837890625,1188.18798828125,1181.8829345703125,-198.495849609375,-198.495849609375,1.1070219678175695,0.862,,
ok,,06,transformer.transformer_blocks.3,transformer_blocks-3,dual,3,1,dark_to_bright,dark,bright,a dark mournful string quartet,a bright uplifting string quartet,106,3.0,25,4.5,1.0,44100,25,25,1386.683837890625,1207.377685546875,1196.5758056640625,1175.73779296875,-10.8018798828125,10.8018798828125,-0.060242661735912355,0.863,,
ok,,06,transformer.transformer_blocks.4,transformer_blocks-4,dual,4,1,bright_to_dark,bright,dark,a bright uplifting string quartet,a dark mournful string quartet,106,3.0,25,4.5,1.0,44100,25,25,1207.377685546875,1386.683837890625,1177.7222900390625,1168.845458984375,-208.9615478515625,-208.9615478515625,1.165389726566436,0.857,,
ok,,06,transformer.transformer_blocks.4,transformer_blocks-4,dual,4,1,dark_to_bright,dark,bright,a dark mournful string quartet,a bright uplifting string quartet,106,3.0,25,4.5,1.0,44100,25,25,1386.683837890625,1207.377685546875,1192.9337158203125,1172.8486328125,-14.4439697265625,14.4439697265625,-0.08055479155490321,0.865,,
ok,,06,transformer.transformer_blocks.5,transformer_blocks-5,dual,5,1,bright_to_dark,bright,dark,a bright uplifting string quartet,a dark mournful string quartet,106,3.0,25,4.5,1.0,44100,25,25,1207.377685546875,1386.683837890625,1188.7034912109375,1169.834228515625,-197.9803466796875,-197.9803466796875,1.1041469804122335,0.856,,
ok,,06,transformer.transformer_blocks.5,transformer_blocks-5,dual,5,1,dark_to_bright,dark,bright,a dark mournful string quartet,a bright uplifting string quartet,106,3.0,25,4.5,1.0,44100,25,25,1386.683837890625,1207.377685546875,1243.8677978515625,1224.4781494140625,36.4901123046875,-36.4901123046875,0.20350730762841793,0.861,,
ok,,07,transformer.transformer_blocks.0,transformer_blocks-0,dual,0,1,bright_to_dark,bright,dark,a bright glittering harp glissando,a dark resonant harp glissando,107,3.0,25,4.5,1.0,44100,25,25,2389.673828125,1078.0107421875,2354.508544921875,2379.66748046875,1276.497802734375,1276.497802734375,0.9731903081056894,0.88,,
ok,,07,transformer.transformer_blocks.0,transformer_blocks-0,dual,0,1,dark_to_bright,dark,bright,a dark resonant harp glissando,a bright glittering harp glissando,107,3.0,25,4.5,1.0,44100,25,25,1078.0107421875,2389.673828125,1044.226806640625,998.0422973632812,-1345.447021484375,1345.447021484375,1.025756565012065,0.863,,
ok,,07,transformer.transformer_blocks.1,transformer_blocks-1,dual,1,1,bright_to_dark,bright,dark,a bright glittering harp glissando,a dark resonant harp glissando,107,3.0,25,4.5,1.0,44100,25,25,2389.673828125,1078.0107421875,2400.644287109375,2430.6474609375,1322.633544921875,1322.633544921875,1.0083637780936208,0.858,,
ok,,07,transformer.transformer_blocks.1,transformer_blocks-1,dual,1,1,dark_to_bright,dark,bright,a dark resonant harp glissando,a bright glittering harp glissando,107,3.0,25,4.5,1.0,44100,25,25,1078.0107421875,2389.673828125,1027.118408203125,979.1506958007812,-1362.555419921875,1362.555419921875,1.0387998522867632,0.851,,
ok,,07,transformer.transformer_blocks.2,transformer_blocks-2,dual,2,1,bright_to_dark,bright,dark,a bright glittering harp glissando,a dark resonant harp glissando,107,3.0,25,4.5,1.0,44100,25,25,2389.673828125,1078.0107421875,2295.49072265625,2306.633544921875,1217.47998046875,1217.47998046875,0.9281956574988665,0.857,,
ok,,07,transformer.transformer_blocks.2,transformer_blocks-2,dual,2,1,dark_to_bright,dark,bright,a dark resonant harp glissando,a bright glittering harp glissando,107,3.0,25,4.5,1.0,44100,25,25,1078.0107421875,2389.673828125,1040.170654296875,996.8180541992188,-1349.503173828125,1349.503173828125,1.0288489386461457,0.851,,
ok,,07,transformer.transformer_blocks.3,transformer_blocks-3,dual,3,1,bright_to_dark,bright,dark,a bright glittering harp glissando,a dark resonant harp glissando,107,3.0,25,4.5,1.0,44100,25,25,2389.673828125,1078.0107421875,2268.286865234375,2287.017333984375,1190.276123046875,1190.276123046875,0.9074556841676575,0.85,,
ok,,07,transformer.transformer_blocks.3,transformer_blocks-3,dual,3,1,dark_to_bright,dark,bright,a dark resonant harp glissando,a bright glittering harp glissando,107,3.0,25,4.5,1.0,44100,25,25,1078.0107421875,2389.673828125,1043.905029296875,1001.3106689453125,-1345.768798828125,1345.768798828125,1.0260018851306227,0.857,,
ok,,07,transformer.transformer_blocks.4,transformer_blocks-4,dual,4,1,bright_to_dark,bright,dark,a bright glittering harp glissando,a dark resonant harp glissando,107,3.0,25,4.5,1.0,44100,25,25,2389.673828125,1078.0107421875,2282.51611328125,2300.43115234375,1204.50537109375,1204.50537109375,0.9183039333860952,0.853,,
ok,,07,transformer.transformer_blocks.4,transformer_blocks-4,dual,4,1,dark_to_bright,dark,bright,a dark resonant harp glissando,a bright glittering harp glissando,107,3.0,25,4.5,1.0,44100,25,25,1078.0107421875,2389.673828125,1047.8779296875,1003.4810180664062,-1341.7958984375,1341.7958984375,1.0229729820279747,0.854,,
ok,,07,transformer.transformer_blocks.5,transformer_blocks-5,dual,5,1,bright_to_dark,bright,dark,a bright glittering harp glissando,a dark resonant harp glissando,107,3.0,25,4.5,1.0,44100,25,25,2389.673828125,1078.0107421875,2350.4638671875,2360.315673828125,1272.453125,1272.453125,0.9701066826093722,0.855,,
ok,,07,transformer.transformer_blocks.5,transformer_blocks-5,dual,5,1,dark_to_bright,dark,bright,a dark resonant harp glissando,a bright glittering harp glissando,107,3.0,25,4.5,1.0,44100,25,25,1078.0107421875,2389.673828125,1101.0501708984375,1053.2535400390625,-1288.6236572265625,1288.6236572265625,0.9824349492198522,0.855,,
ok,,08,transformer.transformer_blocks.0,transformer_blocks-0,dual,0,1,bright_to_dark,bright,dark,a bright cheerful music box melody,a dark eerie music box melody,108,3.0,25,4.5,1.0,44100,25,25,2107.773193359375,2106.578857421875,2134.65576171875,2091.07666015625,28.076904296875,28.076904296875,23.508381030253474,0.992,,
ok,,08,transformer.transformer_blocks.0,transformer_blocks-0,dual,0,1,dark_to_bright,dark,bright,a dark eerie music box melody,a bright cheerful music box melody,108,3.0,25,4.5,1.0,44100,25,25,2106.578857421875,2107.773193359375,2205.45703125,2197.525634765625,97.683837890625,-97.683837890625,-81.7892477514309,0.99,,
ok,,08,transformer.transformer_blocks.1,transformer_blocks-1,dual,1,1,bright_to_dark,bright,dark,a bright cheerful music box melody,a dark eerie music box melody,108,3.0,25,4.5,1.0,44100,25,25,2107.773193359375,2106.578857421875,2158.301025390625,2112.915771484375,51.72216796875,51.72216796875,43.306214227309894,0.97,,
ok,,08,transformer.transformer_blocks.1,transformer_blocks-1,dual,1,1,dark_to_bright,dark,bright,a dark eerie music box melody,a bright cheerful music box melody,108,3.0,25,4.5,1.0,44100,25,25,2106.578857421875,2107.773193359375,2180.7080078125,2176.281982421875,72.934814453125,-72.934814453125,-61.067252657399834,0.981,,
ok,,08,transformer.transformer_blocks.2,transformer_blocks-2,dual,2,1,bright_to_dark,bright,dark,a bright cheerful music box melody,a dark eerie music box melody,108,3.0,25,4.5,1.0,44100,25,25,2107.773193359375,2106.578857421875,2097.034912109375,2040.8426513671875,-9.5439453125,-9.5439453125,-7.991005723630417,1.041,,
ok,,08,transformer.transformer_blocks.2,transformer_blocks-2,dual,2,1,dark_to_bright,dark,bright,a dark eerie music box melody,a bright cheerful music box melody,108,3.0,25,4.5,1.0,44100,25,25,2106.578857421875,2107.773193359375,2242.010498046875,2271.656982421875,134.2373046875,-134.2373046875,-112.3949304987735,0.995,,
ok,,08,transformer.transformer_blocks.3,transformer_blocks-3,dual,3,1,bright_to_dark,bright,dark,a bright cheerful music box melody,a dark eerie music box melody,108,3.0,25,4.5,1.0,44100,25,25,2107.773193359375,2106.578857421875,2081.51220703125,2027.5181884765625,-25.066650390625,-25.066650390625,-20.98793949304988,0.998,,
ok,,08,transformer.transformer_blocks.3,transformer_blocks-3,dual,3,1,dark_to_bright,dark,bright,a dark eerie music box melody,a bright cheerful music box melody,108,3.0,25,4.5,1.0,44100,25,25,2106.578857421875,2107.773193359375,2211.4111328125,2215.5126953125,103.637939453125,-103.637939453125,-86.77452984464432,0.993,,
ok,,08,transformer.transformer_blocks.4,transformer_blocks-4,dual,4,1,bright_to_dark,bright,dark,a bright cheerful music box melody,a dark eerie music box melody,108,3.0,25,4.5,1.0,44100,25,25,2107.773193359375,2106.578857421875,2044.1961669921875,1995.2369384765625,-62.3826904296875,-62.3826904296875,-52.23211365494685,0.992,,
ok,,08,transformer.transformer_blocks.4,transformer_blocks-4,dual,4,1,dark_to_bright,dark,bright,a dark eerie music box melody,a bright cheerful music box melody,108,3.0,25,4.5,1.0,44100,25,25,2106.578857421875,2107.773193359375,2234.09375,2247.696044921875,126.320556640625,-126.320556640625,-105.76635322976288,0.978,,
ok,,08,transformer.transformer_blocks.5,transformer_blocks-5,dual,5,1,bright_to_dark,bright,dark,a bright cheerful music box melody,a dark eerie music box melody,108,3.0,25,4.5,1.0,44100,25,25,2107.773193359375,2106.578857421875,2009.9901123046875,1952.1939697265625,-96.5887451171875,-96.5887451171875,-80.87234260016353,0.974,,
ok,,08,transformer.transformer_blocks.5,transformer_blocks-5,dual,5,1,dark_to_bright,dark,bright,a dark eerie music box melody,a bright cheerful music box melody,108,3.0,25,4.5,1.0,44100,25,25,2106.578857421875,2107.773193359375,2272.128173828125,2252.627685546875,164.35498046875,-164.35498046875,-137.6120196238757,0.963,,
ok,,09,transformer.transformer_blocks.0,transformer_blocks-0,dual,0,1,bright_to_dark,bright,dark,a bright punchy electric guitar riff,a dark heavy electric guitar riff,109,3.0,25,4.5,1.0,44100,25,25,1497.996826171875,1278.8392333984375,1473.5474853515625,1412.1129150390625,194.708251953125,194.708251953125,0.8884394534959693,0.851,,
ok,,09,transformer.transformer_blocks.0,transformer_blocks-0,dual,0,1,dark_to_bright,dark,bright,a dark heavy electric guitar riff,a bright punchy electric guitar riff,109,3.0,25,4.5,1.0,44100,25,25,1278.8392333984375,1497.996826171875,1416.984375,1304.9359130859375,-81.012451171875,81.012451171875,0.36965386481327484,0.856,,
ok,,09,transformer.transformer_blocks.1,transformer_blocks-1,dual,1,1,bright_to_dark,bright,dark,a bright punchy electric guitar riff,a dark heavy electric guitar riff,109,3.0,25,4.5,1.0,44100,25,25,1497.996826171875,1278.8392333984375,1471.1668701171875,1401.1004638671875,192.32763671875,192.32763671875,0.8775768810235839,0.85,,
ok,,09,transformer.transformer_blocks.1,transformer_blocks-1,dual,1,1,dark_to_bright,dark,bright,a dark heavy electric guitar riff,a bright punchy electric guitar riff,109,3.0,25,4.5,1.0,44100,25,25,1278.8392333984375,1497.996826171875,1412.3409423828125,1299.4146728515625,-85.6558837890625,85.6558837890625,0.39084150681291946,0.853,,
ok,,09,transformer.transformer_blocks.2,transformer_blocks-2,dual,2,1,bright_to_dark,bright,dark,a bright punchy electric guitar riff,a dark heavy electric guitar riff,109,3.0,25,4.5,1.0,44100,25,25,1497.996826171875,1278.8392333984375,1439.9031982421875,1377.291259765625,161.06396484375,161.06396484375,0.7349230423892089,0.847,,
ok,,09,transformer.transformer_blocks.2,transformer_blocks-2,dual,2,1,dark_to_bright,dark,bright,a dark heavy electric guitar riff,a bright punchy electric guitar riff,109,3.0,25,4.5,1.0,44100,25,25,1278.8392333984375,1497.996826171875,1440.947021484375,1315.5120849609375,-57.0498046875,57.0498046875,0.2603140688193149,0.85,,
ok,,09,transformer.transformer_blocks.3,transformer_blocks-3,dual,3,1,bright_to_dark,bright,dark,a bright punchy electric guitar riff,a dark heavy electric guitar riff,109,3.0,25,4.5,1.0,44100,25,25,1497.996826171875,1278.8392333984375,1437.2486572265625,1362.0947265625,158.409423828125,158.409423828125,0.7228105666952035,0.852,,
ok,,09,transformer.transformer_blocks.3,transformer_blocks-3,dual,3,1,dark_to_bright,dark,bright,a dark heavy electric guitar riff,a bright punchy electric guitar riff,109,3.0,25,4.5,1.0,44100,25,25,1278.8392333984375,1497.996826171875,1434.5816650390625,1313.62841796875,-63.4151611328125,63.4151611328125,0.2893587227816028,0.853,,
ok,,09,transformer.transformer_blocks.4,transformer_blocks-4,dual,4,1,bright_to_dark,bright,dark,a bright punchy electric guitar riff,a dark heavy electric guitar riff,109,3.0,25,4.5,1.0,44100,25,25,1497.996826171875,1278.8392333984375,1447.27783203125,1378.1441650390625,168.4385986328125,168.4385986328125,0.7685729547455941,0.853,,
ok,,09,transformer.transformer_blocks.4,transformer_blocks-4,dual,4,1,dark_to_bright,dark,bright,a dark heavy electric guitar riff,a bright punchy electric guitar riff,109,3.0,25,4.5,1.0,44100,25,25,1278.8392333984375,1497.996826171875,1432.2225341796875,1305.2314453125,-65.7742919921875,65.7742919921875,0.3001232636287631,0.852,,
ok,,09,transformer.transformer_blocks.5,transformer_blocks-5,dual,5,1,bright_to_dark,bright,dark,a bright punchy electric guitar riff,a dark heavy electric guitar riff,109,3.0,25,4.5,1.0,44100,25,25,1497.996826171875,1278.8392333984375,1443.852783203125,1370.3751220703125,165.0135498046875,165.0135498046875,0.7529447084923795,0.85,,
ok,,09,transformer.transformer_blocks.5,transformer_blocks-5,dual,5,1,dark_to_bright,dark,bright,a dark heavy electric guitar riff,a bright punchy electric guitar riff,109,3.0,25,4.5,1.0,44100,25,25,1278.8392333984375,1497.996826171875,1457.6510009765625,1318.186767578125,-40.3458251953125,40.3458251953125,0.18409503720467277,0.853,,
ok,,10,transformer.transformer_blocks.0,transformer_blocks-0,dual,0,1,bright_to_dark,bright,dark,a bright energetic synth lead,a dark gloomy synth lead,110,3.0,25,4.5,1.0,44100,25,25,1814.2838134765625,663.26611328125,1304.9385986328125,1302.9061279296875,641.6724853515625,641.6724853515625,0.5574827261498057,0.816,,
ok,,10,transformer.transformer_blocks.0,transformer_blocks-0,dual,0,1,dark_to_bright,dark,bright,a dark gloomy synth lead,a bright energetic synth lead,110,3.0,25,4.5,1.0,44100,25,25,663.26611328125,1814.2838134765625,747.6314697265625,716.1015014648438,-1066.65234375,1066.65234375,0.9267036845471648,0.819,,
ok,,10,transformer.transformer_blocks.1,transformer_blocks-1,dual,1,1,bright_to_dark,bright,dark,a bright energetic synth lead,a dark gloomy synth lead,110,3.0,25,4.5,1.0,44100,25,25,1814.2838134765625,663.26611328125,1480.6319580078125,1480.6629638671875,817.3658447265625,817.3658447265625,0.7101244790482947,0.813,,
ok,,10,transformer.transformer_blocks.1,transformer_blocks-1,dual,1,1,dark_to_bright,dark,bright,a dark gloomy synth lead,a bright energetic synth lead,110,3.0,25,4.5,1.0,44100,25,25,663.26611328125,1814.2838134765625,712.9276733398438,679.1929321289062,-1101.3561401367188,1101.3561401367188,0.9568542168811419,0.814,,
ok,,10,transformer.transformer_blocks.2,transformer_blocks-2,dual,2,1,bright_to_dark,bright,dark,a bright energetic synth lead,a dark gloomy synth lead,110,3.0,25,4.5,1.0,44100,25,25,1814.2838134765625,663.26611328125,1726.404541015625,1721.769775390625,1063.138427734375,1063.138427734375,0.9236508070674972,0.81,,
ok,,10,transformer.transformer_blocks.2,transformer_blocks-2,dual,2,1,dark_to_bright,dark,bright,a dark gloomy synth lead,a bright energetic synth lead,110,3.0,25,4.5,1.0,44100,25,25,663.26611328125,1814.2838134765625,733.7551879882812,695.37158203125,-1080.5286254882812,1080.5286254882812,0.9387593477536703,0.813,,
ok,,10,transformer.transformer_blocks.3,transformer_blocks-3,dual,3,1,bright_to_dark,bright,dark,a bright energetic synth lead,a dark gloomy synth lead,110,3.0,25,4.5,1.0,44100,25,25,1814.2838134765625,663.26611328125,1759.1160888671875,1772.5242919921875,1095.8499755859375,1095.8499755859375,0.9520704811055349,0.805,,
ok,,10,transformer.transformer_blocks.3,transformer_blocks-3,dual,3,1,dark_to_bright,dark,bright,a dark gloomy synth lead,a bright energetic synth lead,110,3.0,25,4.5,1.0,44100,25,25,663.26611328125,1814.2838134765625,739.857177734375,698.2700805664062,-1074.4266357421875,1074.4266357421875,0.9334579612110844,0.81,,
ok,,10,transformer.transformer_blocks.4,transformer_blocks-4,dual,4,1,bright_to_dark,bright,dark,a bright energetic synth lead,a dark gloomy synth lead,110,3.0,25,4.5,1.0,44100,25,25,1814.2838134765625,663.26611328125,1744.4515380859375,1760.41845703125,1081.1854248046875,1081.1854248046875,0.9393299726157336,0.814,,
ok,,10,transformer.transformer_blocks.4,transformer_blocks-4,dual,4,1,dark_to_bright,dark,bright,a dark gloomy synth lead,a bright energetic synth lead,110,3.0,25,4.5,1.0,44100,25,25,663.26611328125,1814.2838134765625,728.9585571289062,697.435791015625,-1085.3252563476562,1085.3252563476562,0.9429266432336278,0.811,,
ok,,10,transformer.transformer_blocks.5,transformer_blocks-5,dual,5,1,bright_to_dark,bright,dark,a bright energetic synth lead,a dark gloomy synth lead,110,3.0,25,4.5,1.0,44100,25,25,1814.2838134765625,663.26611328125,1731.4822998046875,1743.354248046875,1068.2161865234375,1068.2161865234375,0.9280623454723375,0.804,,
ok,,10,transformer.transformer_blocks.5,transformer_blocks-5,dual,5,1,dark_to_bright,dark,bright,a dark gloomy synth lead,a bright energetic synth lead,110,3.0,25,4.5,1.0,44100,25,25,663.26611328125,1814.2838134765625,731.1344604492188,714.12646484375,-1083.1493530273438,1083.1493530273438,0.9410362263269693,0.81,,
ok,,11,transformer.transformer_blocks.0,transformer_blocks-0,dual,0,1,bright_to_dark,bright,dark,a bright clear trumpet fanfare,a dark muffled trumpet fanfare,111,3.0,25,4.5,1.0,44100,25,25,1148.04541015625,880.3349609375,1050.891845703125,1016.4629516601562,170.556884765625,170.556884765625,0.6370946119710873,0.852,,
ok,,11,transformer.transformer_blocks.0,transformer_blocks-0,dual,0,1,dark_to_bright,dark,bright,a dark muffled trumpet fanfare,a bright clear trumpet fanfare,111,3.0,25,4.5,1.0,44100,25,25,880.3349609375,1148.04541015625,965.0130004882812,957.352783203125,-183.03240966796875,183.03240966796875,0.6836954261669868,0.865,,
ok,,11,transformer.transformer_blocks.1,transformer_blocks-1,dual,1,1,bright_to_dark,bright,dark,a bright clear trumpet fanfare,a dark muffled trumpet fanfare,111,3.0,25,4.5,1.0,44100,25,25,1148.04541015625,880.3349609375,1058.25244140625,1025.5247802734375,177.91748046875,177.91748046875,0.6645892268604394,0.857,,
ok,,11,transformer.transformer_blocks.1,transformer_blocks-1,dual,1,1,dark_to_bright,dark,bright,a dark muffled trumpet fanfare,a bright clear trumpet fanfare,111,3.0,25,4.5,1.0,44100,25,25,880.3349609375,1148.04541015625,955.915283203125,950.3123779296875,-192.130126953125,192.130126953125,0.7176788485985945,0.859,,
ok,,11,transformer.transformer_blocks.2,transformer_blocks-2,dual,2,1,bright_to_dark,bright,dark,a bright clear trumpet fanfare,a dark muffled trumpet fanfare,111,3.0,25,4.5,1.0,44100,25,25,1148.04541015625,880.3349609375,1062.3973388671875,1032.8726806640625,182.0623779296875,182.0623779296875,0.6800719899465775,0.85,,
ok,,11,transformer.transformer_blocks.2,transformer_blocks-2,dual,2,1,dark_to_bright,dark,bright,a dark muffled trumpet fanfare,a bright clear trumpet fanfare,111,3.0,25,4.5,1.0,44100,25,25,880.3349609375,1148.04541015625,956.5147705078125,947.1736450195312,-191.5306396484375,191.5306396484375,0.7154395362877117,0.853,,
ok,,11,transformer.transformer_blocks.3,transformer_blocks-3,dual,3,1,bright_to_dark,bright,dark,a bright clear trumpet fanfare,a dark muffled trumpet fanfare,111,3.0,25,4.5,1.0,44100,25,25,1148.04541015625,880.3349609375,1064.940185546875,1031.7667236328125,184.605224609375,184.605224609375,0.6895704861282104,0.855,,
ok,,11,transformer.transformer_blocks.3,transformer_blocks-3,dual,3,1,dark_to_bright,dark,bright,a dark muffled trumpet fanfare,a bright clear trumpet fanfare,111,3.0,25,4.5,1.0,44100,25,25,880.3349609375,1148.04541015625,946.1593017578125,936.2117919921875,-201.8861083984375,201.8861083984375,0.7541211371748643,0.861,,
ok,,11,transformer.transformer_blocks.4,transformer_blocks-4,dual,4,1,bright_to_dark,bright,dark,a bright clear trumpet fanfare,a dark muffled trumpet fanfare,111,3.0,25,4.5,1.0,44100,25,25,1148.04541015625,880.3349609375,1066.763427734375,1033.49169921875,186.428466796875,186.428466796875,0.6963809867747884,0.861,,
ok,,11,transformer.transformer_blocks.4,transformer_blocks-4,dual,4,1,dark_to_bright,dark,bright,a dark muffled trumpet fanfare,a bright clear trumpet fanfare,111,3.0,25,4.5,1.0,44100,25,25,880.3349609375,1148.04541015625,942.1270141601562,933.0380859375,-205.91839599609375,205.91839599609375,0.7691832597383411,0.861,,
ok,,11,transformer.transformer_blocks.5,transformer_blocks-5,dual,5,1,bright_to_dark,bright,dark,a bright clear trumpet fanfare,a dark muffled trumpet fanfare,111,3.0,25,4.5,1.0,44100,25,25,1148.04541015625,880.3349609375,1059.574951171875,1025.3358154296875,179.239990234375,179.239990234375,0.6695293021151949,0.854,,
ok,,11,transformer.transformer_blocks.5,transformer_blocks-5,dual,5,1,dark_to_bright,dark,bright,a dark muffled trumpet fanfare,a bright clear trumpet fanfare,111,3.0,25,4.5,1.0,44100,25,25,880.3349609375,1148.04541015625,916.6753540039062,906.2172241210938,-231.37005615234375,231.37005615234375,0.8642548575430763,0.862,,
ok,,12,transformer.transformer_blocks.0,transformer_blocks-0,dual,0,1,bright_to_dark,bright,dark,a bright lively marimba pattern,a dark slow marimba pattern,112,3.0,25,4.5,1.0,44100,25,25,1964.24658203125,974.3965454101562,1849.567138671875,1924.711181640625,875.1705932617188,875.1705932617188,0.884144628866369,0.976,,
ok,,12,transformer.transformer_blocks.0,transformer_blocks-0,dual,0,1,dark_to_bright,dark,bright,a dark slow marimba pattern,a bright lively marimba pattern,112,3.0,25,4.5,1.0,44100,25,25,974.3965454101562,1964.24658203125,1145.0394287109375,947.2411499023438,-819.2071533203125,819.2071533203125,0.8276073374879291,0.989,,
ok,,12,transformer.transformer_blocks.1,transformer_blocks-1,dual,1,1,bright_to_dark,bright,dark,a bright lively marimba pattern,a dark slow marimba pattern,112,3.0,25,4.5,1.0,44100,25,25,1964.24658203125,974.3965454101562,1932.6197509765625,2007.3282470703125,958.2232055664062,958.2232055664062,0.9680488661063777,0.971,,
ok,,12,transformer.transformer_blocks.1,transformer_blocks-1,dual,1,1,dark_to_bright,dark,bright,a dark slow marimba pattern,a bright lively marimba pattern,112,3.0,25,4.5,1.0,44100,25,25,974.3965454101562,1964.24658203125,1089.98095703125,905.22705078125,-874.265625,874.265625,0.8832303810225159,1.098,,
ok,,12,transformer.transformer_blocks.2,transformer_blocks-2,dual,2,1,bright_to_dark,bright,dark,a bright lively marimba pattern,a dark slow marimba pattern,112,3.0,25,4.5,1.0,44100,25,25,1964.24658203125,974.3965454101562,1971.2742919921875,2041.1080322265625,996.8777465820312,996.8777465820312,1.0070997723907016,1.026,,
ok,,12,transformer.transformer_blocks.2,transformer_blocks-2,dual,2,1,dark_to_bright,dark,bright,a dark slow marimba pattern,a bright lively marimba pattern,112,3.0,25,4.5,1.0,44100,25,25,974.3965454101562,1964.24658203125,1065.7852783203125,898.0447387695312,-898.4613037109375,898.4613037109375,0.9076741632276778,0.978,,
ok,,12,transformer.transformer_blocks.3,transformer_blocks-3,dual,3,1,bright_to_dark,bright,dark,a bright lively marimba pattern,a dark slow marimba pattern,112,3.0,25,4.5,1.0,44100,25,25,1964.24658203125,974.3965454101562,1977.213623046875,2078.630126953125,1002.8170776367188,1002.8170776367188,1.013100005592654,0.986,,
ok,,12,transformer.transformer_blocks.3,transformer_blocks-3,dual,3,1,dark_to_bright,dark,bright,a dark slow marimba pattern,a bright lively marimba pattern,112,3.0,25,4.5,1.0,44100,25,25,974.3965454101562,1964.24658203125,1053.316162109375,878.0813598632812,-910.930419921875,910.930419921875,0.9202711382740206,0.985,,
ok,,12,transformer.transformer_blocks.4,transformer_blocks-4,dual,4,1,bright_to_dark,bright,dark,a bright lively marimba pattern,a dark slow marimba pattern,112,3.0,25,4.5,1.0,44100,25,25,1964.24658203125,974.3965454101562,1962.20654296875,2044.96533203125,987.8099975585938,987.8099975585938,0.9979390422922407,1.0,,
ok,,12,transformer.transformer_blocks.4,transformer_blocks-4,dual,4,1,dark_to_bright,dark,bright,a dark slow marimba pattern,a bright lively marimba pattern,112,3.0,25,4.5,1.0,44100,25,25,974.3965454101562,1964.24658203125,1052.6822509765625,875.2293701171875,-911.5643310546875,911.5643310546875,0.9209115495579121,1.001,,
ok,,12,transformer.transformer_blocks.5,transformer_blocks-5,dual,5,1,bright_to_dark,bright,dark,a bright lively marimba pattern,a dark slow marimba pattern,112,3.0,25,4.5,1.0,44100,25,25,1964.24658203125,974.3965454101562,1921.6522216796875,1989.3857421875,947.2556762695312,947.2556762695312,0.9569688753086674,0.991,,
ok,,12,transformer.transformer_blocks.5,transformer_blocks-5,dual,5,1,dark_to_bright,dark,bright,a dark slow marimba pattern,a bright lively marimba pattern,112,3.0,25,4.5,1.0,44100,25,25,974.3965454101562,1964.24658203125,994.8289794921875,818.423095703125,-969.4176025390625,969.4176025390625,0.9793580508904375,0.99,,
ok,,13,transformer.transformer_blocks.0,transformer_blocks-0,dual,0,1,bright_to_dark,bright,dark,a bright sharp xylophone melody,a dark hollow xylophone melody,113,3.0,25,4.5,1.0,44100,25,25,1775.6761474609375,1008.8287353515625,1730.2293701171875,1719.1751708984375,721.400634765625,721.400634765625,0.9407355666510772,0.865,,
ok,,13,transformer.transformer_blocks.0,transformer_blocks-0,dual,0,1,dark_to_bright,dark,bright,a dark hollow xylophone melody,a bright sharp xylophone melody,113,3.0,25,4.5,1.0,44100,25,25,1008.8287353515625,1775.6761474609375,1072.5262451171875,1067.5291748046875,-703.14990234375,703.14990234375,0.916935874386781,0.865,,
ok,,13,transformer.transformer_blocks.1,transformer_blocks-1,dual,1,1,bright_to_dark,bright,dark,a bright sharp xylophone melody,a dark hollow xylophone melody,113,3.0,25,4.5,1.0,44100,25,25,1775.6761474609375,1008.8287353515625,1772.8321533203125,1766.2001953125,764.00341796875,764.00341796875,0.9962913167656106,0.862,,
ok,,13,transformer.transformer_blocks.1,transformer_blocks-1,dual,1,1,dark_to_bright,dark,bright,a dark hollow xylophone melody,a bright sharp xylophone melody,113,3.0,25,4.5,1.0,44100,25,25,1008.8287353515625,1775.6761474609375,1045.94287109375,1044.3997802734375,-729.7332763671875,729.7332763671875,0.9516016678727555,0.862,,
ok,,13,transformer.transformer_blocks.2,transformer_blocks-2,dual,2,1,bright_to_dark,bright,dark,a bright sharp xylophone melody,a dark hollow xylophone melody,113,3.0,25,4.5,1.0,44100,25,25,1775.6761474609375,1008.8287353515625,1757.828369140625,1746.9638671875,748.9996337890625,748.9996337890625,0.9767257761603205,0.856,,
ok,,13,transformer.transformer_blocks.2,transformer_blocks-2,dual,2,1,dark_to_bright,dark,bright,a dark hollow xylophone melody,a bright sharp xylophone melody,113,3.0,25,4.5,1.0,44100,25,25,1008.8287353515625,1775.6761474609375,1067.9315185546875,1060.63232421875,-707.74462890625,707.74462890625,0.9229275834151277,0.861,,
ok,,13,transformer.transformer_blocks.3,transformer_blocks-3,dual,3,1,bright_to_dark,bright,dark,a bright sharp xylophone melody,a dark hollow xylophone melody,113,3.0,25,4.5,1.0,44100,25,25,1775.6761474609375,1008.8287353515625,1761.711669921875,1755.7833251953125,752.8829345703125,752.8829345703125,0.9817897572339062,0.861,,
ok,,13,transformer.transformer_blocks.3,transformer_blocks-3,dual,3,1,dark_to_bright,dark,bright,a dark hollow xylophone melody,a bright sharp xylophone melody,113,3.0,25,4.5,1.0,44100,25,25,1008.8287353515625,1775.6761474609375,1064.8238525390625,1060.571533203125,-710.852294921875,710.852294921875,0.9269801054247889,0.869,,
ok,,13,transformer.transformer_blocks.4,transformer_blocks-4,dual,4,1,bright_to_dark,bright,dark,a bright sharp xylophone melody,a dark hollow xylophone melody,113,3.0,25,4.5,1.0,44100,25,25,1775.6761474609375,1008.8287353515625,1769.5655517578125,1766.424560546875,760.73681640625,760.73681640625,0.9920315363830772,0.863,,
ok,,13,transformer.transformer_blocks.4,transformer_blocks-4,dual,4,1,dark_to_bright,dark,bright,a dark hollow xylophone melody,a bright sharp xylophone melody,113,3.0,25,4.5,1.0,44100,25,25,1008.8287353515625,1775.6761474609375,1052.8109130859375,1050.5760498046875,-722.865234375,722.865234375,0.9426454637000172,0.86,,
ok,,13,transformer.transformer_blocks.5,transformer_blocks-5,dual,5,1,bright_to_dark,bright,dark,a bright sharp xylophone melody,a dark hollow xylophone melody,113,3.0,25,4.5,1.0,44100,25,25,1775.6761474609375,1008.8287353515625,1797.5960693359375,1800.089599609375,788.767333984375,788.767333984375,1.0285844635175916,0.857,,
ok,,13,transformer.transformer_blocks.5,transformer_blocks-5,dual,5,1,dark_to_bright,dark,bright,a dark hollow xylophone melody,a bright sharp xylophone melody,113,3.0,25,4.5,1.0,44100,25,25,1008.8287353515625,1775.6761474609375,1041.909912109375,1036.754638671875,-733.7662353515625,733.7662353515625,0.9568608092882315,0.859,,
ok,,14,transformer.transformer_blocks.0,transformer_blocks-0,dual,0,1,bright_to_dark,bright,dark,a bright twinkling celesta passage,a dark heavy celesta passage,114,3.0,25,4.5,1.0,44100,25,25,2209.56103515625,2091.044677734375,2215.275634765625,2194.39697265625,124.23095703125,124.23095703125,1.0482178134199072,0.87,,
ok,,14,transformer.transformer_blocks.0,transformer_blocks-0,dual,0,1,dark_to_bright,dark,bright,a dark heavy celesta passage,a bright twinkling celesta passage,114,3.0,25,4.5,1.0,44100,25,25,2091.044677734375,2209.56103515625,1898.566162109375,1857.7481689453125,-310.994873046875,310.994873046875,2.6240670892360174,0.87,,
ok,,14,transformer.transformer_blocks.1,transformer_blocks-1,dual,1,1,bright_to_dark,bright,dark,a bright twinkling celesta passage,a dark heavy celesta passage,114,3.0,25,4.5,1.0,44100,25,25,2209.56103515625,2091.044677734375,2281.401611328125,2284.573486328125,190.35693359375,190.35693359375,1.6061659144327964,0.866,,
ok,,14,transformer.transformer_blocks.1,transformer_blocks-1,dual,1,1,dark_to_bright,dark,bright,a dark heavy celesta passage,a bright twinkling celesta passage,114,3.0,25,4.5,1.0,44100,25,25,2091.044677734375,2209.56103515625,1800.4354248046875,1749.0677490234375,-409.1256103515625,409.1256103515625,3.452060283081639,0.872,,
ok,,14,transformer.transformer_blocks.2,transformer_blocks-2,dual,2,1,bright_to_dark,bright,dark,a bright twinkling celesta passage,a dark heavy celesta passage,114,3.0,25,4.5,1.0,44100,25,25,2209.56103515625,2091.044677734375,2131.998046875,2115.42822265625,40.953369140625,40.953369140625,0.34555035297655956,0.859,,
ok,,14,transformer.transformer_blocks.2,transformer_blocks-2,dual,2,1,dark_to_bright,dark,bright,a dark heavy celesta passage,a bright twinkling celesta passage,114,3.0,25,4.5,1.0,44100,25,25,2091.044677734375,2209.56103515625,1950.83642578125,1908.44970703125,-258.724609375,258.724609375,2.1830286974989854,0.864,,
ok,,14,transformer.transformer_blocks.3,transformer_blocks-3,dual,3,1,bright_to_dark,bright,dark,a bright twinkling celesta passage,a dark heavy celesta passage,114,3.0,25,4.5,1.0,44100,25,25,2209.56103515625,2091.044677734375,2113.57861328125,2077.394775390625,22.533935546875,22.533935546875,0.19013354811996466,0.866,,
ok,,14,transformer.transformer_blocks.3,transformer_blocks-3,dual,3,1,dark_to_bright,dark,bright,a dark heavy celesta passage,a bright twinkling celesta passage,114,3.0,25,4.5,1.0,44100,25,25,2091.044677734375,2209.56103515625,1932.3663330078125,1887.028076171875,-277.1947021484375,277.1947021484375,2.338872946978327,0.868,,
ok,,14,transformer.transformer_blocks.4,transformer_blocks-4,dual,4,1,bright_to_dark,bright,dark,a bright twinkling celesta passage,a dark heavy celesta passage,114,3.0,25,4.5,1.0,44100,25,25,2209.56103515625,2091.044677734375,2106.33544921875,2052.031005859375,15.290771484375,15.290771484375,0.12901823695057915,0.866,,
ok,,14,transformer.transformer_blocks.4,transformer_blocks-4,dual,4,1,dark_to_bright,dark,bright,a dark heavy celesta passage,a bright twinkling celesta passage,114,3.0,25,4.5,1.0,44100,25,25,2091.044677734375,2209.56103515625,1959.1993408203125,1909.5616455078125,-250.3616943359375,250.3616943359375,2.112465315186335,0.867,,
ok,,14,transformer.transformer_blocks.5,transformer_blocks-5,dual,5,1,bright_to_dark,bright,dark,a bright twinkling celesta passage,a dark heavy celesta passage,114,3.0,25,4.5,1.0,44100,25,25,2209.56103515625,2091.044677734375,2076.08251953125,2062.416748046875,-14.962158203125,-14.962158203125,-0.12624551183146115,0.863,,
ok,,14,transformer.transformer_blocks.5,transformer_blocks-5,dual,5,1,dark_to_bright,dark,bright,a dark heavy celesta passage,a bright twinkling celesta passage,114,3.0,25,4.5,1.0,44100,25,25,2091.044677734375,2209.56103515625,2023.247802734375,1968.4351806640625,-186.313232421875,186.313232421875,1.5720465636542291,0.864,,
ok,,15,transformer.transformer_blocks.0,transformer_blocks-0,dual,0,1,bright_to_dark,bright,dark,a bright open church organ chord,a dark thunderous church organ chord,115,3.0,25,4.5,1.0,44100,25,25,1077.8778076171875,1176.032958984375,1069.9443359375,1001.501708984375,-106.088623046875,-106.088623046875,1.0808258310356964,0.809,,
ok,,15,transformer.transformer_blocks.0,transformer_blocks-0,dual,0,1,dark_to_bright,dark,bright,a dark thunderous church organ chord,a bright open church organ chord,115,3.0,25,4.5,1.0,44100,25,25,1176.032958984375,1077.8778076171875,1163.2322998046875,1124.7559814453125,85.3544921875,-85.3544921875,0.8695874948855037,0.815,,
ok,,15,transformer.transformer_blocks.1,transformer_blocks-1,dual,1,1,bright_to_dark,bright,dark,a bright open church organ chord,a dark thunderous church organ chord,115,3.0,25,4.5,1.0,44100,25,25,1077.8778076171875,1176.032958984375,1078.0157470703125,1011.033447265625,-98.0172119140625,-98.0172119140625,0.9985946794314545,0.81,,
ok,,15,transformer.transformer_blocks.1,transformer_blocks-1,dual,1,1,dark_to_bright,dark,bright,a dark thunderous church organ chord,a bright open church organ chord,115,3.0,25,4.5,1.0,44100,25,25,1176.032958984375,1077.8778076171875,1153.7972412109375,1116.92919921875,75.91943359375,-75.91943359375,0.7734635679969953,0.811,,
ok,,15,transformer.transformer_blocks.2,transformer_blocks-2,dual,2,1,bright_to_dark,bright,dark,a bright open church organ chord,a dark thunderous church organ chord,115,3.0,25,4.5,1.0,44100,25,25,1077.8778076171875,1176.032958984375,1079.859375,1011.40576171875,-96.173583984375,-96.173583984375,0.9798118860272582,0.806,,
ok,,15,transformer.transformer_blocks.2,transformer_blocks-2,dual,2,1,dark_to_bright,dark,bright,a dark thunderous church organ chord,a bright open church organ chord,115,3.0,25,4.5,1.0,44100,25,25,1176.032958984375,1077.8778076171875,1176.7587890625,1133.875732421875,98.8809814453125,-98.8809814453125,1.007394722212895,0.805,,
ok,,15,transformer.transformer_blocks.3,transformer_blocks-3,dual,3,1,bright_to_dark,bright,dark,a bright open church organ chord,a dark thunderous church organ chord,115,3.0,25,4.5,1.0,44100,25,25,1077.8778076171875,1176.032958984375,1084.0758056640625,1017.2416381835938,-91.9571533203125,-91.9571533203125,0.9368550915510386,0.806,,
ok,,15,transformer.transformer_blocks.3,transformer_blocks-3,dual,3,1,dark_to_bright,dark,bright,a dark thunderous church organ chord,a bright open church organ chord,115,3.0,25,4.5,1.0,44100,25,25,1176.032958984375,1077.8778076171875,1166.762939453125,1124.520263671875,88.8851318359375,-88.8851318359375,0.9055574832076628,0.809,,
ok,,15,transformer.transformer_blocks.4,transformer_blocks-4,dual,4,1,bright_to_dark,bright,dark,a bright open church organ chord,a dark thunderous church organ chord,115,3.0,25,4.5,1.0,44100,25,25,1077.8778076171875,1176.032958984375,1089.20361328125,1022.8306884765625,-86.829345703125,-86.829345703125,0.8846132321502524,0.807,,
ok,,15,transformer.transformer_blocks.4,transformer_blocks-4,dual,4,1,dark_to_bright,dark,bright,a dark thunderous church organ chord,a bright open church organ chord,115,3.0,25,4.5,1.0,44100,25,25,1176.032958984375,1077.8778076171875,1157.09619140625,1113.252197265625,79.2183837890625,-79.2183837890625,0.8070731152226065,0.807,,
ok,,15,transformer.transformer_blocks.5,transformer_blocks-5,dual,5,1,bright_to_dark,bright,dark,a bright open church organ chord,a dark thunderous church organ chord,115,3.0,25,4.5,1.0,44100,25,25,1077.8778076171875,1176.032958984375,1086.35986328125,1022.7635498046875,-89.673095703125,-89.673095703125,0.9135852214996636,0.804,,
ok,,15,transformer.transformer_blocks.5,transformer_blocks-5,dual,5,1,dark_to_bright,dark,bright,a dark thunderous church organ chord,a bright open church organ chord,115,3.0,25,4.5,1.0,44100,25,25,1176.032958984375,1077.8778076171875,1150.964599609375,1109.00244140625,73.0867919921875,-73.0867919921875,0.7446047504809803,0.802,,
ok,,16,transformer.transformer_blocks.0,transformer_blocks-0,dual,0,1,bright_to_dark,bright,dark,a bright lively folk fiddle tune,a dark slow folk fiddle tune,116,3.0,25,4.5,1.0,44100,25,25,1658.6729736328125,1054.4742431640625,1538.384521484375,1523.4923095703125,483.9102783203125,483.9102783203125,0.8009124381060596,0.811,,
ok,,16,transformer.transformer_blocks.0,transformer_blocks-0,dual,0,1,dark_to_bright,dark,bright,a dark slow folk fiddle tune,a bright lively folk fiddle tune,116,3.0,25,4.5,1.0,44100,25,25,1054.4742431640625,1658.6729736328125,1179.4205322265625,1153.0084228515625,-479.25244140625,479.25244140625,0.7932033240692776,0.814,,
ok,,16,transformer.transformer_blocks.1,transformer_blocks-1,dual,1,1,bright_to_dark,bright,dark,a bright lively folk fiddle tune,a dark slow folk fiddle tune,116,3.0,25,4.5,1.0,44100,25,25,1658.6729736328125,1054.4742431640625,1545.6463623046875,1529.5655517578125,491.172119140625,491.172119140625,0.8129313988454815,0.811,,
ok,,16,transformer.transformer_blocks.1,transformer_blocks-1,dual,1,1,dark_to_bright,dark,bright,a dark slow folk fiddle tune,a bright lively folk fiddle tune,116,3.0,25,4.5,1.0,44100,25,25,1054.4742431640625,1658.6729736328125,1169.3956298828125,1146.946044921875,-489.27734375,489.27734375,0.8097953853203372,0.811,,
ok,,16,transformer.transformer_blocks.2,transformer_blocks-2,dual,2,1,bright_to_dark,bright,dark,a bright lively folk fiddle tune,a dark slow folk fiddle tune,116,3.0,25,4.5,1.0,44100,25,25,1658.6729736328125,1054.4742431640625,1579.950927734375,1549.306396484375,525.4766845703125,525.4766845703125,0.8697083559951155,0.821,,
ok,,16,transformer.transformer_blocks.2,transformer_blocks-2,dual,2,1,dark_to_bright,dark,bright,a dark slow folk fiddle tune,a bright lively folk fiddle tune,116,3.0,25,4.5,1.0,44100,25,25,1054.4742431640625,1658.6729736328125,1183.7918701171875,1161.98095703125,-474.881103515625,474.881103515625,0.7859683901473979,0.808,,
ok,,16,transformer.transformer_blocks.3,transformer_blocks-3,dual,3,1,bright_to_dark,bright,dark,a bright lively folk fiddle tune,a dark slow folk fiddle tune,116,3.0,25,4.5,1.0,44100,25,25,1658.6729736328125,1054.4742431640625,1576.1358642578125,1538.4564208984375,521.66162109375,521.66162109375,0.8633941032763078,0.81,,
ok,,16,transformer.transformer_blocks.3,transformer_blocks-3,dual,3,1,dark_to_bright,dark,bright,a dark slow folk fiddle tune,a bright lively folk fiddle tune,116,3.0,25,4.5,1.0,44100,25,25,1054.4742431640625,1658.6729736328125,1194.613037109375,1174.404052734375,-464.0599365234375,464.0599365234375,0.7680584435578176,0.808,,
ok,,16,transformer.transformer_blocks.4,transformer_blocks-4,dual,4,1,bright_to_dark,bright,dark,a bright lively folk fiddle tune,a dark slow folk fiddle tune,116,3.0,25,4.5,1.0,44100,25,25,1658.6729736328125,1054.4742431640625,1567.440185546875,1539.112548828125,512.9659423828125,512.9659423828125,0.8490020195587681,0.811,,
ok,,16,transformer.transformer_blocks.4,transformer_blocks-4,dual,4,1,dark_to_bright,dark,bright,a dark slow folk fiddle tune,a bright lively folk fiddle tune,116,3.0,25,4.5,1.0,44100,25,25,1054.4742431640625,1658.6729736328125,1178.4984130859375,1164.73291015625,-480.174560546875,480.174560546875,0.7947295092367135,0.809,,
ok,,16,transformer.transformer_blocks.5,transformer_blocks-5,dual,5,1,bright_to_dark,bright,dark,a bright lively folk fiddle tune,a dark slow folk fiddle tune,116,3.0,25,4.5,1.0,44100,25,25,1658.6729736328125,1054.4742431640625,1601.415771484375,1587.0562744140625,546.9415283203125,546.9415283203125,0.9052344878248649,0.806,,
ok,,16,transformer.transformer_blocks.5,transformer_blocks-5,dual,5,1,dark_to_bright,dark,bright,a dark slow folk fiddle tune,a bright lively folk fiddle tune,116,3.0,25,4.5,1.0,44100,25,25,1054.4742431640625,1658.6729736328125,1117.8907470703125,1112.810302734375,-540.7822265625,540.7822265625,0.8950403224828855,0.807,,
ok,,17,transformer.transformer_blocks.0,transformer_blocks-0,dual,0,1,bright_to_dark,bright,dark,a bright pop synth arpeggio,a dark cinematic synth arpeggio,117,3.0,25,4.5,1.0,44100,25,25,3296.32373046875,979.0730590820312,2147.145751953125,1967.71484375,1168.0726928710938,1168.0726928710938,0.5040769681478098,0.858,,
ok,,17,transformer.transformer_blocks.0,transformer_blocks-0,dual,0,1,dark_to_bright,dark,bright,a dark cinematic synth arpeggio,a bright pop synth arpeggio,117,3.0,25,4.5,1.0,44100,25,25,979.0730590820312,3296.32373046875,1126.7156982421875,1126.786376953125,-2169.6080322265625,2169.6080322265625,0.9362854260942766,0.863,,
ok,,17,transformer.transformer_blocks.1,transformer_blocks-1,dual,1,1,bright_to_dark,bright,dark,a bright pop synth arpeggio,a dark cinematic synth arpeggio,117,3.0,25,4.5,1.0,44100,25,25,3296.32373046875,979.0730590820312,2415.372314453125,2334.857177734375,1436.2992553710938,1436.2992553710938,0.6198290383972853,0.858,,
ok,,17,transformer.transformer_blocks.1,transformer_blocks-1,dual,1,1,dark_to_bright,dark,bright,a dark cinematic synth arpeggio,a bright pop synth arpeggio,117,3.0,25,4.5,1.0,44100,25,25,979.0730590820312,3296.32373046875,1070.8138427734375,1067.07470703125,-2225.5098876953125,2225.5098876953125,0.9604096419846949,0.86,,
ok,,17,transformer.transformer_blocks.2,transformer_blocks-2,dual,2,1,bright_to_dark,bright,dark,a bright pop synth arpeggio,a dark cinematic synth arpeggio,117,3.0,25,4.5,1.0,44100,25,25,3296.32373046875,979.0730590820312,2299.63671875,2223.426513671875,1320.5636596679688,1320.5636596679688,0.5698838179115513,0.855,,
ok,,17,transformer.transformer_blocks.2,transformer_blocks-2,dual,2,1,dark_to_bright,dark,bright,a dark cinematic synth arpeggio,a bright pop synth arpeggio,117,3.0,25,4.5,1.0,44100,25,25,979.0730590820312,3296.32373046875,1192.1119384765625,1166.8040771484375,-2104.2117919921875,2104.2117919921875,0.9080639474938454,0.857,,
ok,,17,transformer.transformer_blocks.3,transformer_blocks-3,dual,3,1,bright_to_dark,bright,dark,a bright pop synth arpeggio,a dark cinematic synth arpeggio,117,3.0,25,4.5,1.0,44100,25,25,3296.32373046875,979.0730590820312,2499.501708984375,2442.701416015625,1520.4286499023438,1520.4286499023438,0.6561347327142943,0.858,,
ok,,17,transformer.transformer_blocks.3,transformer_blocks-3,dual,3,1,dark_to_bright,dark,bright,a dark cinematic synth arpeggio,a bright pop synth arpeggio,117,3.0,25,4.5,1.0,44100,25,25,979.0730590820312,3296.32373046875,1156.459716796875,1125.304931640625,-2139.864013671875,2139.864013671875,0.9234495171777468,0.86,,
ok,,17,transformer.transformer_blocks.4,transformer_blocks-4,dual,4,1,bright_to_dark,bright,dark,a bright pop synth arpeggio,a dark cinematic synth arpeggio,117,3.0,25,4.5,1.0,44100,25,25,3296.32373046875,979.0730590820312,2521.9248046875,2454.059814453125,1542.8517456054688,1542.8517456054688,0.6658113274737669,0.858,,
ok,,17,transformer.transformer_blocks.4,transformer_blocks-4,dual,4,1,dark_to_bright,dark,bright,a dark cinematic synth arpeggio,a bright pop synth arpeggio,117,3.0,25,4.5,1.0,44100,25,25,979.0730590820312,3296.32373046875,1179.9991455078125,1157.520751953125,-2116.3245849609375,2116.3245849609375,0.9132911734984889,0.859,,
ok,,17,transformer.transformer_blocks.5,transformer_blocks-5,dual,5,1,bright_to_dark,bright,dark,a bright pop synth arpeggio,a dark cinematic synth arpeggio,117,3.0,25,4.5,1.0,44100,25,25,3296.32373046875,979.0730590820312,2797.71142578125,2743.66015625,1818.6383666992188,1818.6383666992188,0.7848259099266486,0.858,,
ok,,17,transformer.transformer_blocks.5,transformer_blocks-5,dual,5,1,dark_to_bright,dark,bright,a dark cinematic synth arpeggio,a bright pop synth arpeggio,117,3.0,25,4.5,1.0,44100,25,25,979.0730590820312,3296.32373046875,1050.8115234375,1017.6561279296875,-2245.51220703125,2245.51220703125,0.9690415606557843,0.857,,
ok,,18,transformer.transformer_blocks.0,transformer_blocks-0,dual,0,1,bright_to_dark,bright,dark,a bright crisp snare drum roll,a dark muffled snare drum roll,118,3.0,25,4.5,1.0,44100,25,25,3301.8857421875,1677.6182861328125,3030.412353515625,3402.004638671875,1352.7940673828125,1352.7940673828125,0.8328641088880286,0.893,,
ok,,18,transformer.transformer_blocks.0,transformer_blocks-0,dual,0,1,dark_to_bright,dark,bright,a dark muffled snare drum roll,a bright crisp snare drum roll,118,3.0,25,4.5,1.0,44100,25,25,1677.6182861328125,3301.8857421875,1757.55859375,1653.4517822265625,-1544.3271484375,1544.3271484375,0.9507837780537937,0.873,,
ok,,18,transformer.transformer_blocks.1,transformer_blocks-1,dual,1,1,bright_to_dark,bright,dark,a bright crisp snare drum roll,a dark muffled snare drum roll,118,3.0,25,4.5,1.0,44100,25,25,3301.8857421875,1677.6182861328125,3105.058349609375,3439.947021484375,1427.4400634765625,1427.4400634765625,0.8788208235999416,0.852,,
ok,,18,transformer.transformer_blocks.1,transformer_blocks-1,dual,1,1,dark_to_bright,dark,bright,a dark muffled snare drum roll,a bright crisp snare drum roll,118,3.0,25,4.5,1.0,44100,25,25,1677.6182861328125,3301.8857421875,1651.5684814453125,1494.504150390625,-1650.3172607421875,1650.3172607421875,1.0160378788544926,0.856,,
ok,,18,transformer.transformer_blocks.2,transformer_blocks-2,dual,2,1,bright_to_dark,bright,dark,a bright crisp snare drum roll,a dark muffled snare drum roll,118,3.0,25,4.5,1.0,44100,25,25,3301.8857421875,1677.6182861328125,3106.3125,3405.611572265625,1428.6942138671875,1428.6942138671875,0.879592956530359,0.852,,
ok,,18,transformer.transformer_blocks.2,transformer_blocks-2,dual,2,1,dark_to_bright,dark,bright,a dark muffled snare drum roll,a bright crisp snare drum roll,118,3.0,25,4.5,1.0,44100,25,25,1677.6182861328125,3301.8857421875,1626.9664306640625,1469.1129150390625,-1674.9193115234375,1674.9193115234375,1.0311844304211957,0.854,,
ok,,18,transformer.transformer_blocks.3,transformer_blocks-3,dual,3,1,bright_to_dark,bright,dark,a bright crisp snare drum roll,a dark muffled snare drum roll,118,3.0,25,4.5,1.0,44100,25,25,3301.8857421875,1677.6182861328125,3119.3515625,3457.662841796875,1441.7332763671875,1441.7332763671875,0.8876206138298973,0.852,,
ok,,18,transformer.transformer_blocks.3,transformer_blocks-3,dual,3,1,dark_to_bright,dark,bright,a dark muffled snare drum roll,a bright crisp snare drum roll,118,3.0,25,4.5,1.0,44100,25,25,1677.6182861328125,3301.8857421875,1635.5531005859375,1506.6412353515625,-1666.3326416015625,1666.3326416015625,1.0258979427249317,0.859,,
ok,,18,transformer.transformer_blocks.4,transformer_blocks-4,dual,4,1,bright_to_dark,bright,dark,a bright crisp snare drum roll,a dark muffled snare drum roll,118,3.0,25,4.5,1.0,44100,25,25,3301.8857421875,1677.6182861328125,3133.490966796875,3456.959716796875,1455.8726806640625,1455.8726806640625,0.8963257099297843,0.86,,
ok,,18,transformer.transformer_blocks.4,transformer_blocks-4,dual,4,1,dark_to_bright,dark,bright,a dark muffled snare drum roll,a bright crisp snare drum roll,118,3.0,25,4.5,1.0,44100,25,25,1677.6182861328125,3301.8857421875,1588.736572265625,1483.17333984375,-1713.149169921875,1713.149169921875,1.0547211073742002,0.865,,
ok,,18,transformer.transformer_blocks.5,transformer_blocks-5,dual,5,1,bright_to_dark,bright,dark,a bright crisp snare drum roll,a dark muffled snare drum roll,118,3.0,25,4.5,1.0,44100,25,25,3301.8857421875,1677.6182861328125,3146.001220703125,3483.955322265625,1468.3829345703125,1468.3829345703125,0.9040277997916579,0.858,,
ok,,18,transformer.transformer_blocks.5,transformer_blocks-5,dual,5,1,dark_to_bright,dark,bright,a dark muffled snare drum roll,a bright crisp snare drum roll,118,3.0,25,4.5,1.0,44100,25,25,1677.6182861328125,3301.8857421875,1638.3956298828125,1492.7171630859375,-1663.4901123046875,1663.4901123046875,1.0241479050163764,0.858,,
ok,,19,transformer.transformer_blocks.0,transformer_blocks-0,dual,0,1,bright_to_dark,bright,dark,a bright clean jazz saxophone phrase,a dark smoky jazz saxophone phrase,119,3.0,25,4.5,1.0,44100,25,25,1626.734375,1724.774658203125,1637.7872314453125,1619.1668701171875,-86.9874267578125,-86.9874267578125,0.8872620918239025,0.872,,
ok,,19,transformer.transformer_blocks.0,transformer_blocks-0,dual,0,1,dark_to_bright,dark,bright,a dark smoky jazz saxophone phrase,a bright clean jazz saxophone phrase,119,3.0,25,4.5,1.0,44100,25,25,1724.774658203125,1626.734375,1693.24609375,1678.2335205078125,66.51171875,-66.51171875,0.6784121442427653,0.86,,
ok,,19,transformer.transformer_blocks.1,transformer_blocks-1,dual,1,1,bright_to_dark,bright,dark,a bright clean jazz saxophone phrase,a dark smoky jazz saxophone phrase,119,3.0,25,4.5,1.0,44100,25,25,1626.734375,1724.774658203125,1656.0010986328125,1633.68994140625,-68.7735595703125,-68.7735595703125,0.7014826694025744,0.856,,
ok,,19,transformer.transformer_blocks.1,transformer_blocks-1,dual,1,1,dark_to_bright,dark,bright,a dark smoky jazz saxophone phrase,a bright clean jazz saxophone phrase,119,3.0,25,4.5,1.0,44100,25,25,1724.774658203125,1626.734375,1674.1353759765625,1651.1290283203125,47.4010009765625,-47.4010009765625,0.48348494545201,0.857,,
ok,,19,transformer.transformer_blocks.2,transformer_blocks-2,dual,2,1,bright_to_dark,bright,dark,a bright clean jazz saxophone phrase,a dark smoky jazz saxophone phrase,119,3.0,25,4.5,1.0,44100,25,25,1626.734375,1724.774658203125,1695.1878662109375,1670.00341796875,-29.5867919921875,-29.5867919921875,0.3017819923152204,0.858,,
ok,,19,transformer.transformer_blocks.2,transformer_blocks-2,dual,2,1,dark_to_bright,dark,bright,a dark smoky jazz saxophone phrase,a bright clean jazz saxophone phrase,119,3.0,25,4.5,1.0,44100,25,25,1724.774658203125,1626.734375,1661.0657958984375,1641.4642333984375,34.3314208984375,-34.3314208984375,0.35017668020509346,0.864,,
ok,,19,transformer.transformer_blocks.3,transformer_blocks-3,dual,3,1,bright_to_dark,bright,dark,a bright clean jazz saxophone phrase,a dark smoky jazz saxophone phrase,119,3.0,25,4.5,1.0,44100,25,25,1626.734375,1724.774658203125,1704.816650390625,1676.3804931640625,-19.9580078125,-19.9580078125,0.2035694630864127,0.86,,
ok,,19,transformer.transformer_blocks.3,transformer_blocks-3,dual,3,1,dark_to_bright,dark,bright,a dark smoky jazz saxophone phrase,a bright clean jazz saxophone phrase,119,3.0,25,4.5,1.0,44100,25,25,1724.774658203125,1626.734375,1639.07666015625,1618.7154541015625,12.34228515625,-12.34228515625,0.1258899378195247,0.86,,
ok,,19,transformer.transformer_blocks.4,transformer_blocks-4,dual,4,1,bright_to_dark,bright,dark,a bright clean jazz saxophone phrase,a dark smoky jazz saxophone phrase,119,3.0,25,4.5,1.0,44100,25,25,1626.734375,1724.774658203125,1712.75634765625,1683.763916015625,-12.018310546875,-12.018310546875,0.12258543278557074,0.858,,
ok,,19,transformer.transformer_blocks.4,transformer_blocks-4,dual,4,1,dark_to_bright,dark,bright,a dark smoky jazz saxophone phrase,a bright clean jazz saxophone phrase,119,3.0,25,4.5,1.0,44100,25,25,1724.774658203125,1626.734375,1628.6898193359375,1605.0167236328125,1.9554443359375,-1.9554443359375,0.019945315048571492,0.861,,
ok,,19,transformer.transformer_blocks.5,transformer_blocks-5,dual,5,1,bright_to_dark,bright,dark,a bright clean jazz saxophone phrase,a dark smoky jazz saxophone phrase,119,3.0,25,4.5,1.0,44100,25,25,1626.734375,1724.774658203125,1757.183349609375,1732.1414794921875,32.40869140625,32.40869140625,-0.3305650529293553,0.851,,
ok,,19,transformer.transformer_blocks.5,transformer_blocks-5,dual,5,1,dark_to_bright,dark,bright,a dark smoky jazz saxophone phrase,a bright clean jazz saxophone phrase,119,3.0,25,4.5,1.0,44100,25,25,1724.774658203125,1626.734375,1585.2813720703125,1541.13623046875,-41.4530029296875,41.4530029296875,-0.4228160259778421,0.852,,
ok,,20,transformer.transformer_blocks.0,transformer_blocks-0,dual,0,1,bright_to_dark,bright,dark,a bright airy choir voicing,a dark heavy choir voicing,120,3.0,25,4.5,1.0,44100,25,25,1307.371337890625,1456.322265625,1381.8548583984375,1369.9927978515625,-74.4674072265625,-74.4674072265625,0.4999459107724433,0.864,,
ok,,20,transformer.transformer_blocks.0,transformer_blocks-0,dual,0,1,dark_to_bright,dark,bright,a dark heavy choir voicing,a bright airy choir voicing,120,3.0,25,4.5,1.0,44100,25,25,1456.322265625,1307.371337890625,1383.9803466796875,1373.635498046875,76.6090087890625,-76.6090087890625,0.5143238108975042,0.873,,
ok,,20,transformer.transformer_blocks.1,transformer_blocks-1,dual,1,1,bright_to_dark,bright,dark,a bright airy choir voicing,a dark heavy choir voicing,120,3.0,25,4.5,1.0,44100,25,25,1307.371337890625,1456.322265625,1393.871826171875,1377.8634033203125,-62.450439453125,-62.450439453125,0.4192685497366838,0.863,,
ok,,20,transformer.transformer_blocks.1,transformer_blocks-1,dual,1,1,dark_to_bright,dark,bright,a dark heavy choir voicing,a bright airy choir voicing,120,3.0,25,4.5,1.0,44100,25,25,1456.322265625,1307.371337890625,1378.55908203125,1368.3067626953125,71.187744140625,-71.187744140625,0.47792749748812907,0.856,,
ok,,20,transformer.transformer_blocks.2,transformer_blocks-2,dual,2,1,bright_to_dark,bright,dark,a bright airy choir voicing,a dark heavy choir voicing,120,3.0,25,4.5,1.0,44100,25,25,1307.371337890625,1456.322265625,1415.9130859375,1378.0965576171875,-40.4091796875,-40.4091796875,0.27129189661417824,0.85,,
ok,,20,transformer.transformer_blocks.2,transformer_blocks-2,dual,2,1,dark_to_bright,dark,bright,a dark heavy choir voicing,a bright airy choir voicing,120,3.0,25,4.5,1.0,44100,25,25,1456.322265625,1307.371337890625,1405.13134765625,1396.972900390625,97.760009765625,-97.760009765625,0.6563236043749989,0.856,,
ok,,20,transformer.transformer_blocks.3,transformer_blocks-3,dual,3,1,bright_to_dark,bright,dark,a bright airy choir voicing,a dark heavy choir voicing,120,3.0,25,4.5,1.0,44100,25,25,1307.371337890625,1456.322265625,1398.2515869140625,1357.5948486328125,-58.0706787109375,-58.0706787109375,0.38986449828963304,0.849,,
ok,,20,transformer.transformer_blocks.3,transformer_blocks-3,dual,3,1,dark_to_bright,dark,bright,a dark heavy choir voicing,a bright airy choir voicing,120,3.0,25,4.5,1.0,44100,25,25,1456.322265625,1307.371337890625,1412.7972412109375,1403.4351806640625,105.4259033203125,-105.4259033203125,0.7077895043951595,0.855,,
ok,,20,transformer.transformer_blocks.4,transformer_blocks-4,dual,4,1,bright_to_dark,bright,dark,a bright airy choir voicing,a dark heavy choir voicing,120,3.0,25,4.5,1.0,44100,25,25,1307.371337890625,1456.322265625,1422.662109375,1379.7608642578125,-33.66015625,-33.66015625,0.22598151459671564,0.858,,
ok,,20,transformer.transformer_blocks.4,transformer_blocks-4,dual,4,1,dark_to_bright,dark,bright,a dark heavy choir voicing,a bright airy choir voicing,120,3.0,25,4.5,1.0,44100,25,25,1456.322265625,1307.371337890625,1404.4915771484375,1395.7874755859375,97.1202392578125,-97.1202392578125,0.6520284279867498,0.859,,
ok,,20,transformer.transformer_blocks.5,transformer_blocks-5,dual,5,1,bright_to_dark,bright,dark,a bright airy choir voicing,a dark heavy choir voicing,120,3.0,25,4.5,1.0,44100,25,25,1307.371337890625,1456.322265625,1463.4925537109375,1423.8638916015625,7.1702880859375,7.1702880859375,-0.04813859299167517,0.853,,
ok,,20,transformer.transformer_blocks.5,transformer_blocks-5,dual,5,1,dark_to_bright,dark,bright,a dark heavy choir voicing,a bright airy choir voicing,120,3.0,25,4.5,1.0,44100,25,25,1456.322265625,1307.371337890625,1388.8948974609375,1380.1275634765625,81.5235595703125,-81.5235595703125,0.5473182397070658,0.854,,
ok,,01,transformer.single_transformer_blocks.0,single_transformer_blocks-0,single,0,0,bright_to_dark,bright,dark,a bright cheerful piano melody,a dark somber piano melody,101,3.0,25,4.5,1.0,44100,25,25,1249.017822265625,919.0073852539062,1251.9317626953125,1239.7005615234375,332.92437744140625,332.92437744140625,1.0088298432500304,0.86,,645
ok,,01,transformer.single_transformer_blocks.0,single_transformer_blocks-0,single,0,0,dark_to_bright,dark,bright,a dark somber piano melody,a bright cheerful piano melody,101,3.0,25,4.5,1.0,44100,25,25,919.0073852539062,1249.017822265625,938.9296875,900.8378295898438,-310.088134765625,310.088134765625,0.939631296432645,0.847,,645
ok,,01,transformer.single_transformer_blocks.1,single_transformer_blocks-1,single,1,0,bright_to_dark,bright,dark,a bright cheerful piano melody,a dark somber piano melody,101,3.0,25,4.5,1.0,44100,25,25,1249.017822265625,919.0073852539062,1235.1224365234375,1223.1370849609375,316.11505126953125,316.11505126953125,0.9578941021744289,0.845,,645
ok,,01,transformer.single_transformer_blocks.1,single_transformer_blocks-1,single,1,0,dark_to_bright,dark,bright,a dark somber piano melody,a bright cheerful piano melody,101,3.0,25,4.5,1.0,44100,25,25,919.0073852539062,1249.017822265625,950.7702026367188,911.694091796875,-298.24761962890625,298.24761962890625,0.9037520822964621,0.846,,645
ok,,01,transformer.single_transformer_blocks.2,single_transformer_blocks-2,single,2,0,bright_to_dark,bright,dark,a bright cheerful piano melody,a dark somber piano melody,101,3.0,25,4.5,1.0,44100,25,25,1249.017822265625,919.0073852539062,1235.0479736328125,1223.1697998046875,316.04058837890625,316.04058837890625,0.957668464187645,0.844,,645
ok,,01,transformer.single_transformer_blocks.2,single_transformer_blocks-2,single,2,0,dark_to_bright,dark,bright,a dark somber piano melody,a bright cheerful piano melody,101,3.0,25,4.5,1.0,44100,25,25,919.0073852539062,1249.017822265625,953.940673828125,912.4403686523438,-295.0771484375,295.0771484375,0.8941448976870442,0.846,,645
ok,,01,transformer.single_transformer_blocks.3,single_transformer_blocks-3,single,3,0,bright_to_dark,bright,dark,a bright cheerful piano melody,a dark somber piano melody,101,3.0,25,4.5,1.0,44100,25,25,1249.017822265625,919.0073852539062,1236.1973876953125,1225.7672119140625,317.19000244140625,317.19000244140625,0.9611514269475748,0.845,,645
ok,,01,transformer.single_transformer_blocks.3,single_transformer_blocks-3,single,3,0,dark_to_bright,dark,bright,a dark somber piano melody,a bright cheerful piano melody,101,3.0,25,4.5,1.0,44100,25,25,919.0073852539062,1249.017822265625,932.0286865234375,889.4966430664062,-316.9891357421875,316.9891357421875,0.9605427592307668,0.853,,645
ok,,01,transformer.single_transformer_blocks.4,single_transformer_blocks-4,single,4,0,bright_to_dark,bright,dark,a bright cheerful piano melody,a dark somber piano melody,101,3.0,25,4.5,1.0,44100,25,25,1249.017822265625,919.0073852539062,1241.80810546875,1226.2476806640625,322.80072021484375,322.80072021484375,0.9781530643025724,0.846,,645
ok,,01,transformer.single_transformer_blocks.4,single_transformer_blocks-4,single,4,0,dark_to_bright,dark,bright,a dark somber piano melody,a bright cheerful piano melody,101,3.0,25,4.5,1.0,44100,25,25,919.0073852539062,1249.017822265625,939.2437744140625,899.36767578125,-309.7740478515625,309.7740478515625,0.9386795480064236,0.851,,645
ok,,01,transformer.single_transformer_blocks.5,single_transformer_blocks-5,single,5,0,bright_to_dark,bright,dark,a bright cheerful piano melody,a dark somber piano melody,101,3.0,25,4.5,1.0,44100,25,25,1249.017822265625,919.0073852539062,1225.6766357421875,1212.648681640625,306.66925048828125,306.66925048828125,0.9292713687033824,0.845,,645
ok,,01,transformer.single_transformer_blocks.5,single_transformer_blocks-5,single,5,0,dark_to_bright,dark,bright,a dark somber piano melody,a bright cheerful piano melody,101,3.0,25,4.5,1.0,44100,25,25,919.0073852539062,1249.017822265625,942.9232177734375,904.2861328125,-306.0946044921875,306.0946044921875,0.927530072272587,0.846,,645
ok,,01,transformer.single_transformer_blocks.6,single_transformer_blocks-6,single,6,0,bright_to_dark,bright,dark,a bright cheerful piano melody,a dark somber piano melody,101,3.0,25,4.5,1.0,44100,25,25,1249.017822265625,919.0073852539062,1212.63916015625,1198.41455078125,293.63177490234375,293.63177490234375,0.8897651164042331,0.85,,645
ok,,01,transformer.single_transformer_blocks.6,single_transformer_blocks-6,single,6,0,dark_to_bright,dark,bright,a dark somber piano melody,a bright cheerful piano melody,101,3.0,25,4.5,1.0,44100,25,25,919.0073852539062,1249.017822265625,940.3038330078125,903.9242553710938,-308.7139892578125,308.7139892578125,0.9354673508306345,0.848,,645
ok,,01,transformer.single_transformer_blocks.7,single_transformer_blocks-7,single,7,0,bright_to_dark,bright,dark,a bright cheerful piano melody,a dark somber piano melody,101,3.0,25,4.5,1.0,44100,25,25,1249.017822265625,919.0073852539062,1227.4722900390625,1215.7900390625,308.46490478515625,308.46490478515625,0.9347125732699254,0.843,,645
ok,,01,transformer.single_transformer_blocks.7,single_transformer_blocks-7,single,7,0,dark_to_bright,dark,bright,a dark somber piano melody,a bright cheerful piano melody,101,3.0,25,4.5,1.0,44100,25,25,919.0073852539062,1249.017822265625,926.811279296875,894.2881469726562,-322.20654296875,322.20654296875,0.9763525841375386,0.853,,645
ok,,01,transformer.single_transformer_blocks.8,single_transformer_blocks-8,single,8,0,bright_to_dark,bright,dark,a bright cheerful piano melody,a dark somber piano melody,101,3.0,25,4.5,1.0,44100,25,25,1249.017822265625,919.0073852539062,1229.3564453125,1215.6611328125,310.34906005859375,310.34906005859375,0.9404219541322361,0.849,,645
ok,,01,transformer.single_transformer_blocks.8,single_transformer_blocks-8,single,8,0,dark_to_bright,dark,bright,a dark somber piano melody,a bright cheerful piano melody,101,3.0,25,4.5,1.0,44100,25,25,919.0073852539062,1249.017822265625,918.9971923828125,886.961181640625,-330.0206298828125,330.0206298828125,1.0000308865113057,0.852,,645
ok,,01,transformer.single_transformer_blocks.9,single_transformer_blocks-9,single,9,0,bright_to_dark,bright,dark,a bright cheerful piano melody,a dark somber piano melody,101,3.0,25,4.5,1.0,44100,25,25,1249.017822265625,919.0073852539062,1239.7633056640625,1226.185302734375,320.75592041015625,320.75592041015625,0.9719568972261509,0.847,,645
ok,,01,transformer.single_transformer_blocks.9,single_transformer_blocks-9,single,9,0,dark_to_bright,dark,bright,a dark somber piano melody,a bright cheerful piano melody,101,3.0,25,4.5,1.0,44100,25,25,919.0073852539062,1249.017822265625,905.900146484375,869.66455078125,-343.11767578125,343.11767578125,1.039717649199882,0.851,,645
ok,,01,transformer.single_transformer_blocks.10,single_transformer_blocks-10,single,10,0,bright_to_dark,bright,dark,a bright cheerful piano melody,a dark somber piano melody,101,3.0,25,4.5,1.0,44100,25,25,1249.017822265625,919.0073852539062,1241.7861328125,1237.311767578125,322.77874755859375,322.77874755859375,0.9780864826015542,0.851,,645
ok,,01,transformer.single_transformer_blocks.10,single_transformer_blocks-10,single,10,0,dark_to_bright,dark,bright,a dark somber piano melody,a bright cheerful piano melody,101,3.0,25,4.5,1.0,44100,25,25,919.0073852539062,1249.017822265625,921.8673706054688,883.92236328125,-327.15045166015625,327.15045166015625,0.9913336518158032,0.854,,645
ok,,01,transformer.single_transformer_blocks.11,single_transformer_blocks-11,single,11,0,bright_to_dark,bright,dark,a bright cheerful piano melody,a dark somber piano melody,101,3.0,25,4.5,1.0,44100,25,25,1249.017822265625,919.0073852539062,1224.9232177734375,1221.106201171875,305.91583251953125,305.91583251953125,0.9269883561551361,0.854,,645
ok,,01,transformer.single_transformer_blocks.11,single_transformer_blocks-11,single,11,0,dark_to_bright,dark,bright,a dark somber piano melody,a bright cheerful piano melody,101,3.0,25,4.5,1.0,44100,25,25,919.0073852539062,1249.017822265625,919.1981201171875,882.4393310546875,-329.8197021484375,329.8197021484375,0.9994220338453281,0.852,,645
ok,,01,transformer.single_transformer_blocks.12,single_transformer_blocks-12,single,12,0,bright_to_dark,bright,dark,a bright cheerful piano melody,a dark somber piano melody,101,3.0,25,4.5,1.0,44100,25,25,1249.017822265625,919.0073852539062,1227.1131591796875,1215.5592041015625,308.10577392578125,308.10577392578125,0.9336243323566168,0.854,,645
ok,,01,transformer.single_transformer_blocks.12,single_transformer_blocks-12,single,12,0,dark_to_bright,dark,bright,a dark somber piano melody,a bright cheerful piano melody,101,3.0,25,4.5,1.0,44100,25,25,919.0073852539062,1249.017822265625,893.827880859375,859.7711181640625,-355.18994140625,355.18994140625,1.0762991153326376,0.854,,645
ok,,01,transformer.single_transformer_blocks.13,single_transformer_blocks-13,single,13,0,bright_to_dark,bright,dark,a bright cheerful piano melody,a dark somber piano melody,101,3.0,25,4.5,1.0,44100,25,25,1249.017822265625,919.0073852539062,1254.126220703125,1242.5726318359375,335.11883544921875,335.11883544921875,1.0154795056900536,0.85,,645
ok,,01,transformer.single_transformer_blocks.13,single_transformer_blocks-13,single,13,0,dark_to_bright,dark,bright,a dark somber piano melody,a bright cheerful piano melody,101,3.0,25,4.5,1.0,44100,25,25,919.0073852539062,1249.017822265625,879.1605224609375,844.1949462890625,-369.8572998046875,369.8572998046875,1.1207442502539815,0.857,,645
ok,,01,transformer.single_transformer_blocks.14,single_transformer_blocks-14,single,14,0,bright_to_dark,bright,dark,a bright cheerful piano melody,a dark somber piano melody,101,3.0,25,4.5,1.0,44100,25,25,1249.017822265625,919.0073852539062,1242.51611328125,1230.688720703125,323.50872802734375,323.50872802734375,0.9802984746687144,0.859,,645
ok,,01,transformer.single_transformer_blocks.14,single_transformer_blocks-14,single,14,0,dark_to_bright,dark,bright,a dark somber piano melody,a bright cheerful piano melody,101,3.0,25,4.5,1.0,44100,25,25,919.0073852539062,1249.017822265625,892.9661865234375,857.4461669921875,-356.0516357421875,356.0516357421875,1.078910227707568,0.857,,645
ok,,01,transformer.single_transformer_blocks.15,single_transformer_blocks-15,single,15,0,bright_to_dark,bright,dark,a bright cheerful piano melody,a dark somber piano melody,101,3.0,25,4.5,1.0,44100,25,25,1249.017822265625,919.0073852539062,1239.0135498046875,1217.1497802734375,320.00616455078125,320.00616455078125,0.9696849816280743,0.856,,645
ok,,01,transformer.single_transformer_blocks.15,single_transformer_blocks-15,single,15,0,dark_to_bright,dark,bright,a dark somber piano melody,a bright cheerful piano melody,101,3.0,25,4.5,1.0,44100,25,25,919.0073852539062,1249.017822265625,888.9236450195312,852.2388305664062,-360.09417724609375,360.09417724609375,1.0911599660507305,0.858,,645
ok,,01,transformer.single_transformer_blocks.16,single_transformer_blocks-16,single,16,0,bright_to_dark,bright,dark,a bright cheerful piano melody,a dark somber piano melody,101,3.0,25,4.5,1.0,44100,25,25,1249.017822265625,919.0073852539062,1222.2969970703125,1193.1168212890625,303.28961181640625,303.28961181640625,0.9190303632901051,0.853,,645
ok,,01,transformer.single_transformer_blocks.16,single_transformer_blocks-16,single,16,0,dark_to_bright,dark,bright,a dark somber piano melody,a bright cheerful piano melody,101,3.0,25,4.5,1.0,44100,25,25,919.0073852539062,1249.017822265625,914.5595092773438,874.8075561523438,-334.45831298828125,334.45831298828125,1.0134779857777787,0.863,,645
ok,,01,transformer.single_transformer_blocks.17,single_transformer_blocks-17,single,17,0,bright_to_dark,bright,dark,a bright cheerful piano melody,a dark somber piano melody,101,3.0,25,4.5,1.0,44100,25,25,1249.017822265625,919.0073852539062,1284.703857421875,1263.105712890625,365.69647216796875,365.69647216796875,1.1081360804203377,0.856,,645
ok,,01,transformer.single_transformer_blocks.17,single_transformer_blocks-17,single,17,0,dark_to_bright,dark,bright,a dark somber piano melody,a bright cheerful piano melody,101,3.0,25,4.5,1.0,44100,25,25,919.0073852539062,1249.017822265625,891.1575317382812,852.3511962890625,-357.86029052734375,357.86029052734375,1.0843908264472133,0.863,,645
ok,,02,transformer.single_transformer_blocks.0,single_transformer_blocks-0,single,0,0,bright_to_dark,bright,dark,bright shimmering bells ringing,dark muffled bells ringing,102,3.0,25,4.5,1.0,44100,25,25,3518.71875,1935.193359375,2774.079345703125,2799.60546875,838.885986328125,838.885986328125,0.5297584688534902,0.873,,645
ok,,02,transformer.single_transformer_blocks.0,single_transformer_blocks-0,single,0,0,dark_to_bright,dark,bright,dark muffled bells ringing,bright shimmering bells ringing,102,3.0,25,4.5,1.0,44100,25,25,1935.193359375,3518.71875,2103.561767578125,2132.083251953125,-1415.156982421875,1415.156982421875,0.8936749551349651,0.866,,645
ok,,02,transformer.single_transformer_blocks.1,single_transformer_blocks-1,single,1,0,bright_to_dark,bright,dark,bright shimmering bells ringing,dark muffled bells ringing,102,3.0,25,4.5,1.0,44100,25,25,3518.71875,1935.193359375,2785.212158203125,2812.444091796875,850.018798828125,850.018798828125,0.536788866070933,0.858,,645
ok,,02,transformer.single_transformer_blocks.1,single_transformer_blocks-1,single,1,0,dark_to_bright,dark,bright,dark muffled bells ringing,bright shimmering bells ringing,102,3.0,25,4.5,1.0,44100,25,25,1935.193359375,3518.71875,2103.5341796875,2141.380126953125,-1415.1845703125,1415.1845703125,0.8936923769526312,0.859,,645
ok,,02,transformer.single_transformer_blocks.2,single_transformer_blocks-2,single,2,0,bright_to_dark,bright,dark,bright shimmering bells ringing,dark muffled bells ringing,102,3.0,25,4.5,1.0,44100,25,25,3518.71875,1935.193359375,2794.57421875,2812.331787109375,859.380859375,859.380859375,0.5427010292748207,0.856,,645
ok,,02,transformer.single_transformer_blocks.2,single_transformer_blocks-2,single,2,0,dark_to_bright,dark,bright,dark muffled bells ringing,bright shimmering bells ringing,102,3.0,25,4.5,1.0,44100,25,25,1935.193359375,3518.71875,2099.9365234375,2137.681640625,-1418.7822265625,1418.7822265625,0.8959643053165838,0.86,,645
ok,,02,transformer.single_transformer_blocks.3,single_transformer_blocks-3,single,3,0,bright_to_dark,bright,dark,bright shimmering bells ringing,dark muffled bells ringing,102,3.0,25,4.5,1.0,44100,25,25,3518.71875,1935.193359375,2789.70263671875,2817.475830078125,854.50927734375,854.50927734375,0.5396246137906792,0.862,,645
ok,,02,transformer.single_transformer_blocks.3,single_transformer_blocks-3,single,3,0,dark_to_bright,dark,bright,dark muffled bells ringing,bright shimmering bells ringing,102,3.0,25,4.5,1.0,44100,25,25,1935.193359375,3518.71875,2088.59375,2127.34521484375,-1430.125,1430.125,0.9031272933587414,0.861,,645
ok,,02,transformer.single_transformer_blocks.4,single_transformer_blocks-4,single,4,0,bright_to_dark,bright,dark,bright shimmering bells ringing,dark muffled bells ringing,102,3.0,25,4.5,1.0,44100,25,25,3518.71875,1935.193359375,2797.609375,2829.118896484375,862.416015625,862.416015625,0.5446177375688394,0.857,,645
ok,,02,transformer.single_transformer_blocks.4,single_transformer_blocks-4,single,4,0,dark_to_bright,dark,bright,dark muffled bells ringing,bright shimmering bells ringing,102,3.0,25,4.5,1.0,44100,25,25,1935.193359375,3518.71875,2083.2255859375,2115.313720703125,-1435.4931640625,1435.4931640625,0.9065173015608715,0.864,,645
ok,,02,transformer.single_transformer_blocks.5,single_transformer_blocks-5,single,5,0,bright_to_dark,bright,dark,bright shimmering bells ringing,dark muffled bells ringing,102,3.0,25,4.5,1.0,44100,25,25,3518.71875,1935.193359375,2801.490966796875,2835.548828125,866.297607421875,866.297607421875,0.5470689718969122,0.86,,645
ok,,02,transformer.single_transformer_blocks.5,single_transformer_blocks-5,single,5,0,dark_to_bright,dark,bright,dark muffled bells ringing,bright shimmering bells ringing,102,3.0,25,4.5,1.0,44100,25,25,1935.193359375,3518.71875,2081.543701171875,2119.91650390625,-1437.175048828125,1437.175048828125,0.9075794157369892,0.862,,645
ok,,02,transformer.single_transformer_blocks.6,single_transformer_blocks-6,single,6,0,bright_to_dark,bright,dark,bright shimmering bells ringing,dark muffled bells ringing,102,3.0,25,4.5,1.0,44100,25,25,3518.71875,1935.193359375,2805.947509765625,2857.907470703125,870.754150390625,870.754150390625,0.5498832892391754,0.862,,645
ok,,02,transformer.single_transformer_blocks.6,single_transformer_blocks-6,single,6,0,dark_to_bright,dark,bright,dark muffled bells ringing,bright shimmering bells ringing,102,3.0,25,4.5,1.0,44100,25,25,1935.193359375,3518.71875,2070.89453125,2113.24267578125,-1447.82421875,1447.82421875,0.9143043915314548,0.861,,645
ok,,02,transformer.single_transformer_blocks.7,single_transformer_blocks-7,single,7,0,bright_to_dark,bright,dark,bright shimmering bells ringing,dark muffled bells ringing,102,3.0,25,4.5,1.0,44100,25,25,3518.71875,1935.193359375,2806.7109375,2859.592529296875,871.517578125,871.517578125,0.550365395644854,0.856,,645
ok,,02,transformer.single_transformer_blocks.7,single_transformer_blocks-7,single,7,0,dark_to_bright,dark,bright,dark muffled bells ringing,bright shimmering bells ringing,102,3.0,25,4.5,1.0,44100,25,25,1935.193359375,3518.71875,2054.224365234375,2083.060791015625,-1464.494384765625,1464.494384765625,0.9248316404876875,0.864,,645
ok,,02,transformer.single_transformer_blocks.8,single_transformer_blocks-8,single,8,0,bright_to_dark,bright,dark,bright shimmering bells ringing,dark muffled bells ringing,102,3.0,25,4.5,1.0,44100,25,25,3518.71875,1935.193359375,2848.14306640625,2898.4326171875,912.94970703125,912.94970703125,0.5765298822716817,0.867,,645
ok,,02,transformer.single_transformer_blocks.8,single_transformer_blocks-8,single,8,0,dark_to_bright,dark,bright,dark muffled bells ringing,bright shimmering bells ringing,102,3.0,25,4.5,1.0,44100,25,25,1935.193359375,3518.71875,2044.6746826171875,2074.181884765625,-1474.0440673828125,1474.0440673828125,0.930862287469242,0.867,,645
ok,,02,transformer.single_transformer_blocks.9,single_transformer_blocks-9,single,9,0,bright_to_dark,bright,dark,bright shimmering bells ringing,dark muffled bells ringing,102,3.0,25,4.5,1.0,44100,25,25,3518.71875,1935.193359375,2868.537109375,2918.31494140625,933.34375,933.34375,0.5894087682620734,0.864,,645
ok,,02,transformer.single_transformer_blocks.9,single_transformer_blocks-9,single,9,0,dark_to_bright,dark,bright,dark muffled bells ringing,bright shimmering bells ringing,102,3.0,25,4.5,1.0,44100,25,25,1935.193359375,3518.71875,2041.32861328125,2081.798095703125,-1477.39013671875,1477.39013671875,0.932975338106603,0.862,,645
ok,,02,transformer.single_transformer_blocks.10,single_transformer_blocks-10,single,10,0,bright_to_dark,bright,dark,bright shimmering bells ringing,dark muffled bells ringing,102,3.0,25,4.5,1.0,44100,25,25,3518.71875,1935.193359375,2879.2998046875,2932.8818359375,944.1064453125,944.1064453125,0.5962054356071118,0.864,,645
ok,,02,transformer.single_transformer_blocks.10,single_transformer_blocks-10,single,10,0,dark_to_bright,dark,bright,dark muffled bells ringing,bright shimmering bells ringing,102,3.0,25,4.5,1.0,44100,25,25,1935.193359375,3518.71875,2033.5294189453125,2072.56005859375,-1485.1893310546875,1485.1893310546875,0.9379005476309411,0.867,,645
ok,,02,transformer.single_transformer_blocks.11,single_transformer_blocks-11,single,11,0,bright_to_dark,bright,dark,bright shimmering bells ringing,dark muffled bells ringing,102,3.0,25,4.5,1.0,44100,25,25,3518.71875,1935.193359375,2873.3388671875,2921.924072265625,938.1455078125,938.1455078125,0.5924410895882284,0.867,,645
ok,,02,transformer.single_transformer_blocks.11,single_transformer_blocks-11,single,11,0,dark_to_bright,dark,bright,dark muffled bells ringing,bright shimmering bells ringing,102,3.0,25,4.5,1.0,44100,25,25,1935.193359375,3518.71875,2042.3387451171875,2082.23974609375,-1476.3800048828125,1476.3800048828125,0.9323374374818844,0.865,,645
ok,,02,transformer.single_transformer_blocks.12,single_transformer_blocks-12,single,12,0,bright_to_dark,bright,dark,bright shimmering bells ringing,dark muffled bells ringing,102,3.0,25,4.5,1.0,44100,25,25,3518.71875,1935.193359375,2914.564697265625,2975.81103515625,979.371337890625,979.371337890625,0.6184752980210049,0.868,,645
ok,,02,transformer.single_transformer_blocks.12,single_transformer_blocks-12,single,12,0,dark_to_bright,dark,bright,dark muffled bells ringing,bright shimmering bells ringing,102,3.0,25,4.5,1.0,44100,25,25,1935.193359375,3518.71875,2025.9927978515625,2069.717041015625,-1492.7259521484375,1492.7259521484375,0.9426599415366969,0.868,,645
ok,,02,transformer.single_transformer_blocks.13,single_transformer_blocks-13,single,13,0,bright_to_dark,bright,dark,bright shimmering bells ringing,dark muffled bells ringing,102,3.0,25,4.5,1.0,44100,25,25,3518.71875,1935.193359375,2952.378173828125,3019.611083984375,1017.184814453125,1017.184814453125,0.6423545972014085,0.862,,645
ok,,02,transformer.single_transformer_blocks.13,single_transformer_blocks-13,single,13,0,dark_to_bright,dark,bright,dark muffled bells ringing,bright shimmering bells ringing,102,3.0,25,4.5,1.0,44100,25,25,1935.193359375,3518.71875,2014.6883544921875,2060.385986328125,-1504.0303955078125,1504.0303955078125,0.9497987240445752,0.869,,645
ok,,02,transformer.single_transformer_blocks.14,single_transformer_blocks-14,single,14,0,bright_to_dark,bright,dark,bright shimmering bells ringing,dark muffled bells ringing,102,3.0,25,4.5,1.0,44100,25,25,3518.71875,1935.193359375,2964.368896484375,3031.86474609375,1029.175537109375,1029.175537109375,0.6499267666956516,0.866,,645
ok,,02,transformer.single_transformer_blocks.14,single_transformer_blocks-14,single,14,0,dark_to_bright,dark,bright,dark muffled bells ringing,bright shimmering bells ringing,102,3.0,25,4.5,1.0,44100,25,25,1935.193359375,3518.71875,2010.4931640625,2055.209228515625,-1508.2255859375,1508.2255859375,0.9524479966451438,0.869,,645
ok,,02,transformer.single_transformer_blocks.15,single_transformer_blocks-15,single,15,0,bright_to_dark,bright,dark,bright shimmering bells ringing,dark muffled bells ringing,102,3.0,25,4.5,1.0,44100,25,25,3518.71875,1935.193359375,2979.28564453125,3037.0390625,1044.09228515625,1044.09228515625,0.6593467280901371,0.868,,645
ok,,02,transformer.single_transformer_blocks.15,single_transformer_blocks-15,single,15,0,dark_to_bright,dark,bright,dark muffled bells ringing,bright shimmering bells ringing,102,3.0,25,4.5,1.0,44100,25,25,1935.193359375,3518.71875,2024.1229248046875,2072.50634765625,-1494.5958251953125,1494.5958251953125,0.9438407707535476,0.867,,645
ok,,02,transformer.single_transformer_blocks.16,single_transformer_blocks-16,single,16,0,bright_to_dark,bright,dark,bright shimmering bells ringing,dark muffled bells ringing,102,3.0,25,4.5,1.0,44100,25,25,3518.71875,1935.193359375,2994.908935546875,3064.643798828125,1059.715576171875,1059.715576171875,0.669212873027326,0.864,,645
ok,,02,transformer.single_transformer_blocks.16,single_transformer_blocks-16,single,16,0,dark_to_bright,dark,bright,dark muffled bells ringing,bright shimmering bells ringing,102,3.0,25,4.5,1.0,44100,25,25,1935.193359375,3518.71875,2015.6600341796875,2059.239013671875,-1503.0587158203125,1503.0587158203125,0.9491851060418247,0.869,,645
ok,,02,transformer.single_transformer_blocks.17,single_transformer_blocks-17,single,17,0,bright_to_dark,bright,dark,bright shimmering bells ringing,dark muffled bells ringing,102,3.0,25,4.5,1.0,44100,25,25,3518.71875,1935.193359375,3106.61474609375,3176.742919921875,1171.42138671875,1171.42138671875,0.7397553545108632,0.869,,645
ok,,02,transformer.single_transformer_blocks.17,single_transformer_blocks-17,single,17,0,dark_to_bright,dark,bright,dark muffled bells ringing,bright shimmering bells ringing,102,3.0,25,4.5,1.0,44100,25,25,1935.193359375,3518.71875,1935.6058349609375,1972.5224609375,-1583.1129150390625,1583.1129150390625,0.9997395206995862,0.873,,645
ok,,03,transformer.single_transformer_blocks.0,single_transformer_blocks-0,single,0,0,bright_to_dark,bright,dark,a bright sparkling acoustic guitar fingerpicking,a dark brooding acoustic guitar fingerpicking,103,3.0,25,4.5,1.0,44100,25,25,918.7551879882812,963.7725830078125,881.633056640625,851.7493896484375,-82.1395263671875,-82.1395263671875,1.8246174913397464,0.872,,645
ok,,03,transformer.single_transformer_blocks.0,single_transformer_blocks-0,single,0,0,dark_to_bright,dark,bright,a dark brooding acoustic guitar fingerpicking,a bright sparkling acoustic guitar fingerpicking,103,3.0,25,4.5,1.0,44100,25,25,963.7725830078125,918.7551879882812,938.224853515625,929.556884765625,19.46966552734375,-19.46966552734375,0.43249205154799913,0.863,,645
ok,,03,transformer.single_transformer_blocks.1,single_transformer_blocks-1,single,1,0,bright_to_dark,bright,dark,a bright sparkling acoustic guitar fingerpicking,a dark brooding acoustic guitar fingerpicking,103,3.0,25,4.5,1.0,44100,25,25,918.7551879882812,963.7725830078125,876.0917358398438,850.1099243164062,-87.68084716796875,-87.68084716796875,1.94771037128931,0.864,,645
ok,,03,transformer.single_transformer_blocks.1,single_transformer_blocks-1,single,1,0,dark_to_bright,dark,bright,a dark brooding acoustic guitar fingerpicking,a bright sparkling acoustic guitar fingerpicking,103,3.0,25,4.5,1.0,44100,25,25,963.7725830078125,918.7551879882812,947.2097778320312,938.4904174804688,28.45458984375,-28.45458984375,0.6320798844847573,0.861,,645
ok,,03,transformer.single_transformer_blocks.2,single_transformer_blocks-2,single,2,0,bright_to_dark,bright,dark,a bright sparkling acoustic guitar fingerpicking,a dark brooding acoustic guitar fingerpicking,103,3.0,25,4.5,1.0,44100,25,25,918.7551879882812,963.7725830078125,865.01904296875,834.5342407226562,-98.7535400390625,-98.7535400390625,2.1936751337170284,0.856,,645
ok,,03,transformer.single_transformer_blocks.2,single_transformer_blocks-2,single,2,0,dark_to_bright,dark,bright,a dark brooding acoustic guitar fingerpicking,a bright sparkling acoustic guitar fingerpicking,103,3.0,25,4.5,1.0,44100,25,25,963.7725830078125,918.7551879882812,962.609130859375,954.8743896484375,43.85394287109375,-43.85394287109375,0.9741554981594842,0.862,,645
ok,,03,transformer.single_transformer_blocks.3,single_transformer_blocks-3,single,3,0,bright_to_dark,bright,dark,a bright sparkling acoustic guitar fingerpicking,a dark brooding acoustic guitar fingerpicking,103,3.0,25,4.5,1.0,44100,25,25,918.7551879882812,963.7725830078125,876.4402465820312,848.5142822265625,-87.33233642578125,-87.33233642578125,1.9399686807264445,0.86,,645
ok,,03,transformer.single_transformer_blocks.3,single_transformer_blocks-3,single,3,0,dark_to_bright,dark,bright,a dark brooding acoustic guitar fingerpicking,a bright sparkling acoustic guitar fingerpicking,103,3.0,25,4.5,1.0,44100,25,25,963.7725830078125,918.7551879882812,973.6685180664062,962.8378295898438,54.913330078125,-54.913330078125,1.2198246934168513,0.862,,645
ok,,03,transformer.single_transformer_blocks.4,single_transformer_blocks-4,single,4,0,bright_to_dark,bright,dark,a bright sparkling acoustic guitar fingerpicking,a dark brooding acoustic guitar fingerpicking,103,3.0,25,4.5,1.0,44100,25,25,918.7551879882812,963.7725830078125,886.73095703125,858.5348510742188,-77.0416259765625,-77.0416259765625,1.7113745907140387,0.857,,645
ok,,03,transformer.single_transformer_blocks.4,single_transformer_blocks-4,single,4,0,dark_to_bright,dark,bright,a dark brooding acoustic guitar fingerpicking,a bright sparkling acoustic guitar fingerpicking,103,3.0,25,4.5,1.0,44100,25,25,963.7725830078125,918.7551879882812,964.1199951171875,954.83837890625,45.36480712890625,-45.36480712890625,1.007717285934121,0.862,,645
ok,,03,transformer.single_transformer_blocks.5,single_transformer_blocks-5,single,5,0,bright_to_dark,bright,dark,a bright sparkling acoustic guitar fingerpicking,a dark brooding acoustic guitar fingerpicking,103,3.0,25,4.5,1.0,44100,25,25,918.7551879882812,963.7725830078125,869.1090087890625,843.502197265625,-94.66357421875,-94.66357421875,2.1028221241517695,0.861,,645
ok,,03,transformer.single_transformer_blocks.5,single_transformer_blocks-5,single,5,0,dark_to_bright,dark,bright,a dark brooding acoustic guitar fingerpicking,a bright sparkling acoustic guitar fingerpicking,103,3.0,25,4.5,1.0,44100,25,25,963.7725830078125,918.7551879882812,978.8735961914062,972.2265625,60.118408203125,-60.118408203125,1.335448401157864,0.862,,645
ok,,03,transformer.single_transformer_blocks.6,single_transformer_blocks-6,single,6,0,bright_to_dark,bright,dark,a bright sparkling acoustic guitar fingerpicking,a dark brooding acoustic guitar fingerpicking,103,3.0,25,4.5,1.0,44100,25,25,918.7551879882812,963.7725830078125,875.8392333984375,853.4622802734375,-87.933349609375,-87.933349609375,1.9533193684624406,0.861,,645
ok,,03,transformer.single_transformer_blocks.6,single_transformer_blocks-6,single,6,0,dark_to_bright,dark,bright,a dark brooding acoustic guitar fingerpicking,a bright sparkling acoustic guitar fingerpicking,103,3.0,25,4.5,1.0,44100,25,25,963.7725830078125,918.7551879882812,975.284423828125,963.2487182617188,56.52923583984375,-56.52923583984375,1.2557198348620122,0.861,,645
ok,,03,transformer.single_transformer_blocks.7,single_transformer_blocks-7,single,7,0,bright_to_dark,bright,dark,a bright sparkling acoustic guitar fingerpicking,a dark brooding acoustic guitar fingerpicking,103,3.0,25,4.5,1.0,44100,25,25,918.7551879882812,963.7725830078125,882.20166015625,852.2877197265625,-81.5709228515625,-81.5709228515625,1.8119867401517153,0.855,,645
ok,,03,transformer.single_transformer_blocks.7,single_transformer_blocks-7,single,7,0,dark_to_bright,dark,bright,a dark brooding acoustic guitar fingerpicking,a bright sparkling acoustic guitar fingerpicking,103,3.0,25,4.5,1.0,44100,25,25,963.7725830078125,918.7551879882812,983.5014038085938,971.2259521484375,64.7462158203125,-64.7462158203125,1.4382488323063052,0.863,,645
ok,,03,transformer.single_transformer_blocks.8,single_transformer_blocks-8,single,8,0,bright_to_dark,bright,dark,a bright sparkling acoustic guitar fingerpicking,a dark brooding acoustic guitar fingerpicking,103,3.0,25,4.5,1.0,44100,25,25,918.7551879882812,963.7725830078125,877.9219970703125,849.0928344726562,-85.8505859375,-85.8505859375,1.9070536156135391,0.861,,645
ok,,03,transformer.single_transformer_blocks.8,single_transformer_blocks-8,single,8,0,dark_to_bright,dark,bright,a dark brooding acoustic guitar fingerpicking,a bright sparkling acoustic guitar fingerpicking,103,3.0,25,4.5,1.0,44100,25,25,963.7725830078125,918.7551879882812,989.147216796875,976.6723022460938,70.39202880859375,-70.39202880859375,1.5636628636120207,0.864,,645
ok,,03,transformer.single_transformer_blocks.9,single_transformer_blocks-9,single,9,0,bright_to_dark,bright,dark,a bright sparkling acoustic guitar fingerpicking,a dark brooding acoustic guitar fingerpicking,103,3.0,25,4.5,1.0,44100,25,25,918.7551879882812,963.7725830078125,894.7138671875,863.2365112304688,-69.0587158203125,-69.0587158203125,1.5340451350050504,0.857,,645
ok,,03,transformer.single_transformer_blocks.9,single_transformer_blocks-9,single,9,0,dark_to_bright,dark,bright,a dark brooding acoustic guitar fingerpicking,a bright sparkling acoustic guitar fingerpicking,103,3.0,25,4.5,1.0,44100,25,25,963.7725830078125,918.7551879882812,968.8739013671875,957.1864624023438,50.11871337890625,-50.11871337890625,1.1133188261373574,0.861,,645
ok,,03,transformer.single_transformer_blocks.10,single_transformer_blocks-10,single,10,0,bright_to_dark,bright,dark,a bright sparkling acoustic guitar fingerpicking,a dark brooding acoustic guitar fingerpicking,103,3.0,25,4.5,1.0,44100,25,25,918.7551879882812,963.7725830078125,889.9528198242188,855.5028076171875,-73.81976318359375,-73.81976318359375,1.6398053052951265,0.864,,645
ok,,03,transformer.single_transformer_blocks.10,single_transformer_blocks-10,single,10,0,dark_to_bright,dark,bright,a dark brooding acoustic guitar fingerpicking,a bright sparkling acoustic guitar fingerpicking,103,3.0,25,4.5,1.0,44100,25,25,963.7725830078125,918.7551879882812,964.9741821289062,953.7078857421875,46.218994140625,-46.218994140625,1.026691884783036,0.864,,645
ok,,03,transformer.single_transformer_blocks.11,single_transformer_blocks-11,single,11,0,bright_to_dark,bright,dark,a bright sparkling acoustic guitar fingerpicking,a dark brooding acoustic guitar fingerpicking,103,3.0,25,4.5,1.0,44100,25,25,918.7551879882812,963.7725830078125,894.0650634765625,861.1926879882812,-69.70751953125,-69.70751953125,1.548457424091436,0.864,,645
ok,,03,transformer.single_transformer_blocks.11,single_transformer_blocks-11,single,11,0,dark_to_bright,dark,bright,a dark brooding acoustic guitar fingerpicking,a bright sparkling acoustic guitar fingerpicking,103,3.0,25,4.5,1.0,44100,25,25,963.7725830078125,918.7551879882812,976.3324584960938,967.0862426757812,57.5772705078125,-57.5772705078125,1.2790004948716385,0.866,,645
ok,,03,transformer.single_transformer_blocks.12,single_transformer_blocks-12,single,12,0,bright_to_dark,bright,dark,a bright sparkling acoustic guitar fingerpicking,a dark brooding acoustic guitar fingerpicking,103,3.0,25,4.5,1.0,44100,25,25,918.7551879882812,963.7725830078125,910.0136108398438,872.5398559570312,-53.75897216796875,-53.75897216796875,1.1941822076698325,0.865,,645
ok,,03,transformer.single_transformer_blocks.12,single_transformer_blocks-12,single,12,0,dark_to_bright,dark,bright,a dark brooding acoustic guitar fingerpicking,a bright sparkling acoustic guitar fingerpicking,103,3.0,25,4.5,1.0,44100,25,25,963.7725830078125,918.7551879882812,964.7716674804688,953.7840576171875,46.0164794921875,-46.0164794921875,1.0221932982177842,0.862,,645
ok,,03,transformer.single_transformer_blocks.13,single_transformer_blocks-13,single,13,0,bright_to_dark,bright,dark,a bright sparkling acoustic guitar fingerpicking,a dark brooding acoustic guitar fingerpicking,103,3.0,25,4.5,1.0,44100,25,25,918.7551879882812,963.7725830078125,909.1677856445312,878.4209594726562,-54.60479736328125,-54.60479736328125,1.212971060177747,0.859,,645
ok,,03,transformer.single_transformer_blocks.13,single_transformer_blocks-13,single,13,0,dark_to_bright,dark,bright,a dark brooding acoustic guitar fingerpicking,a bright sparkling acoustic guitar fingerpicking,103,3.0,25,4.5,1.0,44100,25,25,963.7725830078125,918.7551879882812,989.6141357421875,976.0413208007812,70.85894775390625,-70.85894775390625,1.5740348308284693,0.867,,645
ok,,03,transformer.single_transformer_blocks.14,single_transformer_blocks-14,single,14,0,bright_to_dark,bright,dark,a bright sparkling acoustic guitar fingerpicking,a dark brooding acoustic guitar fingerpicking,103,3.0,25,4.5,1.0,44100,25,25,918.7551879882812,963.7725830078125,909.021728515625,874.702392578125,-54.7508544921875,-54.7508544921875,1.2162155199880689,0.87,,645
ok,,03,transformer.single_transformer_blocks.14,single_transformer_blocks-14,single,14,0,dark_to_bright,dark,bright,a dark brooding acoustic guitar fingerpicking,a bright sparkling acoustic guitar fingerpicking,103,3.0,25,4.5,1.0,44100,25,25,963.7725830078125,918.7551879882812,982.8766479492188,970.0264282226562,64.1214599609375,-64.1214599609375,1.4243707334268845,0.87,,645
ok,,03,transformer.single_transformer_blocks.15,single_transformer_blocks-15,single,15,0,bright_to_dark,bright,dark,a bright sparkling acoustic guitar fingerpicking,a dark brooding acoustic guitar fingerpicking,103,3.0,25,4.5,1.0,44100,25,25,918.7551879882812,963.7725830078125,904.007080078125,866.15966796875,-59.7655029296875,-59.7655029296875,1.32760909208002,0.869,,645
ok,,03,transformer.single_transformer_blocks.15,single_transformer_blocks-15,single,15,0,dark_to_bright,dark,bright,a dark brooding acoustic guitar fingerpicking,a bright sparkling acoustic guitar fingerpicking,103,3.0,25,4.5,1.0,44100,25,25,963.7725830078125,918.7551879882812,993.322021484375,979.8757934570312,74.56683349609375,-74.56683349609375,1.6564004528414444,0.866,,645
ok,,03,transformer.single_transformer_blocks.16,single_transformer_blocks-16,single,16,0,bright_to_dark,bright,dark,a bright sparkling acoustic guitar fingerpicking,a dark brooding acoustic guitar fingerpicking,103,3.0,25,4.5,1.0,44100,25,25,918.7551879882812,963.7725830078125,915.2310791015625,874.7352905273438,-48.54150390625,-48.54150390625,1.0782832699490892,0.865,,645
ok,,03,transformer.single_transformer_blocks.16,single_transformer_blocks-16,single,16,0,dark_to_bright,dark,bright,a dark brooding acoustic guitar fingerpicking,a bright sparkling acoustic guitar fingerpicking,103,3.0,25,4.5,1.0,44100,25,25,963.7725830078125,918.7551879882812,989.0242309570312,978.9637451171875,70.26904296875,-70.26904296875,1.5609309010053352,0.87,,645
ok,,03,transformer.single_transformer_blocks.17,single_transformer_blocks-17,single,17,0,bright_to_dark,bright,dark,a bright sparkling acoustic guitar fingerpicking,a dark brooding acoustic guitar fingerpicking,103,3.0,25,4.5,1.0,44100,25,25,918.7551879882812,963.7725830078125,928.8555908203125,880.038818359375,-34.9169921875,-34.9169921875,0.7756333340112397,0.863,,645
ok,,03,transformer.single_transformer_blocks.17,single_transformer_blocks-17,single,17,0,dark_to_bright,dark,bright,a dark brooding acoustic guitar fingerpicking,a bright sparkling acoustic guitar fingerpicking,103,3.0,25,4.5,1.0,44100,25,25,963.7725830078125,918.7551879882812,950.7867431640625,941.7489624023438,32.03155517578125,-32.03155517578125,0.7115372882390026,0.873,,645
ok,,04,transformer.single_transformer_blocks.0,single_transformer_blocks-0,single,0,0,bright_to_dark,bright,dark,a bright airy flute solo,a dark heavy flute solo,104,3.0,25,4.5,1.0,44100,25,25,1398.101806640625,1719.439208984375,1448.925537109375,1415.7822265625,-270.513671875,-270.513671875,0.8418368664896922,0.879,,645
ok,,04,transformer.single_transformer_blocks.0,single_transformer_blocks-0,single,0,0,dark_to_bright,dark,bright,a dark heavy flute solo,a bright airy flute solo,104,3.0,25,4.5,1.0,44100,25,25,1719.439208984375,1398.101806640625,1662.957275390625,1636.3255615234375,264.85546875,-264.85546875,0.8242285735124958,0.87,,645
ok,,04,transformer.single_transformer_blocks.1,single_transformer_blocks-1,single,1,0,bright_to_dark,bright,dark,a bright airy flute solo,a dark heavy flute solo,104,3.0,25,4.5,1.0,44100,25,25,1398.101806640625,1719.439208984375,1449.0335693359375,1417.939453125,-270.4056396484375,-270.4056396484375,0.8415006708717078,0.864,,645
ok,,04,transformer.single_transformer_blocks.1,single_transformer_blocks-1,single,1,0,dark_to_bright,dark,bright,a dark heavy flute solo,a bright airy flute solo,104,3.0,25,4.5,1.0,44100,25,25,1719.439208984375,1398.101806640625,1651.8963623046875,1625.40966796875,253.7945556640625,-253.7945556640625,0.789807080697585,0.866,,645
ok,,04,transformer.single_transformer_blocks.2,single_transformer_blocks-2,single,2,0,bright_to_dark,bright,dark,a bright airy flute solo,a dark heavy flute solo,104,3.0,25,4.5,1.0,44100,25,25,1398.101806640625,1719.439208984375,1448.936767578125,1417.0831298828125,-270.50244140625,-270.50244140625,0.8418019173407041,0.864,,645
ok,,04,transformer.single_transformer_blocks.2,single_transformer_blocks-2,single,2,0,dark_to_bright,dark,bright,a dark heavy flute solo,a bright airy flute solo,104,3.0,25,4.5,1.0,44100,25,25,1719.439208984375,1398.101806640625,1651.5089111328125,1625.09765625,253.4071044921875,-253.4071044921875,0.7886013350574913,0.867,,645
ok,,04,transformer.single_transformer_blocks.3,single_transformer_blocks-3,single,3,0,bright_to_dark,bright,dark,a bright airy flute solo,a dark heavy flute solo,104,3.0,25,4.5,1.0,44100,25,25,1398.101806640625,1719.439208984375,1448.287109375,1415.6190185546875,-271.152099609375,-271.152099609375,0.8438236496332618,0.86,,645
ok,,04,transformer.single_transformer_blocks.3,single_transformer_blocks-3,single,3,0,dark_to_bright,dark,bright,a dark heavy flute solo,a bright airy flute solo,104,3.0,25,4.5,1.0,44100,25,25,1719.439208984375,1398.101806640625,1649.16748046875,1619.833984375,251.065673828125,-251.065673828125,0.7813148173755012,0.861,,645
ok,,04,transformer.single_transformer_blocks.4,single_transformer_blocks-4,single,4,0,bright_to_dark,bright,dark,a bright airy flute solo,a dark heavy flute solo,104,3.0,25,4.5,1.0,44100,25,25,1398.101806640625,1719.439208984375,1451.6993408203125,1421.9906005859375,-267.7398681640625,-267.7398681640625,0.8332048065716556,0.858,,645
ok,,04,transformer.single_transformer_blocks.4,single_transformer_blocks-4,single,4,0,dark_to_bright,dark,bright,a dark heavy flute solo,a bright airy flute solo,104,3.0,25,4.5,1.0,44100,25,25,1719.439208984375,1398.101806640625,1649.0523681640625,1617.53857421875,250.9505615234375,-250.9505615234375,0.780956588598372,0.863,,645
ok,,04,transformer.single_transformer_blocks.5,single_transformer_blocks-5,single,5,0,bright_to_dark,bright,dark,a bright airy flute solo,a dark heavy flute solo,104,3.0,25,4.5,1.0,44100,25,25,1398.101806640625,1719.439208984375,1457.2012939453125,1429.15478515625,-262.2379150390625,-262.2379150390625,0.8160827626238606,0.863,,645
ok,,04,transformer.single_transformer_blocks.5,single_transformer_blocks-5,single,5,0,dark_to_bright,dark,bright,a dark heavy flute solo,a bright airy flute solo,104,3.0,25,4.5,1.0,44100,25,25,1719.439208984375,1398.101806640625,1639.729248046875,1604.0399169921875,241.62744140625,-241.62744140625,0.7519430967073343,0.866,,645
ok,,04,transformer.single_transformer_blocks.6,single_transformer_blocks-6,single,6,0,bright_to_dark,bright,dark,a bright airy flute solo,a dark heavy flute solo,104,3.0,25,4.5,1.0,44100,25,25,1398.101806640625,1719.439208984375,1460.1351318359375,1426.9749755859375,-259.3040771484375,-259.3040771484375,0.8069526773327418,0.862,,645
ok,,04,transformer.single_transformer_blocks.6,single_transformer_blocks-6,single,6,0,dark_to_bright,dark,bright,a dark heavy flute solo,a bright airy flute solo,104,3.0,25,4.5,1.0,44100,25,25,1719.439208984375,1398.101806640625,1646.4034423828125,1612.969970703125,248.3016357421875,-248.3016357421875,0.7727131480218022,0.864,,645
ok,,04,transformer.single_transformer_blocks.7,single_transformer_blocks-7,single,7,0,bright_to_dark,bright,dark,a bright airy flute solo,a dark heavy flute solo,104,3.0,25,4.5,1.0,44100,25,25,1398.101806640625,1719.439208984375,1455.519287109375,1422.4422607421875,-263.919921875,-263.919921875,0.8213171574489553,0.857,,645
ok,,04,transformer.single_transformer_blocks.7,single_transformer_blocks-7,single,7,0,dark_to_bright,dark,bright,a dark heavy flute solo,a bright airy flute solo,104,3.0,25,4.5,1.0,44100,25,25,1719.439208984375,1398.101806640625,1626.9036865234375,1595.3165283203125,228.8018798828125,-228.8018798828125,0.7120300289166219,0.867,,645
ok,,04,transformer.single_transformer_blocks.8,single_transformer_blocks-8,single,8,0,bright_to_dark,bright,dark,a bright airy flute solo,a dark heavy flute solo,104,3.0,25,4.5,1.0,44100,25,25,1398.101806640625,1719.439208984375,1462.361083984375,1430.21044921875,-257.078125,-257.078125,0.8000255280740436,0.863,,645
ok,,04,transformer.single_transformer_blocks.8,single_transformer_blocks-8,single,8,0,dark_to_bright,dark,bright,a dark heavy flute solo,a bright airy flute solo,104,3.0,25,4.5,1.0,44100,25,25,1719.439208984375,1398.101806640625,1618.3424072265625,1592.5572509765625,220.2406005859375,-220.2406005859375,0.6853873809259701,0.866,,645
ok,,04,transformer.single_transformer_blocks.9,single_transformer_blocks-9,single,9,0,bright_to_dark,bright,dark,a bright airy flute solo,a dark heavy flute solo,104,3.0,25,4.5,1.0,44100,25,25,1398.101806640625,1719.439208984375,1450.10693359375,1415.686279296875,-269.332275390625,-269.332275390625,0.838160367968953,0.86,,645
ok,,04,transformer.single_transformer_blocks.9,single_transformer_blocks-9,single,9,0,dark_to_bright,dark,bright,a dark heavy flute solo,a bright airy flute solo,104,3.0,25,4.5,1.0,44100,25,25,1719.439208984375,1398.101806640625,1623.158447265625,1594.407958984375,225.056640625,-225.056640625,0.7003748676111041,0.864,,645
ok,,04,transformer.single_transformer_blocks.10,single_transformer_blocks-10,single,10,0,bright_to_dark,bright,dark,a bright airy flute solo,a dark heavy flute solo,104,3.0,25,4.5,1.0,44100,25,25,1398.101806640625,1719.439208984375,1441.366455078125,1409.0240478515625,-278.07275390625,-278.07275390625,0.8653606828151995,0.865,,645
ok,,04,transformer.single_transformer_blocks.10,single_transformer_blocks-10,single,10,0,dark_to_bright,dark,bright,a dark heavy flute solo,a bright airy flute solo,104,3.0,25,4.5,1.0,44100,25,25,1719.439208984375,1398.101806640625,1634.440185546875,1604.616455078125,236.33837890625,-236.33837890625,0.7354835670620986,0.87,,645
ok,,04,transformer.single_transformer_blocks.11,single_transformer_blocks-11,single,11,0,bright_to_dark,bright,dark,a bright airy flute solo,a dark heavy flute solo,104,3.0,25,4.5,1.0,44100,25,25,1398.101806640625,1719.439208984375,1430.744873046875,1396.4239501953125,-288.6943359375,-288.6943359375,0.8984149801169733,0.866,,645
ok,,04,transformer.single_transformer_blocks.11,single_transformer_blocks-11,single,11,0,dark_to_bright,dark,bright,a dark heavy flute solo,a bright airy flute solo,104,3.0,25,4.5,1.0,44100,25,25,1719.439208984375,1398.101806640625,1659.060302734375,1627.933349609375,260.95849609375,-260.95849609375,0.8121012188135828,0.869,,645
ok,,04,transformer.single_transformer_blocks.12,single_transformer_blocks-12,single,12,0,bright_to_dark,bright,dark,a bright airy flute solo,a dark heavy flute solo,104,3.0,25,4.5,1.0,44100,25,25,1398.101806640625,1719.439208984375,1427.66162109375,1389.584228515625,-291.777587890625,-291.777587890625,0.9080100410424571,0.867,,645
ok,,04,transformer.single_transformer_blocks.12,single_transformer_blocks-12,single,12,0,dark_to_bright,dark,bright,a dark heavy flute solo,a bright airy flute solo,104,3.0,25,4.5,1.0,44100,25,25,1719.439208984375,1398.101806640625,1654.1123046875,1624.81103515625,256.010498046875,-256.010498046875,0.7967030796278372,0.866,,645
ok,,04,transformer.single_transformer_blocks.13,single_transformer_blocks-13,single,13,0,bright_to_dark,bright,dark,a bright airy flute solo,a dark heavy flute solo,104,3.0,25,4.5,1.0,44100,25,25,1398.101806640625,1719.439208984375,1411.3909912109375,1376.3009033203125,-308.0482177734375,-308.0482177734375,0.9586441401673609,0.864,,645
ok,,04,transformer.single_transformer_blocks.13,single_transformer_blocks-13,single,13,0,dark_to_bright,dark,bright,a dark heavy flute solo,a bright airy flute solo,104,3.0,25,4.5,1.0,44100,25,25,1719.439208984375,1398.101806640625,1677.9232177734375,1651.944580078125,279.8214111328125,-279.8214111328125,0.8708024932418983,0.871,,645
ok,,04,transformer.single_transformer_blocks.14,single_transformer_blocks-14,single,14,0,bright_to_dark,bright,dark,a bright airy flute solo,a dark heavy flute solo,104,3.0,25,4.5,1.0,44100,25,25,1398.101806640625,1719.439208984375,1417.12841796875,1381.389892578125,-302.310791015625,-302.310791015625,0.9407893037369758,0.867,,645
ok,,04,transformer.single_transformer_blocks.14,single_transformer_blocks-14,single,14,0,dark_to_bright,dark,bright,a dark heavy flute solo,a bright airy flute solo,104,3.0,25,4.5,1.0,44100,25,25,1719.439208984375,1398.101806640625,1678.052734375,1652.0079345703125,279.950927734375,-279.950927734375,0.8712055481014255,0.871,,645
ok,,04,transformer.single_transformer_blocks.15,single_transformer_blocks-15,single,15,0,bright_to_dark,bright,dark,a bright airy flute solo,a dark heavy flute solo,104,3.0,25,4.5,1.0,44100,25,25,1398.101806640625,1719.439208984375,1421.15478515625,1381.66455078125,-298.284423828125,-298.284423828125,0.9282592740605897,0.868,,645
ok,,04,transformer.single_transformer_blocks.15,single_transformer_blocks-15,single,15,0,dark_to_bright,dark,bright,a dark heavy flute solo,a bright airy flute solo,104,3.0,25,4.5,1.0,44100,25,25,1719.439208984375,1398.101806640625,1642.2490234375,1614.6268310546875,244.147216796875,-244.147216796875,0.7597846220705395,0.871,,645
ok,,04,transformer.single_transformer_blocks.16,single_transformer_blocks-16,single,16,0,bright_to_dark,bright,dark,a bright airy flute solo,a dark heavy flute solo,104,3.0,25,4.5,1.0,44100,25,25,1398.101806640625,1719.439208984375,1406.5592041015625,1362.019775390625,-312.8800048828125,-312.8800048828125,0.9736806316374892,0.864,,645
ok,,04,transformer.single_transformer_blocks.16,single_transformer_blocks-16,single,16,0,dark_to_bright,dark,bright,a dark heavy flute solo,a bright airy flute solo,104,3.0,25,4.5,1.0,44100,25,25,1719.439208984375,1398.101806640625,1666.755859375,1639.8651123046875,268.654052734375,-268.654052734375,0.8360497432757078,0.872,,645
ok,,04,transformer.single_transformer_blocks.17,single_transformer_blocks-17,single,17,0,bright_to_dark,bright,dark,a bright airy flute solo,a dark heavy flute solo,104,3.0,25,4.5,1.0,44100,25,25,1398.101806640625,1719.439208984375,1424.93896484375,1388.7186279296875,-294.500244140625,-294.500244140625,0.9164829303797757,0.868,,645
ok,,04,transformer.single_transformer_blocks.17,single_transformer_blocks-17,single,17,0,dark_to_bright,dark,bright,a dark heavy flute solo,a bright airy flute solo,104,3.0,25,4.5,1.0,44100,25,25,1719.439208984375,1398.101806640625,1693.3018798828125,1674.6776123046875,295.2000732421875,-295.2000732421875,0.9186607941966178,0.874,,645
ok,,05,transformer.single_transformer_blocks.0,single_transformer_blocks-0,single,0,0,bright_to_dark,bright,dark,a bright crisp violin passage,a dark muted violin passage,105,3.0,25,4.5,1.0,44100,25,25,1563.31494140625,1097.778564453125,1440.559814453125,1426.7325439453125,342.78125,342.78125,0.7363146404228573,0.848,,645
ok,,05,transformer.single_transformer_blocks.0,single_transformer_blocks-0,single,0,0,dark_to_bright,dark,bright,a dark muted violin passage,a bright crisp violin passage,105,3.0,25,4.5,1.0,44100,25,25,1097.778564453125,1563.31494140625,1168.18994140625,1155.83984375,-395.125,395.125,0.848752148190957,0.806,,645
ok,,05,transformer.single_transformer_blocks.1,single_transformer_blocks-1,single,1,0,bright_to_dark,bright,dark,a bright crisp violin passage,a dark muted violin passage,105,3.0,25,4.5,1.0,44100,25,25,1563.31494140625,1097.778564453125,1443.3428955078125,1429.3101806640625,345.5643310546875,345.5643310546875,0.7422928650954433,0.801,,645
ok,,05,transformer.single_transformer_blocks.1,single_transformer_blocks-1,single,1,0,dark_to_bright,dark,bright,a dark muted violin passage,a bright crisp violin passage,105,3.0,25,4.5,1.0,44100,25,25,1097.778564453125,1563.31494140625,1161.9036865234375,1145.1595458984375,-401.4112548828125,401.4112548828125,0.862255399910952,0.801,,645
ok,,05,transformer.single_transformer_blocks.2,single_transformer_blocks-2,single,2,0,bright_to_dark,bright,dark,a bright crisp violin passage,a dark muted violin passage,105,3.0,25,4.5,1.0,44100,25,25,1563.31494140625,1097.778564453125,1433.4635009765625,1421.99658203125,335.6849365234375,335.6849365234375,0.7210713343615631,0.799,,645
ok,,05,transformer.single_transformer_blocks.2,single_transformer_blocks-2,single,2,0,dark_to_bright,dark,bright,a dark muted violin passage,a bright crisp violin passage,105,3.0,25,4.5,1.0,44100,25,25,1097.778564453125,1563.31494140625,1174.111328125,1156.501220703125,-389.20361328125,389.20361328125,0.8360326551246908,0.802,,645
ok,,05,transformer.single_transformer_blocks.3,single_transformer_blocks-3,single,3,0,bright_to_dark,bright,dark,a bright crisp violin passage,a dark muted violin passage,105,3.0,25,4.5,1.0,44100,25,25,1563.31494140625,1097.778564453125,1433.826904296875,1425.54296875,336.04833984375,336.04833984375,0.721851946443246,0.8,,645
ok,,05,transformer.single_transformer_blocks.3,single_transformer_blocks-3,single,3,0,dark_to_bright,dark,bright,a dark muted violin passage,a bright crisp violin passage,105,3.0,25,4.5,1.0,44100,25,25,1097.778564453125,1563.31494140625,1168.733154296875,1156.358642578125,-394.581787109375,394.581787109375,0.8475852943906584,0.801,,645
ok,,05,transformer.single_transformer_blocks.4,single_transformer_blocks-4,single,4,0,bright_to_dark,bright,dark,a bright crisp violin passage,a dark muted violin passage,105,3.0,25,4.5,1.0,44100,25,25,1563.31494140625,1097.778564453125,1443.792236328125,1434.2562255859375,346.013671875,346.013671875,0.7432580760704769,0.796,,645
ok,,05,transformer.single_transformer_blocks.4,single_transformer_blocks-4,single,4,0,dark_to_bright,dark,bright,a dark muted violin passage,a bright crisp violin passage,105,3.0,25,4.5,1.0,44100,25,25,1097.778564453125,1563.31494140625,1160.171630859375,1141.68896484375,-403.143310546875,403.143310546875,0.8659759591407131,0.802,,645
ok,,05,transformer.single_transformer_blocks.5,single_transformer_blocks-5,single,5,0,bright_to_dark,bright,dark,a bright crisp violin passage,a dark muted violin passage,105,3.0,25,4.5,1.0,44100,25,25,1563.31494140625,1097.778564453125,1441.880126953125,1428.2779541015625,344.1015625,344.1015625,0.7391507506934258,0.803,,645
ok,,05,transformer.single_transformer_blocks.5,single_transformer_blocks-5,single,5,0,dark_to_bright,dark,bright,a dark muted violin passage,a bright crisp violin passage,105,3.0,25,4.5,1.0,44100,25,25,1097.778564453125,1563.31494140625,1164.993408203125,1137.515380859375,-398.321533203125,398.321533203125,0.8556184928234558,0.8,,645
ok,,05,transformer.single_transformer_blocks.6,single_transformer_blocks-6,single,6,0,bright_to_dark,bright,dark,a bright crisp violin passage,a dark muted violin passage,105,3.0,25,4.5,1.0,44100,25,25,1563.31494140625,1097.778564453125,1455.53759765625,1450.2625732421875,357.759033203125,357.759033203125,0.7684878151619672,0.801,,645
ok,,05,transformer.single_transformer_blocks.6,single_transformer_blocks-6,single,6,0,dark_to_bright,dark,bright,a dark muted violin passage,a bright crisp violin passage,105,3.0,25,4.5,1.0,44100,25,25,1097.778564453125,1563.31494140625,1158.4713134765625,1136.2470703125,-404.8436279296875,404.8436279296875,0.8696283426428163,0.8,,645
ok,,05,transformer.single_transformer_blocks.7,single_transformer_blocks-7,single,7,0,bright_to_dark,bright,dark,a bright crisp violin passage,a dark muted violin passage,105,3.0,25,4.5,1.0,44100,25,25,1563.31494140625,1097.778564453125,1451.006591796875,1448.623291015625,353.22802734375,353.22802734375,0.7587549433957911,0.797,,645
ok,,05,transformer.single_transformer_blocks.7,single_transformer_blocks-7,single,7,0,dark_to_bright,dark,bright,a dark muted violin passage,a bright crisp violin passage,105,3.0,25,4.5,1.0,44100,25,25,1097.778564453125,1563.31494140625,1133.8126220703125,1113.6734619140625,-429.5023193359375,429.5023193359375,0.9225966876036075,0.804,,645
ok,,05,transformer.single_transformer_blocks.8,single_transformer_blocks-8,single,8,0,bright_to_dark,bright,dark,a bright crisp violin passage,a dark muted violin passage,105,3.0,25,4.5,1.0,44100,25,25,1563.31494140625,1097.778564453125,1456.1097412109375,1446.6827392578125,358.3311767578125,358.3311767578125,0.7697168137601693,0.799,,645
ok,,05,transformer.single_transformer_blocks.8,single_transformer_blocks-8,single,8,0,dark_to_bright,dark,bright,a dark muted violin passage,a bright crisp violin passage,105,3.0,25,4.5,1.0,44100,25,25,1097.778564453125,1563.31494140625,1136.0548095703125,1115.2034912109375,-427.2601318359375,427.2601318359375,0.9177803346589142,0.802,,645
ok,,05,transformer.single_transformer_blocks.9,single_transformer_blocks-9,single,9,0,bright_to_dark,bright,dark,a bright crisp violin passage,a dark muted violin passage,105,3.0,25,4.5,1.0,44100,25,25,1563.31494140625,1097.778564453125,1442.93994140625,1436.599853515625,345.161376953125,345.161376953125,0.7414272955685253,0.797,,645
ok,,05,transformer.single_transformer_blocks.9,single_transformer_blocks-9,single,9,0,dark_to_bright,dark,bright,a dark muted violin passage,a bright crisp violin passage,105,3.0,25,4.5,1.0,44100,25,25,1097.778564453125,1563.31494140625,1135.4393310546875,1117.535888671875,-427.8756103515625,427.8756103515625,0.9191024193468031,0.802,,645
ok,,05,transformer.single_transformer_blocks.10,single_transformer_blocks-10,single,10,0,bright_to_dark,bright,dark,a bright crisp violin passage,a dark muted violin passage,105,3.0,25,4.5,1.0,44100,25,25,1563.31494140625,1097.778564453125,1441.6273193359375,1434.5037841796875,343.8487548828125,343.8487548828125,0.738607704801197,0.803,,645
ok,,05,transformer.single_transformer_blocks.10,single_transformer_blocks-10,single,10,0,dark_to_bright,dark,bright,a dark muted violin passage,a bright crisp violin passage,105,3.0,25,4.5,1.0,44100,25,25,1097.778564453125,1563.31494140625,1116.767578125,1096.1387939453125,-446.54736328125,446.54736328125,0.9592104621422807,0.803,,645
ok,,05,transformer.single_transformer_blocks.11,single_transformer_blocks-11,single,11,0,bright_to_dark,bright,dark,a bright crisp violin passage,a dark muted violin passage,105,3.0,25,4.5,1.0,44100,25,25,1563.31494140625,1097.778564453125,1441.1942138671875,1436.9620361328125,343.4156494140625,343.4156494140625,0.7376773683330038,0.805,,645
ok,,05,transformer.single_transformer_blocks.11,single_transformer_blocks-11,single,11,0,dark_to_bright,dark,bright,a dark muted violin passage,a bright crisp violin passage,105,3.0,25,4.5,1.0,44100,25,25,1097.778564453125,1563.31494140625,1125.7618408203125,1108.5870361328125,-437.5531005859375,437.5531005859375,0.9398902475670443,0.806,,645
ok,,05,transformer.single_transformer_blocks.12,single_transformer_blocks-12,single,12,0,bright_to_dark,bright,dark,a bright crisp violin passage,a dark muted violin passage,105,3.0,25,4.5,1.0,44100,25,25,1563.31494140625,1097.778564453125,1458.3768310546875,1456.330078125,360.5982666015625,360.5982666015625,0.7745866584296403,0.806,,645
ok,,05,transformer.single_transformer_blocks.12,single_transformer_blocks-12,single,12,0,dark_to_bright,dark,bright,a dark muted violin passage,a bright crisp violin passage,105,3.0,25,4.5,1.0,44100,25,25,1097.778564453125,1563.31494140625,1115.788330078125,1095.6605224609375,-447.526611328125,447.526611328125,0.9613139455548639,0.806,,645
ok,,05,transformer.single_transformer_blocks.13,single_transformer_blocks-13,single,13,0,bright_to_dark,bright,dark,a bright crisp violin passage,a dark muted violin passage,105,3.0,25,4.5,1.0,44100,25,25,1563.31494140625,1097.778564453125,1462.9130859375,1455.3226318359375,365.134521484375,365.134521484375,0.7843308054123137,0.805,,645
ok,,05,transformer.single_transformer_blocks.13,single_transformer_blocks-13,single,13,0,dark_to_bright,dark,bright,a dark muted violin passage,a bright crisp violin passage,105,3.0,25,4.5,1.0,44100,25,25,1097.778564453125,1563.31494140625,1109.1668701171875,1085.388916015625,-454.1480712890625,454.1480712890625,0.9755372378446611,0.806,,645
ok,,05,transformer.single_transformer_blocks.14,single_transformer_blocks-14,single,14,0,bright_to_dark,bright,dark,a bright crisp violin passage,a dark muted violin passage,105,3.0,25,4.5,1.0,44100,25,25,1563.31494140625,1097.778564453125,1487.3778076171875,1482.7274169921875,389.5992431640625,389.5992431640625,0.8368824917913802,0.803,,645
ok,,05,transformer.single_transformer_blocks.14,single_transformer_blocks-14,single,14,0,dark_to_bright,dark,bright,a dark muted violin passage,a bright crisp violin passage,105,3.0,25,4.5,1.0,44100,25,25,1097.778564453125,1563.31494140625,1098.698974609375,1080.1591796875,-464.615966796875,464.615966796875,0.998022903897921,0.809,,645
ok,,05,transformer.single_transformer_blocks.15,single_transformer_blocks-15,single,15,0,bright_to_dark,bright,dark,a bright crisp violin passage,a dark muted violin passage,105,3.0,25,4.5,1.0,44100,25,25,1563.31494140625,1097.778564453125,1463.79296875,1456.24658203125,366.014404296875,366.014404296875,0.7862208463544603,0.806,,645
ok,,05,transformer.single_transformer_blocks.15,single_transformer_blocks-15,single,15,0,dark_to_bright,dark,bright,a dark muted violin passage,a bright crisp violin passage,105,3.0,25,4.5,1.0,44100,25,25,1097.778564453125,1563.31494140625,1116.7755126953125,1096.442138671875,-446.5394287109375,446.5394287109375,0.9591934182103662,0.807,,645
ok,,05,transformer.single_transformer_blocks.16,single_transformer_blocks-16,single,16,0,bright_to_dark,bright,dark,a bright crisp violin passage,a dark muted violin passage,105,3.0,25,4.5,1.0,44100,25,25,1563.31494140625,1097.778564453125,1444.30859375,1438.3826904296875,346.530029296875,346.530029296875,0.7443672427166035,0.805,,645
ok,,05,transformer.single_transformer_blocks.16,single_transformer_blocks-16,single,16,0,dark_to_bright,dark,bright,a dark muted violin passage,a bright crisp violin passage,105,3.0,25,4.5,1.0,44100,25,25,1097.778564453125,1563.31494140625,1151.240234375,1131.254638671875,-412.07470703125,412.07470703125,0.8851611333323194,0.808,,645
ok,,05,transformer.single_transformer_blocks.17,single_transformer_blocks-17,single,17,0,bright_to_dark,bright,dark,a bright crisp violin passage,a dark muted violin passage,105,3.0,25,4.5,1.0,44100,25,25,1563.31494140625,1097.778564453125,1592.3948974609375,1593.2811279296875,494.6163330078125,494.6163330078125,1.0624654860378733,0.807,,645
ok,,05,transformer.single_transformer_blocks.17,single_transformer_blocks-17,single,17,0,dark_to_bright,dark,bright,a dark muted violin passage,a bright crisp violin passage,105,3.0,25,4.5,1.0,44100,25,25,1097.778564453125,1563.31494140625,1073.357177734375,1044.8896484375,-489.957763671875,489.957763671875,1.0524586002893797,0.813,,645
ok,,06,transformer.single_transformer_blocks.0,single_transformer_blocks-0,single,0,0,bright_to_dark,bright,dark,a bright uplifting string quartet,a dark mournful string quartet,106,3.0,25,4.5,1.0,44100,25,25,1207.377685546875,1386.683837890625,1212.878662109375,1191.111083984375,-173.80517578125,-173.80517578125,0.9693207595467555,0.866,,645
ok,,06,transformer.single_transformer_blocks.0,single_transformer_blocks-0,single,0,0,dark_to_bright,dark,bright,a dark mournful string quartet,a bright uplifting string quartet,106,3.0,25,4.5,1.0,44100,25,25,1386.683837890625,1207.377685546875,1326.3629150390625,1313.3084716796875,118.9852294921875,-118.9852294921875,0.6635869876014041,0.859,,645
ok,,06,transformer.single_transformer_blocks.1,single_transformer_blocks-1,single,1,0,bright_to_dark,bright,dark,a bright uplifting string quartet,a dark mournful string quartet,106,3.0,25,4.5,1.0,44100,25,25,1207.377685546875,1386.683837890625,1197.8143310546875,1181.12548828125,-188.8695068359375,-188.8695068359375,1.053335339402373,0.853,,645
ok,,06,transformer.single_transformer_blocks.1,single_transformer_blocks-1,single,1,0,dark_to_bright,dark,bright,a dark mournful string quartet,a bright uplifting string quartet,106,3.0,25,4.5,1.0,44100,25,25,1386.683837890625,1207.377685546875,1316.71435546875,1303.93505859375,109.336669921875,-109.336669921875,0.6097764549219947,0.856,,645
ok,,06,transformer.single_transformer_blocks.2,single_transformer_blocks-2,single,2,0,bright_to_dark,bright,dark,a bright uplifting string quartet,a dark mournful string quartet,106,3.0,25,4.5,1.0,44100,25,25,1207.377685546875,1386.683837890625,1192.849609375,1175.474853515625,-193.834228515625,-193.834228515625,1.081023857697995,0.853,,645
ok,,06,transformer.single_transformer_blocks.2,single_transformer_blocks-2,single,2,0,dark_to_bright,dark,bright,a dark mournful string quartet,a bright uplifting string quartet,106,3.0,25,4.5,1.0,44100,25,25,1386.683837890625,1207.377685546875,1314.416015625,1304.3333740234375,107.038330078125,-107.038330078125,0.5969584907099034,0.856,,645
ok,,06,transformer.single_transformer_blocks.3,single_transformer_blocks-3,single,3,0,bright_to_dark,bright,dark,a bright uplifting string quartet,a dark mournful string quartet,106,3.0,25,4.5,1.0,44100,25,25,1207.377685546875,1386.683837890625,1199.973388671875,1181.3759765625,-186.71044921875,-186.71044921875,1.041294159615924,0.854,,645
ok,,06,transformer.single_transformer_blocks.3,single_transformer_blocks-3,single,3,0,dark_to_bright,dark,bright,a dark mournful string quartet,a bright uplifting string quartet,106,3.0,25,4.5,1.0,44100,25,25,1386.683837890625,1207.377685546875,1306.1759033203125,1295.67578125,98.7982177734375,-98.7982177734375,0.5510029437474641,0.857,,645
ok,,06,transformer.single_transformer_blocks.4,single_transformer_blocks-4,single,4,0,bright_to_dark,bright,dark,a bright uplifting string quartet,a dark mournful string quartet,106,3.0,25,4.5,1.0,44100,25,25,1207.377685546875,1386.683837890625,1199.46435546875,1182.744140625,-187.219482421875,-187.219482421875,1.0441330650102527,0.848,,645
ok,,06,transformer.single_transformer_blocks.4,single_transformer_blocks-4,single,4,0,dark_to_bright,dark,bright,a dark mournful string quartet,a bright uplifting string quartet,106,3.0,25,4.5,1.0,44100,25,25,1386.683837890625,1207.377685546875,1303.3018798828125,1291.40185546875,95.9241943359375,-95.9241943359375,0.5349743613484051,0.856,,645
ok,,06,transformer.single_transformer_blocks.5,single_transformer_blocks-5,single,5,0,bright_to_dark,bright,dark,a bright uplifting string quartet,a dark mournful string quartet,106,3.0,25,4.5,1.0,44100,25,25,1207.377685546875,1386.683837890625,1188.1536865234375,1167.9263916015625,-198.5301513671875,-198.5301513671875,1.1072132705551727,0.853,,645
ok,,06,transformer.single_transformer_blocks.5,single_transformer_blocks-5,single,5,0,dark_to_bright,dark,bright,a dark mournful string quartet,a bright uplifting string quartet,106,3.0,25,4.5,1.0,44100,25,25,1386.683837890625,1207.377685546875,1313.1468505859375,1298.64990234375,105.7691650390625,-105.7691650390625,0.5898802894185758,0.858,,645
ok,,06,transformer.single_transformer_blocks.6,single_transformer_blocks-6,single,6,0,bright_to_dark,bright,dark,a bright uplifting string quartet,a dark mournful string quartet,106,3.0,25,4.5,1.0,44100,25,25,1207.377685546875,1386.683837890625,1192.0103759765625,1169.315673828125,-194.6734619140625,-194.6734619140625,1.0857043072390045,0.854,,645
ok,,06,transformer.single_transformer_blocks.6,single_transformer_blocks-6,single,6,0,dark_to_bright,dark,bright,a dark mournful string quartet,a bright uplifting string quartet,106,3.0,25,4.5,1.0,44100,25,25,1386.683837890625,1207.377685546875,1321.6934814453125,1308.7091064453125,114.3157958984375,-114.3157958984375,0.637545306751557,0.855,,645
ok,,06,transformer.single_transformer_blocks.7,single_transformer_blocks-7,single,7,0,bright_to_dark,bright,dark,a bright uplifting string quartet,a dark mournful string quartet,106,3.0,25,4.5,1.0,44100,25,25,1207.377685546875,1386.683837890625,1198.526611328125,1183.2763671875,-188.1572265625,-188.1572265625,1.0493629142282943,0.849,,645
ok,,06,transformer.single_transformer_blocks.7,single_transformer_blocks-7,single,7,0,dark_to_bright,dark,bright,a dark mournful string quartet,a bright uplifting string quartet,106,3.0,25,4.5,1.0,44100,25,25,1386.683837890625,1207.377685546875,1317.190673828125,1304.0960693359375,109.81298828125,-109.81298828125,0.6124329078833067,0.855,,645
ok,,06,transformer.single_transformer_blocks.8,single_transformer_blocks-8,single,8,0,bright_to_dark,bright,dark,a bright uplifting string quartet,a dark mournful string quartet,106,3.0,25,4.5,1.0,44100,25,25,1207.377685546875,1386.683837890625,1219.708740234375,1203.0108642578125,-166.97509765625,-166.97509765625,0.9312290486058727,0.854,,645
ok,,06,transformer.single_transformer_blocks.8,single_transformer_blocks-8,single,8,0,dark_to_bright,dark,bright,a dark mournful string quartet,a bright uplifting string quartet,106,3.0,25,4.5,1.0,44100,25,25,1386.683837890625,1207.377685546875,1315.9898681640625,1302.0184326171875,108.6121826171875,-108.6121826171875,0.605735950481865,0.857,,645
ok,,06,transformer.single_transformer_blocks.9,single_transformer_blocks-9,single,9,0,bright_to_dark,bright,dark,a bright uplifting string quartet,a dark mournful string quartet,106,3.0,25,4.5,1.0,44100,25,25,1207.377685546875,1386.683837890625,1200.410888671875,1180.787353515625,-186.27294921875,-186.27294921875,1.0388541987206545,0.853,,645
ok,,06,transformer.single_transformer_blocks.9,single_transformer_blocks-9,single,9,0,dark_to_bright,dark,bright,a dark mournful string quartet,a bright uplifting string quartet,106,3.0,25,4.5,1.0,44100,25,25,1386.683837890625,1207.377685546875,1326.9068603515625,1314.1534423828125,119.5291748046875,-119.5291748046875,0.6666205996966388,0.853,,645
ok,,06,transformer.single_transformer_blocks.10,single_transformer_blocks-10,single,10,0,bright_to_dark,bright,dark,a bright uplifting string quartet,a dark mournful string quartet,106,3.0,25,4.5,1.0,44100,25,25,1207.377685546875,1386.683837890625,1201.64990234375,1186.3162841796875,-185.033935546875,-185.033935546875,1.031944153216473,0.858,,645
ok,,06,transformer.single_transformer_blocks.10,single_transformer_blocks-10,single,10,0,dark_to_bright,dark,bright,a dark mournful string quartet,a bright uplifting string quartet,106,3.0,25,4.5,1.0,44100,25,25,1386.683837890625,1207.377685546875,1322.66259765625,1312.0601806640625,115.284912109375,-115.284912109375,0.6429501196833497,0.858,,645
ok,,06,transformer.single_transformer_blocks.11,single_transformer_blocks-11,single,11,0,bright_to_dark,bright,dark,a bright uplifting string quartet,a dark mournful string quartet,106,3.0,25,4.5,1.0,44100,25,25,1207.377685546875,1386.683837890625,1202.4737548828125,1181.0760498046875,-184.2100830078125,-184.2100830078125,1.0273494835506878,0.857,,645
ok,,06,transformer.single_transformer_blocks.11,single_transformer_blocks-11,single,11,0,dark_to_bright,dark,bright,a dark mournful string quartet,a bright uplifting string quartet,106,3.0,25,4.5,1.0,44100,25,25,1386.683837890625,1207.377685546875,1313.3243408203125,1301.4974365234375,105.9466552734375,-105.9466552734375,0.5908701619469581,0.86,,645
ok,,06,transformer.single_transformer_blocks.12,single_transformer_blocks-12,single,12,0,bright_to_dark,bright,dark,a bright uplifting string quartet,a dark mournful string quartet,106,3.0,25,4.5,1.0,44100,25,25,1207.377685546875,1386.683837890625,1209.70556640625,1181.297607421875,-176.978271484375,-176.978271484375,0.9870172839640651,0.861,,645
ok,,06,transformer.single_transformer_blocks.12,single_transformer_blocks-12,single,12,0,dark_to_bright,dark,bright,a dark mournful string quartet,a bright uplifting string quartet,106,3.0,25,4.5,1.0,44100,25,25,1386.683837890625,1207.377685546875,1324.9852294921875,1315.7928466796875,117.6075439453125,-117.6075439453125,0.6559035616348827,0.861,,645
ok,,06,transformer.single_transformer_blocks.13,single_transformer_blocks-13,single,13,0,bright_to_dark,bright,dark,a bright uplifting string quartet,a dark mournful string quartet,106,3.0,25,4.5,1.0,44100,25,25,1207.377685546875,1386.683837890625,1207.530029296875,1180.0238037109375,-179.15380859375,-179.15380859375,0.9991503707596829,0.853,,645
ok,,06,transformer.single_transformer_blocks.13,single_transformer_blocks-13,single,13,0,dark_to_bright,dark,bright,a dark mournful string quartet,a bright uplifting string quartet,106,3.0,25,4.5,1.0,44100,25,25,1386.683837890625,1207.377685546875,1337.9097900390625,1325.7574462890625,130.5321044921875,-130.5321044921875,0.727984526944412,0.861,,645
ok,,06,transformer.single_transformer_blocks.14,single_transformer_blocks-14,single,14,0,bright_to_dark,bright,dark,a bright uplifting string quartet,a dark mournful string quartet,106,3.0,25,4.5,1.0,44100,25,25,1207.377685546875,1386.683837890625,1227.6119384765625,1204.8992919921875,-159.0718994140625,-159.0718994140625,0.8871524893864424,0.86,,645
ok,,06,transformer.single_transformer_blocks.14,single_transformer_blocks-14,single,14,0,dark_to_bright,dark,bright,a dark mournful string quartet,a bright uplifting string quartet,106,3.0,25,4.5,1.0,44100,25,25,1386.683837890625,1207.377685546875,1347.328369140625,1331.9295654296875,139.95068359375,-139.95068359375,0.7805124462514195,0.862,,645
ok,,06,transformer.single_transformer_blocks.15,single_transformer_blocks-15,single,15,0,bright_to_dark,bright,dark,a bright uplifting string quartet,a dark mournful string quartet,106,3.0,25,4.5,1.0,44100,25,25,1207.377685546875,1386.683837890625,1225.5709228515625,1197.58544921875,-161.1129150390625,-161.1129150390625,0.8985353426701778,0.859,,645
ok,,06,transformer.single_transformer_blocks.15,single_transformer_blocks-15,single,15,0,dark_to_bright,dark,bright,a dark mournful string quartet,a bright uplifting string quartet,106,3.0,25,4.5,1.0,44100,25,25,1386.683837890625,1207.377685546875,1361.336669921875,1346.46875,153.958984375,-153.958984375,0.8586374888009607,0.861,,645
ok,,06,transformer.single_transformer_blocks.16,single_transformer_blocks-16,single,16,0,bright_to_dark,bright,dark,a bright uplifting string quartet,a dark mournful string quartet,106,3.0,25,4.5,1.0,44100,25,25,1207.377685546875,1386.683837890625,1206.3890380859375,1186.4576416015625,-180.2947998046875,-180.2947998046875,1.0055137397574745,0.856,,645
ok,,06,transformer.single_transformer_blocks.16,single_transformer_blocks-16,single,16,0,dark_to_bright,dark,bright,a dark mournful string quartet,a bright uplifting string quartet,106,3.0,25,4.5,1.0,44100,25,25,1386.683837890625,1207.377685546875,1374.763916015625,1358.4326171875,167.38623046875,-167.38623046875,0.9335219582864721,0.863,,645
ok,,06,transformer.single_transformer_blocks.17,single_transformer_blocks-17,single,17,0,bright_to_dark,bright,dark,a bright uplifting string quartet,a dark mournful string quartet,106,3.0,25,4.5,1.0,44100,25,25,1207.377685546875,1386.683837890625,1207.9100341796875,1193.933837890625,-178.7738037109375,-178.7738037109375,0.9970310632075138,0.86,,645
ok,,06,transformer.single_transformer_blocks.17,single_transformer_blocks-17,single,17,0,dark_to_bright,dark,bright,a dark mournful string quartet,a bright uplifting string quartet,106,3.0,25,4.5,1.0,44100,25,25,1386.683837890625,1207.377685546875,1376.231689453125,1357.4232177734375,168.85400390625,-168.85400390625,0.9417078092364501,0.866,,645
ok,,07,transformer.single_transformer_blocks.0,single_transformer_blocks-0,single,0,0,bright_to_dark,bright,dark,a bright glittering harp glissando,a dark resonant harp glissando,107,3.0,25,4.5,1.0,44100,25,25,2389.673828125,1078.0107421875,2375.083984375,2378.574951171875,1297.0732421875,1297.0732421875,0.9888768358990815,0.872,,645
ok,,07,transformer.single_transformer_blocks.0,single_transformer_blocks-0,single,0,0,dark_to_bright,dark,bright,a dark resonant harp glissando,a bright glittering harp glissando,107,3.0,25,4.5,1.0,44100,25,25,1078.0107421875,2389.673828125,1092.7596435546875,1046.2471923828125,-1296.9141845703125,1296.9141845703125,0.9887555718192329,0.863,,645
ok,,07,transformer.single_transformer_blocks.1,single_transformer_blocks-1,single,1,0,bright_to_dark,bright,dark,a bright glittering harp glissando,a dark resonant harp glissando,107,3.0,25,4.5,1.0,44100,25,25,2389.673828125,1078.0107421875,2353.375,2360.24365234375,1275.3642578125,1275.3642578125,0.972326103773016,0.858,,645
ok,,07,transformer.single_transformer_blocks.1,single_transformer_blocks-1,single,1,0,dark_to_bright,dark,bright,a dark resonant harp glissando,a bright glittering harp glissando,107,3.0,25,4.5,1.0,44100,25,25,1078.0107421875,2389.673828125,1090.923828125,1045.1090087890625,-1298.75,1298.75,0.990155180796088,0.856,,645
ok,,07,transformer.single_transformer_blocks.2,single_transformer_blocks-2,single,2,0,bright_to_dark,bright,dark,a bright glittering harp glissando,a dark resonant harp glissando,107,3.0,25,4.5,1.0,44100,25,25,2389.673828125,1078.0107421875,2360.0771484375,2364.56591796875,1282.06640625,1282.06640625,0.9774357607492278,0.856,,645
ok,,07,transformer.single_transformer_blocks.2,single_transformer_blocks-2,single,2,0,dark_to_bright,dark,bright,a dark resonant harp glissando,a bright glittering harp glissando,107,3.0,25,4.5,1.0,44100,25,25,1078.0107421875,2389.673828125,1085.6539306640625,1041.1402587890625,-1304.0198974609375,1304.0198974609375,0.9941729026618908,0.86,,645
ok,,07,transformer.single_transformer_blocks.3,single_transformer_blocks-3,single,3,0,bright_to_dark,bright,dark,a bright glittering harp glissando,a dark resonant harp glissando,107,3.0,25,4.5,1.0,44100,25,25,2389.673828125,1078.0107421875,2381.9013671875,2396.4697265625,1303.890625,1303.890625,0.9940743465141091,0.859,,645
ok,,07,transformer.single_transformer_blocks.3,single_transformer_blocks-3,single,3,0,dark_to_bright,dark,bright,a dark resonant harp glissando,a bright glittering harp glissando,107,3.0,25,4.5,1.0,44100,25,25,1078.0107421875,2389.673828125,1071.179931640625,1028.375,-1318.493896484375,1318.493896484375,1.0052077477975168,0.861,,645
ok,,07,transformer.single_transformer_blocks.4,single_transformer_blocks-4,single,4,0,bright_to_dark,bright,dark,a bright glittering harp glissando,a dark resonant harp glissando,107,3.0,25,4.5,1.0,44100,25,25,2389.673828125,1078.0107421875,2400.080078125,2407.3642578125,1322.0693359375,1322.0693359375,1.0079336302984865,0.854,,645
ok,,07,transformer.single_transformer_blocks.4,single_transformer_blocks-4,single,4,0,dark_to_bright,dark,bright,a dark resonant harp glissando,a bright glittering harp glissando,107,3.0,25,4.5,1.0,44100,25,25,1078.0107421875,2389.673828125,1064.1729736328125,1019.298583984375,-1325.5008544921875,1325.5008544921875,1.0105497888162318,0.862,,645
ok,,07,transformer.single_transformer_blocks.5,single_transformer_blocks-5,single,5,0,bright_to_dark,bright,dark,a bright glittering harp glissando,a dark resonant harp glissando,107,3.0,25,4.5,1.0,44100,25,25,2389.673828125,1078.0107421875,2397.943115234375,2417.634765625,1319.932373046875,1319.932373046875,1.0063044292379888,0.859,,645
ok,,07,transformer.single_transformer_blocks.5,single_transformer_blocks-5,single,5,0,dark_to_bright,dark,bright,a dark resonant harp glissando,a bright glittering harp glissando,107,3.0,25,4.5,1.0,44100,25,25,1078.0107421875,2389.673828125,1059.3223876953125,1011.2369995117188,-1330.3514404296875,1330.3514404296875,1.0142478313924876,0.861,,645
ok,,07,transformer.single_transformer_blocks.6,single_transformer_blocks-6,single,6,0,bright_to_dark,bright,dark,a bright glittering harp glissando,a dark resonant harp glissando,107,3.0,25,4.5,1.0,44100,25,25,2389.673828125,1078.0107421875,2371.35498046875,2373.1953125,1293.34423828125,1293.34423828125,0.9860338772565542,0.86,,645
ok,,07,transformer.single_transformer_blocks.6,single_transformer_blocks-6,single,6,0,dark_to_bright,dark,bright,a dark resonant harp glissando,a bright glittering harp glissando,107,3.0,25,4.5,1.0,44100,25,25,1078.0107421875,2389.673828125,1056.6009521484375,1007.8924560546875,-1333.0728759765625,1333.0728759765625,1.0163226290871485,0.858,,645
ok,,07,transformer.single_transformer_blocks.7,single_transformer_blocks-7,single,7,0,bright_to_dark,bright,dark,a bright glittering harp glissando,a dark resonant harp glissando,107,3.0,25,4.5,1.0,44100,25,25,2389.673828125,1078.0107421875,2379.25146484375,2374.1591796875,1301.24072265625,1301.24072265625,0.9920540850825266,0.858,,645
ok,,07,transformer.single_transformer_blocks.7,single_transformer_blocks-7,single,7,0,dark_to_bright,dark,bright,a dark resonant harp glissando,a bright glittering harp glissando,107,3.0,25,4.5,1.0,44100,25,25,1078.0107421875,2389.673828125,1064.40380859375,1014.8077392578125,-1325.27001953125,1325.27001953125,1.010373802342714,0.861,,645
ok,,07,transformer.single_transformer_blocks.8,single_transformer_blocks-8,single,8,0,bright_to_dark,bright,dark,a bright glittering harp glissando,a dark resonant harp glissando,107,3.0,25,4.5,1.0,44100,25,25,2389.673828125,1078.0107421875,2364.3671875,2339.283203125,1286.3564453125,1286.3564453125,0.98070644748921,0.86,,645
ok,,07,transformer.single_transformer_blocks.8,single_transformer_blocks-8,single,8,0,dark_to_bright,dark,bright,a dark resonant harp glissando,a bright glittering harp glissando,107,3.0,25,4.5,1.0,44100,25,25,1078.0107421875,2389.673828125,1040.58349609375,988.9183959960938,-1349.09033203125,1349.09033203125,1.0285341918172526,0.863,,645
ok,,07,transformer.single_transformer_blocks.9,single_transformer_blocks-9,single,9,0,bright_to_dark,bright,dark,a bright glittering harp glissando,a dark resonant harp glissando,107,3.0,25,4.5,1.0,44100,25,25,2389.673828125,1078.0107421875,2360.702392578125,2338.787109375,1282.691650390625,1282.691650390625,0.9779124411920399,0.855,,645
ok,,07,transformer.single_transformer_blocks.9,single_transformer_blocks-9,single,9,0,dark_to_bright,dark,bright,a dark resonant harp glissando,a bright glittering harp glissando,107,3.0,25,4.5,1.0,44100,25,25,1078.0107421875,2389.673828125,1044.09521484375,993.0695190429688,-1345.57861328125,1345.57861328125,1.0258568894004585,0.861,,645
ok,,07,transformer.single_transformer_blocks.10,single_transformer_blocks-10,single,10,0,bright_to_dark,bright,dark,a bright glittering harp glissando,a dark resonant harp glissando,107,3.0,25,4.5,1.0,44100,25,25,2389.673828125,1078.0107421875,2345.00390625,2328.41552734375,1266.9931640625,1266.9931640625,0.9659440580787004,0.862,,645
ok,,07,transformer.single_transformer_blocks.10,single_transformer_blocks-10,single,10,0,dark_to_bright,dark,bright,a dark resonant harp glissando,a bright glittering harp glissando,107,3.0,25,4.5,1.0,44100,25,25,1078.0107421875,2389.673828125,1050.9722900390625,1000.8427734375,-1338.7015380859375,1338.7015380859375,1.0206138698560019,0.865,,645
ok,,07,transformer.single_transformer_blocks.11,single_transformer_blocks-11,single,11,0,bright_to_dark,bright,dark,a bright glittering harp glissando,a dark resonant harp glissando,107,3.0,25,4.5,1.0,44100,25,25,2389.673828125,1078.0107421875,2354.306396484375,2336.017822265625,1276.295654296875,1276.295654296875,0.9730361919765803,0.865,,645
ok,,07,transformer.single_transformer_blocks.11,single_transformer_blocks-11,single,11,0,dark_to_bright,dark,bright,a dark resonant harp glissando,a bright glittering harp glissando,107,3.0,25,4.5,1.0,44100,25,25,1078.0107421875,2389.673828125,1048.1978759765625,995.1784057617188,-1341.4759521484375,1341.4759521484375,1.0227290578888473,0.862,,645
ok,,07,transformer.single_transformer_blocks.12,single_transformer_blocks-12,single,12,0,bright_to_dark,bright,dark,a bright glittering harp glissando,a dark resonant harp glissando,107,3.0,25,4.5,1.0,44100,25,25,2389.673828125,1078.0107421875,2399.493408203125,2383.38818359375,1321.482666015625,1321.482666015625,1.0074863584890068,0.863,,645
ok,,07,transformer.single_transformer_blocks.12,single_transformer_blocks-12,single,12,0,dark_to_bright,dark,bright,a dark resonant harp glissando,a bright glittering harp glissando,107,3.0,25,4.5,1.0,44100,25,25,1078.0107421875,2389.673828125,1030.2708740234375,975.21142578125,-1359.4029541015625,1359.4029541015625,1.036396441034201,0.862,,645
ok,,07,transformer.single_transformer_blocks.13,single_transformer_blocks-13,single,13,0,bright_to_dark,bright,dark,a bright glittering harp glissando,a dark resonant harp glissando,107,3.0,25,4.5,1.0,44100,25,25,2389.673828125,1078.0107421875,2386.5009765625,2382.453857421875,1308.490234375,1308.490234375,0.9975810468431136,0.858,,645
ok,,07,transformer.single_transformer_blocks.13,single_transformer_blocks-13,single,13,0,dark_to_bright,dark,bright,a dark resonant harp glissando,a bright glittering harp glissando,107,3.0,25,4.5,1.0,44100,25,25,1078.0107421875,2389.673828125,1021.72998046875,970.5931396484375,-1367.94384765625,1367.94384765625,1.0429079405543564,0.867,,645
ok,,07,transformer.single_transformer_blocks.14,single_transformer_blocks-14,single,14,0,bright_to_dark,bright,dark,a bright glittering harp glissando,a dark resonant harp glissando,107,3.0,25,4.5,1.0,44100,25,25,2389.673828125,1078.0107421875,2385.606689453125,2379.05224609375,1307.595947265625,1307.595947265625,0.9968992504893374,0.865,,645
ok,,07,transformer.single_transformer_blocks.14,single_transformer_blocks-14,single,14,0,dark_to_bright,dark,bright,a dark resonant harp glissando,a bright glittering harp glissando,107,3.0,25,4.5,1.0,44100,25,25,1078.0107421875,2389.673828125,1029.3070068359375,975.76025390625,-1360.3668212890625,1360.3668212890625,1.03713128460633,0.864,,645
ok,,07,transformer.single_transformer_blocks.15,single_transformer_blocks-15,single,15,0,bright_to_dark,bright,dark,a bright glittering harp glissando,a dark resonant harp glissando,107,3.0,25,4.5,1.0,44100,25,25,2389.673828125,1078.0107421875,2331.83544921875,2328.71826171875,1253.82470703125,1253.82470703125,0.9559045462769042,0.864,,645
ok,,07,transformer.single_transformer_blocks.15,single_transformer_blocks-15,single,15,0,dark_to_bright,dark,bright,a dark resonant harp glissando,a bright glittering harp glissando,107,3.0,25,4.5,1.0,44100,25,25,1078.0107421875,2389.673828125,1060.0120849609375,1008.6702880859375,-1329.6617431640625,1329.6617431640625,1.0137220124737276,0.866,,645
ok,,07,transformer.single_transformer_blocks.16,single_transformer_blocks-16,single,16,0,bright_to_dark,bright,dark,a bright glittering harp glissando,a dark resonant harp glissando,107,3.0,25,4.5,1.0,44100,25,25,2389.673828125,1078.0107421875,2338.28955078125,2322.8046875,1260.27880859375,1260.27880859375,0.9608250945729532,0.862,,645
ok,,07,transformer.single_transformer_blocks.16,single_transformer_blocks-16,single,16,0,dark_to_bright,dark,bright,a dark resonant harp glissando,a bright glittering harp glissando,107,3.0,25,4.5,1.0,44100,25,25,1078.0107421875,2389.673828125,1073.6463623046875,1021.280029296875,-1316.0274658203125,1316.0274658203125,1.0033273635048539,0.869,,645
ok,,07,transformer.single_transformer_blocks.17,single_transformer_blocks-17,single,17,0,bright_to_dark,bright,dark,a bright glittering harp glissando,a dark resonant harp glissando,107,3.0,25,4.5,1.0,44100,25,25,2389.673828125,1078.0107421875,2480.23779296875,2462.01171875,1402.22705078125,1402.22705078125,1.0690451426244265,0.864,,645
ok,,07,transformer.single_transformer_blocks.17,single_transformer_blocks-17,single,17,0,dark_to_bright,dark,bright,a dark resonant harp glissando,a bright glittering harp glissando,107,3.0,25,4.5,1.0,44100,25,25,1078.0107421875,2389.673828125,1049.0364990234375,994.8361206054688,-1340.6373291015625,1340.6373291015625,1.0220896993097532,0.871,,645
ok,,08,transformer.single_transformer_blocks.0,single_transformer_blocks-0,single,0,0,bright_to_dark,bright,dark,a bright cheerful music box melody,a dark eerie music box melody,108,3.0,25,4.5,1.0,44100,25,25,2107.773193359375,2106.578857421875,2010.2210693359375,1961.6846923828125,-96.3577880859375,-96.3577880859375,-80.67896565821749,1.031,,645
ok,,08,transformer.single_transformer_blocks.0,single_transformer_blocks-0,single,0,0,dark_to_bright,dark,bright,a dark eerie music box melody,a bright cheerful music box melody,108,3.0,25,4.5,1.0,44100,25,25,2106.578857421875,2107.773193359375,2262.1640625,2244.5283203125,154.390869140625,-154.390869140625,-129.2692150449714,0.967,,645
ok,,08,transformer.single_transformer_blocks.1,single_transformer_blocks-1,single,1,0,bright_to_dark,bright,dark,a bright cheerful music box melody,a dark eerie music box melody,108,3.0,25,4.5,1.0,44100,25,25,2107.773193359375,2106.578857421875,2003.3853759765625,1961.7196044921875,-103.1934814453125,-103.1934814453125,-86.40239165985282,0.969,,645
ok,,08,transformer.single_transformer_blocks.1,single_transformer_blocks-1,single,1,0,dark_to_bright,dark,bright,a dark eerie music box melody,a bright cheerful music box melody,108,3.0,25,4.5,1.0,44100,25,25,2106.578857421875,2107.773193359375,2287.302734375,2264.192138671875,179.529541015625,-179.529541015625,-150.31745707277187,0.971,,645
ok,,08,transformer.single_transformer_blocks.2,single_transformer_blocks-2,single,2,0,bright_to_dark,bright,dark,a bright cheerful music box melody,a dark eerie music box melody,108,3.0,25,4.5,1.0,44100,25,25,2107.773193359375,2106.578857421875,1993.9024658203125,1938.458740234375,-112.6763916015625,-112.6763916015625,-94.34229354047424,0.964,,645
ok,,08,transformer.single_transformer_blocks.2,single_transformer_blocks-2,single,2,0,dark_to_bright,dark,bright,a dark eerie music box melody,a bright cheerful music box melody,108,3.0,25,4.5,1.0,44100,25,25,2106.578857421875,2107.773193359375,2296.05810546875,2299.192138671875,188.284912109375,-188.284912109375,-157.64820114472607,0.97,,645
ok,,08,transformer.single_transformer_blocks.3,single_transformer_blocks-3,single,3,0,bright_to_dark,bright,dark,a bright cheerful music box melody,a dark eerie music box melody,108,3.0,25,4.5,1.0,44100,25,25,2107.773193359375,2106.578857421875,2022.421142578125,1973.5367431640625,-84.15771484375,-84.15771484375,-70.46402289452166,0.966,,645
ok,,08,transformer.single_transformer_blocks.3,single_transformer_blocks-3,single,3,0,dark_to_bright,dark,bright,a dark eerie music box melody,a bright cheerful music box melody,108,3.0,25,4.5,1.0,44100,25,25,2106.578857421875,2107.773193359375,2259.305419921875,2264.458251953125,151.5322265625,-151.5322265625,-126.87571545380213,0.97,,645
ok,,08,transformer.single_transformer_blocks.4,single_transformer_blocks-4,single,4,0,bright_to_dark,bright,dark,a bright cheerful music box melody,a dark eerie music box melody,108,3.0,25,4.5,1.0,44100,25,25,2107.773193359375,2106.578857421875,2042.4508056640625,1990.5518798828125,-64.1280517578125,-64.1280517578125,-53.693479149632054,0.963,,645
ok,,08,transformer.single_transformer_blocks.4,single_transformer_blocks-4,single,4,0,dark_to_bright,dark,bright,a dark eerie music box melody,a bright cheerful music box melody,108,3.0,25,4.5,1.0,44100,25,25,2106.578857421875,2107.773193359375,2252.067138671875,2240.240966796875,144.2939453125,-144.2939453125,-120.81520850367947,0.969,,645
ok,,08,transformer.single_transformer_blocks.5,single_transformer_blocks-5,single,5,0,bright_to_dark,bright,dark,a bright cheerful music box melody,a dark eerie music box melody,108,3.0,25,4.5,1.0,44100,25,25,2107.773193359375,2106.578857421875,2050.25146484375,2015.640380859375,-56.327392578125,-56.327392578125,-47.16210139002453,0.96,,645
ok,,08,transformer.single_transformer_blocks.5,single_transformer_blocks-5,single,5,0,dark_to_bright,dark,bright,a dark eerie music box melody,a bright cheerful music box melody,108,3.0,25,4.5,1.0,44100,25,25,2106.578857421875,2107.773193359375,2234.20849609375,2250.277099609375,126.435302734375,-126.435302734375,-105.86242845461979,0.967,,645
ok,,08,transformer.single_transformer_blocks.6,single_transformer_blocks-6,single,6,0,bright_to_dark,bright,dark,a bright cheerful music box melody,a dark eerie music box melody,108,3.0,25,4.5,1.0,44100,25,25,2107.773193359375,2106.578857421875,2039.544189453125,1978.99365234375,-67.03466796875,-67.03466796875,-56.127146361406375,0.96,,645
ok,,08,transformer.single_transformer_blocks.6,single_transformer_blocks-6,single,6,0,dark_to_bright,dark,bright,a dark eerie music box melody,a bright cheerful music box melody,108,3.0,25,4.5,1.0,44100,25,25,2106.578857421875,2107.773193359375,2251.619140625,2244.1005859375,143.845947265625,-143.845947265625,-120.44010629599346,0.96,,645
ok,,08,transformer.single_transformer_blocks.7,single_transformer_blocks-7,single,7,0,bright_to_dark,bright,dark,a bright cheerful music box melody,a dark eerie music box melody,108,3.0,25,4.5,1.0,44100,25,25,2107.773193359375,2106.578857421875,2042.8682861328125,1991.4368896484375,-63.7105712890625,-63.7105712890625,-53.34392886345053,0.962,,645
ok,,08,transformer.single_transformer_blocks.7,single_transformer_blocks-7,single,7,0,dark_to_bright,dark,bright,a dark eerie music box melody,a bright cheerful music box melody,108,3.0,25,4.5,1.0,44100,25,25,2106.578857421875,2107.773193359375,2214.97705078125,2223.0380859375,107.203857421875,-107.203857421875,-89.7602207686018,0.961,,645
ok,,08,transformer.single_transformer_blocks.8,single_transformer_blocks-8,single,8,0,bright_to_dark,bright,dark,a bright cheerful music box melody,a dark eerie music box melody,108,3.0,25,4.5,1.0,44100,25,25,2107.773193359375,2106.578857421875,2072.6748046875,2015.666748046875,-33.904052734375,-33.904052734375,-28.387367130008176,0.965,,645
ok,,08,transformer.single_transformer_blocks.8,single_transformer_blocks-8,single,8,0,dark_to_bright,dark,bright,a dark eerie music box melody,a bright cheerful music box melody,108,3.0,25,4.5,1.0,44100,25,25,2106.578857421875,2107.773193359375,2173.021728515625,2145.7333984375,65.24853515625,-65.24853515625,-54.63164349959117,0.972,,645
ok,,08,transformer.single_transformer_blocks.9,single_transformer_blocks-9,single,9,0,bright_to_dark,bright,dark,a bright cheerful music box melody,a dark eerie music box melody,108,3.0,25,4.5,1.0,44100,25,25,2107.773193359375,2106.578857421875,2076.293701171875,2012.7420654296875,-30.28515625,-30.28515625,-25.35731807031889,0.959,,645
ok,,08,transformer.single_transformer_blocks.9,single_transformer_blocks-9,single,9,0,dark_to_bright,dark,bright,a dark eerie music box melody,a bright cheerful music box melody,108,3.0,25,4.5,1.0,44100,25,25,2106.578857421875,2107.773193359375,2144.170654296875,2104.978759765625,36.3974609375,-36.3974609375,-30.475061324611612,0.96,,645
ok,,08,transformer.single_transformer_blocks.10,single_transformer_blocks-10,single,10,0,bright_to_dark,bright,dark,a bright cheerful music box melody,a dark eerie music box melody,108,3.0,25,4.5,1.0,44100,25,25,2107.773193359375,2106.578857421875,2055.233642578125,1990.83837890625,-51.34521484375,-51.34521484375,-42.990596892886344,0.968,,645
ok,,08,transformer.single_transformer_blocks.10,single_transformer_blocks-10,single,10,0,dark_to_bright,dark,bright,a dark eerie music box melody,a bright cheerful music box melody,108,3.0,25,4.5,1.0,44100,25,25,2106.578857421875,2107.773193359375,2153.2705078125,2119.104736328125,45.497314453125,-45.497314453125,-38.09423548650859,0.968,,645
ok,,08,transformer.single_transformer_blocks.11,single_transformer_blocks-11,single,11,0,bright_to_dark,bright,dark,a bright cheerful music box melody,a dark eerie music box melody,108,3.0,25,4.5,1.0,44100,25,25,2107.773193359375,2106.578857421875,2062.072998046875,1980.03173828125,-44.505859375,-44.505859375,-37.26410466067048,0.969,,645
ok,,08,transformer.single_transformer_blocks.11,single_transformer_blocks-11,single,11,0,dark_to_bright,dark,bright,a dark eerie music box melody,a bright cheerful music box melody,108,3.0,25,4.5,1.0,44100,25,25,2106.578857421875,2107.773193359375,2125.886962890625,2077.23974609375,18.11376953125,-18.11376953125,-15.166394112837285,0.97,,645
ok,,08,transformer.single_transformer_blocks.12,single_transformer_blocks-12,single,12,0,bright_to_dark,bright,dark,a bright cheerful music box melody,a dark eerie music box melody,108,3.0,25,4.5,1.0,44100,25,25,2107.773193359375,2106.578857421875,2097.237548828125,2030.364990234375,-9.34130859375,-9.34130859375,-7.821340964840556,0.972,,645
ok,,08,transformer.single_transformer_blocks.12,single_transformer_blocks-12,single,12,0,dark_to_bright,dark,bright,a dark eerie music box melody,a bright cheerful music box melody,108,3.0,25,4.5,1.0,44100,25,25,2106.578857421875,2107.773193359375,2079.498291015625,2030.6610107421875,-28.27490234375,28.27490234375,23.674161896974653,0.974,,645
ok,,08,transformer.single_transformer_blocks.13,single_transformer_blocks-13,single,13,0,bright_to_dark,bright,dark,a bright cheerful music box melody,a dark eerie music box melody,108,3.0,25,4.5,1.0,44100,25,25,2107.773193359375,2106.578857421875,2089.252197265625,2007.36865234375,-17.32666015625,-17.32666015625,-14.507358953393295,0.962,,645
ok,,08,transformer.single_transformer_blocks.13,single_transformer_blocks-13,single,13,0,dark_to_bright,dark,bright,a dark eerie music box melody,a bright cheerful music box melody,108,3.0,25,4.5,1.0,44100,25,25,2106.578857421875,2107.773193359375,2060.709228515625,2012.5482177734375,-47.06396484375,47.06396484375,39.40596892886345,0.968,,645
ok,,08,transformer.single_transformer_blocks.14,single_transformer_blocks-14,single,14,0,bright_to_dark,bright,dark,a bright cheerful music box melody,a dark eerie music box melody,108,3.0,25,4.5,1.0,44100,25,25,2107.773193359375,2106.578857421875,2089.019287109375,2002.814208984375,-17.5595703125,-17.5595703125,-14.702371218315617,0.972,,645
ok,,08,transformer.single_transformer_blocks.14,single_transformer_blocks-14,single,14,0,dark_to_bright,dark,bright,a dark eerie music box melody,a bright cheerful music box melody,108,3.0,25,4.5,1.0,44100,25,25,2106.578857421875,2107.773193359375,2043.6607666015625,1980.8585205078125,-64.1124267578125,64.1124267578125,53.68039656582175,0.982,,645
ok,,08,transformer.single_transformer_blocks.15,single_transformer_blocks-15,single,15,0,bright_to_dark,bright,dark,a bright cheerful music box melody,a dark eerie music box melody,108,3.0,25,4.5,1.0,44100,25,25,2107.773193359375,2106.578857421875,2078.663330078125,1999.785400390625,-27.91552734375,-27.91552734375,-23.373262469337693,0.978,,645
ok,,08,transformer.single_transformer_blocks.15,single_transformer_blocks-15,single,15,0,dark_to_bright,dark,bright,a dark eerie music box melody,a bright cheerful music box melody,108,3.0,25,4.5,1.0,44100,25,25,2106.578857421875,2107.773193359375,2049.34619140625,1965.431396484375,-58.427001953125,58.427001953125,48.920073589533935,0.962,,645
ok,,08,transformer.single_transformer_blocks.16,single_transformer_blocks-16,single,16,0,bright_to_dark,bright,dark,a bright cheerful music box melody,a dark eerie music box melody,108,3.0,25,4.5,1.0,44100,25,25,2107.773193359375,2106.578857421875,2073.42822265625,2010.753662109375,-33.150634765625,-33.150634765625,-27.75654129190515,0.956,,645
ok,,08,transformer.single_transformer_blocks.16,single_transformer_blocks-16,single,16,0,dark_to_bright,dark,bright,a dark eerie music box melody,a bright cheerful music box melody,108,3.0,25,4.5,1.0,44100,25,25,2106.578857421875,2107.773193359375,2087.8408203125,2029.6285400390625,-19.932373046875,19.932373046875,16.689084219133278,0.964,,645
ok,,08,transformer.single_transformer_blocks.17,single_transformer_blocks-17,single,17,0,bright_to_dark,bright,dark,a bright cheerful music box melody,a dark eerie music box melody,108,3.0,25,4.5,1.0,44100,25,25,2107.773193359375,2106.578857421875,2166.784423828125,2107.80224609375,60.20556640625,60.20556640625,50.40923957481603,0.958,,645
ok,,08,transformer.single_transformer_blocks.17,single_transformer_blocks-17,single,17,0,dark_to_bright,dark,bright,a dark eerie music box melody,a bright cheerful music box melody,108,3.0,25,4.5,1.0,44100,25,25,2106.578857421875,2107.773193359375,2030.4722900390625,1998.3343505859375,-77.3009033203125,77.3009033203125,64.72291496320523,0.965,,645
ok,,09,transformer.single_transformer_blocks.0,single_transformer_blocks-0,single,0,0,bright_to_dark,bright,dark,a bright punchy electric guitar riff,a dark heavy electric guitar riff,109,3.0,25,4.5,1.0,44100,25,25,1497.996826171875,1278.8392333984375,1469.71240234375,1395.376220703125,190.8731689453125,190.8731689453125,0.8709402513954189,0.859,,645
ok,,09,transformer.single_transformer_blocks.0,single_transformer_blocks-0,single,0,0,dark_to_bright,dark,bright,a dark heavy electric guitar riff,a bright punchy electric guitar riff,109,3.0,25,4.5,1.0,44100,25,25,1278.8392333984375,1497.996826171875,1438.800048828125,1309.1727294921875,-59.19677734375,59.19677734375,0.27011054736737744,0.853,,645
ok,,09,transformer.single_transformer_blocks.1,single_transformer_blocks-1,single,1,0,bright_to_dark,bright,dark,a bright punchy electric guitar riff,a dark heavy electric guitar riff,109,3.0,25,4.5,1.0,44100,25,25,1497.996826171875,1278.8392333984375,1450.066650390625,1375.68603515625,171.2274169921875,171.2274169921875,0.7812981280972563,0.848,,645
ok,,09,transformer.single_transformer_blocks.1,single_transformer_blocks-1,single,1,0,dark_to_bright,dark,bright,a dark heavy electric guitar riff,a bright punchy electric guitar riff,109,3.0,25,4.5,1.0,44100,25,25,1278.8392333984375,1497.996826171875,1454.1236572265625,1320.1646728515625,-43.8731689453125,43.8731689453125,0.20019004767344775,0.849,,645
ok,,09,transformer.single_transformer_blocks.2,single_transformer_blocks-2,single,2,0,bright_to_dark,bright,dark,a bright punchy electric guitar riff,a dark heavy electric guitar riff,109,3.0,25,4.5,1.0,44100,25,25,1497.996826171875,1278.8392333984375,1452.5631103515625,1375.8182373046875,173.723876953125,173.723876953125,0.7926892915488384,0.848,,645
ok,,09,transformer.single_transformer_blocks.2,single_transformer_blocks-2,single,2,0,dark_to_bright,dark,bright,a dark heavy electric guitar riff,a bright punchy electric guitar riff,109,3.0,25,4.5,1.0,44100,25,25,1278.8392333984375,1497.996826171875,1453.04248046875,1320.75341796875,-44.954345703125,44.954345703125,0.20512337781332662,0.849,,645
ok,,09,transformer.single_transformer_blocks.3,single_transformer_blocks-3,single,3,0,bright_to_dark,bright,dark,a bright punchy electric guitar riff,a dark heavy electric guitar riff,109,3.0,25,4.5,1.0,44100,25,25,1497.996826171875,1278.8392333984375,1453.9769287109375,1381.0465087890625,175.1376953125,175.1376953125,0.7991404408860945,0.849,,645
ok,,09,transformer.single_transformer_blocks.3,single_transformer_blocks-3,single,3,0,dark_to_bright,dark,bright,a dark heavy electric guitar riff,a bright punchy electric guitar riff,109,3.0,25,4.5,1.0,44100,25,25,1278.8392333984375,1497.996826171875,1454.2247314453125,1316.69287109375,-43.7720947265625,43.7720947265625,0.1997288534365933,0.848,,645
ok,,09,transformer.single_transformer_blocks.4,single_transformer_blocks-4,single,4,0,bright_to_dark,bright,dark,a bright punchy electric guitar riff,a dark heavy electric guitar riff,109,3.0,25,4.5,1.0,44100,25,25,1497.996826171875,1278.8392333984375,1450.7645263671875,1379.1856689453125,171.92529296875,171.92529296875,0.7844824849234602,0.846,,645
ok,,09,transformer.single_transformer_blocks.4,single_transformer_blocks-4,single,4,0,dark_to_bright,dark,bright,a dark heavy electric guitar riff,a bright punchy electric guitar riff,109,3.0,25,4.5,1.0,44100,25,25,1278.8392333984375,1497.996826171875,1448.2010498046875,1321.3160400390625,-49.7957763671875,49.7957763671875,0.22721447035907982,0.85,,645
ok,,09,transformer.single_transformer_blocks.5,single_transformer_blocks-5,single,5,0,bright_to_dark,bright,dark,a bright punchy electric guitar riff,a dark heavy electric guitar riff,109,3.0,25,4.5,1.0,44100,25,25,1497.996826171875,1278.8392333984375,1449.975341796875,1372.0390625,171.1361083984375,171.1361083984375,0.7808814936900497,0.85,,645
ok,,09,transformer.single_transformer_blocks.5,single_transformer_blocks-5,single,5,0,dark_to_bright,dark,bright,a dark heavy electric guitar riff,a bright punchy electric guitar riff,109,3.0,25,4.5,1.0,44100,25,25,1278.8392333984375,1497.996826171875,1448.7154541015625,1322.390625,-49.2813720703125,49.2813720703125,0.22486728133238346,0.851,,645
ok,,09,transformer.single_transformer_blocks.6,single_transformer_blocks-6,single,6,0,bright_to_dark,bright,dark,a bright punchy electric guitar riff,a dark heavy electric guitar riff,109,3.0,25,4.5,1.0,44100,25,25,1497.996826171875,1278.8392333984375,1436.8480224609375,1371.4195556640625,158.0087890625,158.0087890625,0.7209824996839037,0.848,,645
ok,,09,transformer.single_transformer_blocks.6,single_transformer_blocks-6,single,6,0,dark_to_bright,dark,bright,a dark heavy electric guitar riff,a bright punchy electric guitar riff,109,3.0,25,4.5,1.0,44100,25,25,1278.8392333984375,1497.996826171875,1457.0982666015625,1326.4476318359375,-40.8985595703125,40.8985595703125,0.18661712356273663,0.849,,645
ok,,09,transformer.single_transformer_blocks.7,single_transformer_blocks-7,single,7,0,bright_to_dark,bright,dark,a bright punchy electric guitar riff,a dark heavy electric guitar riff,109,3.0,25,4.5,1.0,44100,25,25,1497.996826171875,1278.8392333984375,1454.825927734375,1382.4771728515625,175.9866943359375,175.9866943359375,0.8030143610760976,0.844,,645
ok,,09,transformer.single_transformer_blocks.7,single_transformer_blocks-7,single,7,0,dark_to_bright,dark,bright,a dark heavy electric guitar riff,a bright punchy electric guitar riff,109,3.0,25,4.5,1.0,44100,25,25,1278.8392333984375,1497.996826171875,1435.413330078125,1305.56005859375,-62.58349609375,62.58349609375,0.28556389628922446,0.853,,645
ok,,09,transformer.single_transformer_blocks.8,single_transformer_blocks-8,single,8,0,bright_to_dark,bright,dark,a bright punchy electric guitar riff,a dark heavy electric guitar riff,109,3.0,25,4.5,1.0,44100,25,25,1497.996826171875,1278.8392333984375,1456.717041015625,1369.3858642578125,177.8778076171875,177.8778076171875,0.8116433720873885,0.85,,645
ok,,09,transformer.single_transformer_blocks.8,single_transformer_blocks-8,single,8,0,dark_to_bright,dark,bright,a dark heavy electric guitar riff,a bright punchy electric guitar riff,109,3.0,25,4.5,1.0,44100,25,25,1278.8392333984375,1497.996826171875,1432.3323974609375,1301.7474365234375,-65.6644287109375,65.6644287109375,0.29962196554522574,0.853,,645
ok,,09,transformer.single_transformer_blocks.9,single_transformer_blocks-9,single,9,0,bright_to_dark,bright,dark,a bright punchy electric guitar riff,a dark heavy electric guitar riff,109,3.0,25,4.5,1.0,44100,25,25,1497.996826171875,1278.8392333984375,1450.697998046875,1359.4688720703125,171.8587646484375,171.8587646484375,0.7841789210839847,0.85,,645
ok,,09,transformer.single_transformer_blocks.9,single_transformer_blocks-9,single,9,0,dark_to_bright,dark,bright,a dark heavy electric guitar riff,a bright punchy electric guitar riff,109,3.0,25,4.5,1.0,44100,25,25,1278.8392333984375,1497.996826171875,1446.4044189453125,1316.962158203125,-51.5924072265625,51.5924072265625,0.23541236501852852,0.85,,645
ok,,09,transformer.single_transformer_blocks.10,single_transformer_blocks-10,single,10,0,bright_to_dark,bright,dark,a bright punchy electric guitar riff,a dark heavy electric guitar riff,109,3.0,25,4.5,1.0,44100,25,25,1497.996826171875,1278.8392333984375,1458.6029052734375,1360.9664306640625,179.763671875,179.763671875,0.8202484321902437,0.853,,645
ok,,09,transformer.single_transformer_blocks.10,single_transformer_blocks-10,single,10,0,dark_to_bright,dark,bright,a dark heavy electric guitar riff,a bright punchy electric guitar riff,109,3.0,25,4.5,1.0,44100,25,25,1278.8392333984375,1497.996826171875,1433.5958251953125,1308.708984375,-64.4010009765625,64.4010009765625,0.2938570375845453,0.852,,645
ok,,09,transformer.single_transformer_blocks.11,single_transformer_blocks-11,single,11,0,bright_to_dark,bright,dark,a bright punchy electric guitar riff,a dark heavy electric guitar riff,109,3.0,25,4.5,1.0,44100,25,25,1497.996826171875,1278.8392333984375,1468.65380859375,1380.3243408203125,189.8145751953125,189.8145751953125,0.8661099658616005,0.852,,645
ok,,09,transformer.single_transformer_blocks.11,single_transformer_blocks-11,single,11,0,dark_to_bright,dark,bright,a dark heavy electric guitar riff,a bright punchy electric guitar riff,109,3.0,25,4.5,1.0,44100,25,25,1278.8392333984375,1497.996826171875,1429.9669189453125,1308.774658203125,-68.0299072265625,68.0299072265625,0.3104154702816571,0.851,,645
ok,,09,transformer.single_transformer_blocks.12,single_transformer_blocks-12,single,12,0,bright_to_dark,bright,dark,a bright punchy electric guitar riff,a dark heavy electric guitar riff,109,3.0,25,4.5,1.0,44100,25,25,1497.996826171875,1278.8392333984375,1508.99658203125,1417.389404296875,230.1573486328125,230.1573486328125,1.0501910781195083,0.854,,645
ok,,09,transformer.single_transformer_blocks.12,single_transformer_blocks-12,single,12,0,dark_to_bright,dark,bright,a dark heavy electric guitar riff,a bright punchy electric guitar riff,109,3.0,25,4.5,1.0,44100,25,25,1278.8392333984375,1497.996826171875,1407.498779296875,1289.7764892578125,-90.498046875,90.498046875,0.41293594134589623,0.854,,645
ok,,09,transformer.single_transformer_blocks.13,single_transformer_blocks-13,single,13,0,bright_to_dark,bright,dark,a bright punchy electric guitar riff,a dark heavy electric guitar riff,109,3.0,25,4.5,1.0,44100,25,25,1497.996826171875,1278.8392333984375,1493.5106201171875,1400.9495849609375,214.67138671875,214.67138671875,0.9795297712576845,0.848,,645
ok,,09,transformer.single_transformer_blocks.13,single_transformer_blocks-13,single,13,0,dark_to_bright,dark,bright,a dark heavy electric guitar riff,a bright punchy electric guitar riff,109,3.0,25,4.5,1.0,44100,25,25,1278.8392333984375,1497.996826171875,1432.0205078125,1311.8203125,-65.976318359375,65.976318359375,0.3010450951046014,0.854,,645
ok,,09,transformer.single_transformer_blocks.14,single_transformer_blocks-14,single,14,0,bright_to_dark,bright,dark,a bright punchy electric guitar riff,a dark heavy electric guitar riff,109,3.0,25,4.5,1.0,44100,25,25,1497.996826171875,1278.8392333984375,1500.589599609375,1409.893798828125,221.7503662109375,221.7503662109375,1.0118306347714832,0.854,,645
ok,,09,transformer.single_transformer_blocks.14,single_transformer_blocks-14,single,14,0,dark_to_bright,dark,bright,a dark heavy electric guitar riff,a bright punchy electric guitar riff,109,3.0,25,4.5,1.0,44100,25,25,1278.8392333984375,1497.996826171875,1425.795654296875,1305.2265625,-72.201171875,72.201171875,0.329448644517832,0.855,,645
ok,,09,transformer.single_transformer_blocks.15,single_transformer_blocks-15,single,15,0,bright_to_dark,bright,dark,a bright punchy electric guitar riff,a dark heavy electric guitar riff,109,3.0,25,4.5,1.0,44100,25,25,1497.996826171875,1278.8392333984375,1466.8624267578125,1377.1021728515625,188.023193359375,188.023193359375,0.8579360221105875,0.856,,645
ok,,09,transformer.single_transformer_blocks.15,single_transformer_blocks-15,single,15,0,dark_to_bright,dark,bright,a dark heavy electric guitar riff,a bright punchy electric guitar riff,109,3.0,25,4.5,1.0,44100,25,25,1278.8392333984375,1497.996826171875,1422.10302734375,1305.6505126953125,-75.893798828125,75.893798828125,0.3462978301033955,0.855,,645
ok,,09,transformer.single_transformer_blocks.16,single_transformer_blocks-16,single,16,0,bright_to_dark,bright,dark,a bright punchy electric guitar riff,a dark heavy electric guitar riff,109,3.0,25,4.5,1.0,44100,25,25,1497.996826171875,1278.8392333984375,1438.536865234375,1353.1513671875,159.6976318359375,159.6976318359375,0.7286885652236151,0.851,,645
ok,,09,transformer.single_transformer_blocks.16,single_transformer_blocks-16,single,16,0,dark_to_bright,dark,bright,a dark heavy electric guitar riff,a bright punchy electric guitar riff,109,3.0,25,4.5,1.0,44100,25,25,1278.8392333984375,1497.996826171875,1433.2723388671875,1315.1597900390625,-64.7244873046875,64.7244873046875,0.2953330819416277,0.854,,645
ok,,09,transformer.single_transformer_blocks.17,single_transformer_blocks-17,single,17,0,bright_to_dark,bright,dark,a bright punchy electric guitar riff,a dark heavy electric guitar riff,109,3.0,25,4.5,1.0,44100,25,25,1497.996826171875,1278.8392333984375,1506.290771484375,1425.8590087890625,227.4515380859375,227.4515380859375,1.0378446633198521,0.861,,645
ok,,09,transformer.single_transformer_blocks.17,single_transformer_blocks-17,single,17,0,dark_to_bright,dark,bright,a dark heavy electric guitar riff,a bright punchy electric guitar riff,109,3.0,25,4.5,1.0,44100,25,25,1278.8392333984375,1497.996826171875,1284.045166015625,1169.906982421875,-213.95166015625,213.95166015625,0.9762457118126437,0.873,,645
ok,,10,transformer.single_transformer_blocks.0,single_transformer_blocks-0,single,0,0,bright_to_dark,bright,dark,a bright energetic synth lead,a dark gloomy synth lead,110,3.0,25,4.5,1.0,44100,25,25,1814.2838134765625,663.26611328125,1732.4014892578125,1748.0146484375,1069.1353759765625,1069.1353759765625,0.928860933932766,0.87,,645
ok,,10,transformer.single_transformer_blocks.0,single_transformer_blocks-0,single,0,0,dark_to_bright,dark,bright,a dark gloomy synth lead,a bright energetic synth lead,110,3.0,25,4.5,1.0,44100,25,25,663.26611328125,1814.2838134765625,735.68115234375,725.6478271484375,-1078.6026611328125,1078.6026611328125,0.937086076912447,0.855,,645
ok,,10,transformer.single_transformer_blocks.1,single_transformer_blocks-1,single,1,0,bright_to_dark,bright,dark,a bright energetic synth lead,a dark gloomy synth lead,110,3.0,25,4.5,1.0,44100,25,25,1814.2838134765625,663.26611328125,1691.660888671875,1715.0025634765625,1028.394775390625,1028.394775390625,0.8934656480227193,0.855,,645
ok,,10,transformer.single_transformer_blocks.1,single_transformer_blocks-1,single,1,0,dark_to_bright,dark,bright,a dark gloomy synth lead,a bright energetic synth lead,110,3.0,25,4.5,1.0,44100,25,25,663.26611328125,1814.2838134765625,743.9171752929688,727.2510375976562,-1070.3666381835938,1070.3666381835938,0.929930650069036,0.855,,645
ok,,10,transformer.single_transformer_blocks.2,single_transformer_blocks-2,single,2,0,bright_to_dark,bright,dark,a bright energetic synth lead,a dark gloomy synth lead,110,3.0,25,4.5,1.0,44100,25,25,1814.2838134765625,663.26611328125,1698.281982421875,1704.77880859375,1035.015869140625,1035.015869140625,0.899218030239671,0.853,,645
ok,,10,transformer.single_transformer_blocks.2,single_transformer_blocks-2,single,2,0,dark_to_bright,dark,bright,a dark gloomy synth lead,a bright energetic synth lead,110,3.0,25,4.5,1.0,44100,25,25,663.26611328125,1814.2838134765625,741.7634887695312,726.305419921875,-1072.5203247070312,1072.5203247070312,0.9318017651032114,0.855,,645
ok,,10,transformer.single_transformer_blocks.3,single_transformer_blocks-3,single,3,0,bright_to_dark,bright,dark,a bright energetic synth lead,a dark gloomy synth lead,110,3.0,25,4.5,1.0,44100,25,25,1814.2838134765625,663.26611328125,1684.724609375,1692.8726806640625,1021.45849609375,1021.45849609375,0.8874394337466939,0.853,,645
ok,,10,transformer.single_transformer_blocks.3,single_transformer_blocks-3,single,3,0,dark_to_bright,dark,bright,a dark gloomy synth lead,a bright energetic synth lead,110,3.0,25,4.5,1.0,44100,25,25,663.26611328125,1814.2838134765625,749.7653198242188,719.4537963867188,-1064.5184936523438,1064.5184936523438,0.9248498033277065,0.855,,645
ok,,10,transformer.single_transformer_blocks.4,single_transformer_blocks-4,single,4,0,bright_to_dark,bright,dark,a bright energetic synth lead,a dark gloomy synth lead,110,3.0,25,4.5,1.0,44100,25,25,1814.2838134765625,663.26611328125,1682.134521484375,1684.517578125,1018.868408203125,1018.868408203125,0.8851891747887426,0.85,,645
ok,,10,transformer.single_transformer_blocks.4,single_transformer_blocks-4,single,4,0,dark_to_bright,dark,bright,a dark gloomy synth lead,a bright energetic synth lead,110,3.0,25,4.5,1.0,44100,25,25,663.26611328125,1814.2838134765625,762.9234619140625,723.541748046875,-1051.3603515625,1051.3603515625,0.9134180572410816,0.857,,645
ok,,10,transformer.single_transformer_blocks.5,single_transformer_blocks-5,single,5,0,bright_to_dark,bright,dark,a bright energetic synth lead,a dark gloomy synth lead,110,3.0,25,4.5,1.0,44100,25,25,1814.2838134765625,663.26611328125,1674.1358642578125,1680.8056640625,1010.8697509765625,1010.8697509765625,0.8782399704235924,0.854,,645
ok,,10,transformer.single_transformer_blocks.5,single_transformer_blocks-5,single,5,0,dark_to_bright,dark,bright,a dark gloomy synth lead,a bright energetic synth lead,110,3.0,25,4.5,1.0,44100,25,25,663.26611328125,1814.2838134765625,762.9921875,720.061767578125,-1051.2916259765625,1051.2916259765625,0.9133583487014771,0.856,,645
ok,,10,transformer.single_transformer_blocks.6,single_transformer_blocks-6,single,6,0,bright_to_dark,bright,dark,a bright energetic synth lead,a dark gloomy synth lead,110,3.0,25,4.5,1.0,44100,25,25,1814.2838134765625,663.26611328125,1611.3511962890625,1623.378662109375,948.0850830078125,948.0850830078125,0.8236928787862559,0.854,,645
ok,,10,transformer.single_transformer_blocks.6,single_transformer_blocks-6,single,6,0,dark_to_bright,dark,bright,a dark gloomy synth lead,a bright energetic synth lead,110,3.0,25,4.5,1.0,44100,25,25,663.26611328125,1814.2838134765625,759.9146118164062,713.8636474609375,-1054.3692016601562,1054.3692016601562,0.916032135284491,0.857,,645
ok,,10,transformer.single_transformer_blocks.7,single_transformer_blocks-7,single,7,0,bright_to_dark,bright,dark,a bright energetic synth lead,a dark gloomy synth lead,110,3.0,25,4.5,1.0,44100,25,25,1814.2838134765625,663.26611328125,1581.250732421875,1595.9500732421875,917.984619140625,917.984619140625,0.7975417050362085,0.853,,645
ok,,10,transformer.single_transformer_blocks.7,single_transformer_blocks-7,single,7,0,dark_to_bright,dark,bright,a dark gloomy synth lead,a bright energetic synth lead,110,3.0,25,4.5,1.0,44100,25,25,663.26611328125,1814.2838134765625,738.2074584960938,690.827880859375,-1076.0763549804688,1076.0763549804688,0.9348912312972014,0.859,,645
ok,,10,transformer.single_transformer_blocks.8,single_transformer_blocks-8,single,8,0,bright_to_dark,bright,dark,a bright energetic synth lead,a dark gloomy synth lead,110,3.0,25,4.5,1.0,44100,25,25,1814.2838134765625,663.26611328125,1548.1173095703125,1561.6260986328125,884.8511962890625,884.8511962890625,0.7687555075294802,0.855,,645
ok,,10,transformer.single_transformer_blocks.8,single_transformer_blocks-8,single,8,0,dark_to_bright,dark,bright,a dark gloomy synth lead,a bright energetic synth lead,110,3.0,25,4.5,1.0,44100,25,25,663.26611328125,1814.2838134765625,718.3685302734375,669.6220703125,-1095.915283203125,1095.915283203125,0.9521272201262958,0.859,,645
ok,,10,transformer.single_transformer_blocks.9,single_transformer_blocks-9,single,9,0,bright_to_dark,bright,dark,a bright energetic synth lead,a dark gloomy synth lead,110,3.0,25,4.5,1.0,44100,25,25,1814.2838134765625,663.26611328125,1583.193115234375,1602.202392578125,919.927001953125,919.927001953125,0.7992292401733053,0.853,,645
ok,,10,transformer.single_transformer_blocks.9,single_transformer_blocks-9,single,9,0,dark_to_bright,dark,bright,a dark gloomy synth lead,a bright energetic synth lead,110,3.0,25,4.5,1.0,44100,25,25,663.26611328125,1814.2838134765625,719.5772705078125,671.175048828125,-1094.70654296875,1094.70654296875,0.95107707099812,0.855,,645
ok,,10,transformer.single_transformer_blocks.10,single_transformer_blocks-10,single,10,0,bright_to_dark,bright,dark,a bright energetic synth lead,a dark gloomy synth lead,110,3.0,25,4.5,1.0,44100,25,25,1814.2838134765625,663.26611328125,1580.721435546875,1595.037353515625,917.455322265625,917.455322265625,0.7970818538324345,0.858,,645
ok,,10,transformer.single_transformer_blocks.10,single_transformer_blocks-10,single,10,0,dark_to_bright,dark,bright,a dark gloomy synth lead,a bright energetic synth lead,110,3.0,25,4.5,1.0,44100,25,25,663.26611328125,1814.2838134765625,714.4580688476562,664.2982177734375,-1099.8257446289062,1099.8257446289062,0.9555246148189384,0.859,,645
ok,,10,transformer.single_transformer_blocks.11,single_transformer_blocks-11,single,11,0,bright_to_dark,bright,dark,a bright energetic synth lead,a dark gloomy synth lead,110,3.0,25,4.5,1.0,44100,25,25,1814.2838134765625,663.26611328125,1660.7535400390625,1691.8043212890625,997.4874267578125,997.4874267578125,0.8666134557171032,0.858,,645
ok,,10,transformer.single_transformer_blocks.11,single_transformer_blocks-11,single,11,0,dark_to_bright,dark,bright,a dark gloomy synth lead,a bright energetic synth lead,110,3.0,25,4.5,1.0,44100,25,25,663.26611328125,1814.2838134765625,717.8858642578125,669.0088500976562,-1096.39794921875,1096.39794921875,0.9525465586087041,0.858,,645
ok,,10,transformer.single_transformer_blocks.12,single_transformer_blocks-12,single,12,0,bright_to_dark,bright,dark,a bright energetic synth lead,a dark gloomy synth lead,110,3.0,25,4.5,1.0,44100,25,25,1814.2838134765625,663.26611328125,1533.3839111328125,1556.4525146484375,870.1177978515625,870.1177978515625,0.75595518444583,0.861,,645
ok,,10,transformer.single_transformer_blocks.12,single_transformer_blocks-12,single,12,0,dark_to_bright,dark,bright,a dark gloomy synth lead,a bright energetic synth lead,110,3.0,25,4.5,1.0,44100,25,25,663.26611328125,1814.2838134765625,700.0348510742188,650.5987548828125,-1114.2489624023438,1114.2489624023438,0.9680554540675356,0.859,,645
ok,,10,transformer.single_transformer_blocks.13,single_transformer_blocks-13,single,13,0,bright_to_dark,bright,dark,a bright energetic synth lead,a dark gloomy synth lead,110,3.0,25,4.5,1.0,44100,25,25,1814.2838134765625,663.26611328125,1555.1435546875,1570.37158203125,891.87744140625,891.87744140625,0.7748598837836379,0.854,,645
ok,,10,transformer.single_transformer_blocks.13,single_transformer_blocks-13,single,13,0,dark_to_bright,dark,bright,a dark gloomy synth lead,a bright energetic synth lead,110,3.0,25,4.5,1.0,44100,25,25,663.26611328125,1814.2838134765625,694.0003662109375,644.6182250976562,-1120.283447265625,1120.283447265625,0.9732981926129612,0.862,,645
ok,,10,transformer.single_transformer_blocks.14,single_transformer_blocks-14,single,14,0,bright_to_dark,bright,dark,a bright energetic synth lead,a dark gloomy synth lead,110,3.0,25,4.5,1.0,44100,25,25,1814.2838134765625,663.26611328125,1538.9937744140625,1543.9112548828125,875.7276611328125,875.7276611328125,0.7608290133020658,0.862,,645
ok,,10,transformer.single_transformer_blocks.14,single_transformer_blocks-14,single,14,0,dark_to_bright,dark,bright,a dark gloomy synth lead,a bright energetic synth lead,110,3.0,25,4.5,1.0,44100,25,25,663.26611328125,1814.2838134765625,685.544189453125,636.4552612304688,-1128.7396240234375,1128.7396240234375,0.9806448882861708,0.86,,645
ok,,10,transformer.single_transformer_blocks.15,single_transformer_blocks-15,single,15,0,bright_to_dark,bright,dark,a bright energetic synth lead,a dark gloomy synth lead,110,3.0,25,4.5,1.0,44100,25,25,1814.2838134765625,663.26611328125,1602.4111328125,1613.718017578125,939.14501953125,939.14501953125,0.8159257840881938,0.858,,645
ok,,10,transformer.single_transformer_blocks.15,single_transformer_blocks-15,single,15,0,dark_to_bright,dark,bright,a dark gloomy synth lead,a bright energetic synth lead,110,3.0,25,4.5,1.0,44100,25,25,663.26611328125,1814.2838134765625,698.8554077148438,653.9385986328125,-1115.4284057617188,1115.4284057617188,0.9690801501770523,0.86,,645
ok,,10,transformer.single_transformer_blocks.16,single_transformer_blocks-16,single,16,0,bright_to_dark,bright,dark,a bright energetic synth lead,a dark gloomy synth lead,110,3.0,25,4.5,1.0,44100,25,25,1814.2838134765625,663.26611328125,1583.1561279296875,1589.669189453125,919.8900146484375,919.8900146484375,0.7991971057372482,0.857,,645
ok,,10,transformer.single_transformer_blocks.16,single_transformer_blocks-16,single,16,0,dark_to_bright,dark,bright,a dark gloomy synth lead,a bright energetic synth lead,110,3.0,25,4.5,1.0,44100,25,25,663.26611328125,1814.2838134765625,698.15185546875,653.1555786132812,-1116.1319580078125,1116.1319580078125,0.9696913938147256,0.861,,645
ok,,10,transformer.single_transformer_blocks.17,single_transformer_blocks-17,single,17,0,bright_to_dark,bright,dark,a bright energetic synth lead,a dark gloomy synth lead,110,3.0,25,4.5,1.0,44100,25,25,1814.2838134765625,663.26611328125,1862.25390625,1884.1334228515625,1198.98779296875,1198.98779296875,1.0416762424811519,0.857,,645
ok,,10,transformer.single_transformer_blocks.17,single_transformer_blocks-17,single,17,0,dark_to_bright,dark,bright,a dark gloomy synth lead,a bright energetic synth lead,110,3.0,25,4.5,1.0,44100,25,25,663.26611328125,1814.2838134765625,656.7193603515625,613.4852294921875,-1157.564453125,1157.564453125,1.0056877951821042,0.865,,645
ok,,11,transformer.single_transformer_blocks.0,single_transformer_blocks-0,single,0,0,bright_to_dark,bright,dark,a bright clear trumpet fanfare,a dark muffled trumpet fanfare,111,3.0,25,4.5,1.0,44100,25,25,1148.04541015625,880.3349609375,1057.582763671875,1024.5123291015625,177.247802734375,177.247802734375,0.6620877266899033,0.858,,645
ok,,11,transformer.single_transformer_blocks.0,single_transformer_blocks-0,single,0,0,dark_to_bright,dark,bright,a dark muffled trumpet fanfare,a bright clear trumpet fanfare,111,3.0,25,4.5,1.0,44100,25,25,880.3349609375,1148.04541015625,909.4950561523438,899.4552001953125,-238.55035400390625,238.55035400390625,0.8910759916172841,0.854,,645
ok,,11,transformer.single_transformer_blocks.1,single_transformer_blocks-1,single,1,0,bright_to_dark,bright,dark,a bright clear trumpet fanfare,a dark muffled trumpet fanfare,111,3.0,25,4.5,1.0,44100,25,25,1148.04541015625,880.3349609375,1058.4326171875,1022.0355834960938,178.09765625,178.09765625,0.6652622516966974,0.855,,645
ok,,11,transformer.single_transformer_blocks.1,single_transformer_blocks-1,single,1,0,dark_to_bright,dark,bright,a dark muffled trumpet fanfare,a bright clear trumpet fanfare,111,3.0,25,4.5,1.0,44100,25,25,880.3349609375,1148.04541015625,910.3724365234375,899.9510498046875,-237.6729736328125,237.6729736328125,0.8877986433716173,0.853,,645
ok,,11,transformer.single_transformer_blocks.2,single_transformer_blocks-2,single,2,0,bright_to_dark,bright,dark,a bright clear trumpet fanfare,a dark muffled trumpet fanfare,111,3.0,25,4.5,1.0,44100,25,25,1148.04541015625,880.3349609375,1053.093994140625,1017.6918334960938,172.759033203125,172.759033203125,0.6453204710809071,0.847,,645
ok,,11,transformer.single_transformer_blocks.2,single_transformer_blocks-2,single,2,0,dark_to_bright,dark,bright,a dark muffled trumpet fanfare,a bright clear trumpet fanfare,111,3.0,25,4.5,1.0,44100,25,25,880.3349609375,1148.04541015625,918.6541748046875,907.6370849609375,-229.3912353515625,229.3912353515625,0.8568632118058406,0.854,,645
ok,,11,transformer.single_transformer_blocks.3,single_transformer_blocks-3,single,3,0,bright_to_dark,bright,dark,a bright clear trumpet fanfare,a dark muffled trumpet fanfare,111,3.0,25,4.5,1.0,44100,25,25,1148.04541015625,880.3349609375,1053.1163330078125,1017.9254760742188,172.7813720703125,172.7813720703125,0.6454039152171098,0.855,,645
ok,,11,transformer.single_transformer_blocks.3,single_transformer_blocks-3,single,3,0,dark_to_bright,dark,bright,a dark muffled trumpet fanfare,a bright clear trumpet fanfare,111,3.0,25,4.5,1.0,44100,25,25,880.3349609375,1148.04541015625,913.3346557617188,902.6527099609375,-234.71075439453125,234.71075439453125,0.8767336317259166,0.857,,645
ok,,11,transformer.single_transformer_blocks.4,single_transformer_blocks-4,single,4,0,bright_to_dark,bright,dark,a bright clear trumpet fanfare,a dark muffled trumpet fanfare,111,3.0,25,4.5,1.0,44100,25,25,1148.04541015625,880.3349609375,1058.9122314453125,1026.05078125,178.5772705078125,178.5772705078125,0.6670537927411809,0.856,,645
ok,,11,transformer.single_transformer_blocks.4,single_transformer_blocks-4,single,4,0,dark_to_bright,dark,bright,a dark muffled trumpet fanfare,a bright clear trumpet fanfare,111,3.0,25,4.5,1.0,44100,25,25,880.3349609375,1148.04541015625,907.6229248046875,898.3365478515625,-240.4224853515625,240.4224853515625,0.8980691118078469,0.855,,645
ok,,11,transformer.single_transformer_blocks.5,single_transformer_blocks-5,single,5,0,bright_to_dark,bright,dark,a bright clear trumpet fanfare,a dark muffled trumpet fanfare,111,3.0,25,4.5,1.0,44100,25,25,1148.04541015625,880.3349609375,1047.8067626953125,1014.9843139648438,167.4718017578125,167.4718017578125,0.6255706575762716,0.854,,645
ok,,11,transformer.single_transformer_blocks.5,single_transformer_blocks-5,single,5,0,dark_to_bright,dark,bright,a dark muffled trumpet fanfare,a bright clear trumpet fanfare,111,3.0,25,4.5,1.0,44100,25,25,880.3349609375,1148.04541015625,919.5026245117188,908.0904541015625,-228.54278564453125,228.54278564453125,0.8536939305562395,0.856,,645
ok,,11,transformer.single_transformer_blocks.6,single_transformer_blocks-6,single,6,0,bright_to_dark,bright,dark,a bright clear trumpet fanfare,a dark muffled trumpet fanfare,111,3.0,25,4.5,1.0,44100,25,25,1148.04541015625,880.3349609375,1051.7762451171875,1015.9688720703125,171.4412841796875,171.4412841796875,0.6403981790027194,0.86,,645
ok,,11,transformer.single_transformer_blocks.6,single_transformer_blocks-6,single,6,0,dark_to_bright,dark,bright,a dark muffled trumpet fanfare,a bright clear trumpet fanfare,111,3.0,25,4.5,1.0,44100,25,25,880.3349609375,1148.04541015625,917.054443359375,907.2323608398438,-230.990966796875,230.990966796875,0.8628388151115051,0.855,,645
ok,,11,transformer.single_transformer_blocks.7,single_transformer_blocks-7,single,7,0,bright_to_dark,bright,dark,a bright clear trumpet fanfare,a dark muffled trumpet fanfare,111,3.0,25,4.5,1.0,44100,25,25,1148.04541015625,880.3349609375,1052.631103515625,1014.5452880859375,172.296142578125,172.296142578125,0.643591399143854,0.855,,645
ok,,11,transformer.single_transformer_blocks.7,single_transformer_blocks-7,single,7,0,dark_to_bright,dark,bright,a dark muffled trumpet fanfare,a bright clear trumpet fanfare,111,3.0,25,4.5,1.0,44100,25,25,880.3349609375,1148.04541015625,915.601806640625,909.212646484375,-232.443603515625,232.443603515625,0.8682649638591134,0.848,,645
ok,,11,transformer.single_transformer_blocks.8,single_transformer_blocks-8,single,8,0,bright_to_dark,bright,dark,a bright clear trumpet fanfare,a dark muffled trumpet fanfare,111,3.0,25,4.5,1.0,44100,25,25,1148.04541015625,880.3349609375,1053.703857421875,1017.4391479492188,173.368896484375,173.368896484375,0.6475985415971299,0.856,,645
ok,,11,transformer.single_transformer_blocks.8,single_transformer_blocks-8,single,8,0,dark_to_bright,dark,bright,a dark muffled trumpet fanfare,a bright clear trumpet fanfare,111,3.0,25,4.5,1.0,44100,25,25,880.3349609375,1148.04541015625,903.46435546875,898.2289428710938,-244.5810546875,244.5810546875,0.9136029445292565,0.857,,645
ok,,11,transformer.single_transformer_blocks.9,single_transformer_blocks-9,single,9,0,bright_to_dark,bright,dark,a bright clear trumpet fanfare,a dark muffled trumpet fanfare,111,3.0,25,4.5,1.0,44100,25,25,1148.04541015625,880.3349609375,1055.96728515625,1017.9429931640625,175.63232421875,175.63232421875,0.6560533021078992,0.854,,645
ok,,11,transformer.single_transformer_blocks.9,single_transformer_blocks-9,single,9,0,dark_to_bright,dark,bright,a dark muffled trumpet fanfare,a bright clear trumpet fanfare,111,3.0,25,4.5,1.0,44100,25,25,880.3349609375,1148.04541015625,903.403076171875,897.5698852539062,-244.642333984375,244.642333984375,0.913831845930206,0.854,,645
ok,,11,transformer.single_transformer_blocks.10,single_transformer_blocks-10,single,10,0,bright_to_dark,bright,dark,a bright clear trumpet fanfare,a dark muffled trumpet fanfare,111,3.0,25,4.5,1.0,44100,25,25,1148.04541015625,880.3349609375,1068.93603515625,1032.0684814453125,188.60107421875,188.60107421875,0.7044964989941106,0.858,,645
ok,,11,transformer.single_transformer_blocks.10,single_transformer_blocks-10,single,10,0,dark_to_bright,dark,bright,a dark muffled trumpet fanfare,a bright clear trumpet fanfare,111,3.0,25,4.5,1.0,44100,25,25,880.3349609375,1148.04541015625,890.719482421875,884.7464599609375,-257.325927734375,257.325927734375,0.9612098761378953,0.858,,645
ok,,11,transformer.single_transformer_blocks.11,single_transformer_blocks-11,single,11,0,bright_to_dark,bright,dark,a bright clear trumpet fanfare,a dark muffled trumpet fanfare,111,3.0,25,4.5,1.0,44100,25,25,1148.04541015625,880.3349609375,1063.0108642578125,1024.9207763671875,182.6759033203125,182.6759033203125,0.6823637398293909,0.858,,645
ok,,11,transformer.single_transformer_blocks.11,single_transformer_blocks-11,single,11,0,dark_to_bright,dark,bright,a dark muffled trumpet fanfare,a bright clear trumpet fanfare,111,3.0,25,4.5,1.0,44100,25,25,880.3349609375,1148.04541015625,893.50048828125,886.1192626953125,-254.544921875,254.544921875,0.9508217651489865,0.856,,645
ok,,11,transformer.single_transformer_blocks.12,single_transformer_blocks-12,single,12,0,bright_to_dark,bright,dark,a bright clear trumpet fanfare,a dark muffled trumpet fanfare,111,3.0,25,4.5,1.0,44100,25,25,1148.04541015625,880.3349609375,1066.2047119140625,1028.0799560546875,185.8697509765625,185.8697509765625,0.6942939714119477,0.862,,645
ok,,11,transformer.single_transformer_blocks.12,single_transformer_blocks-12,single,12,0,dark_to_bright,dark,bright,a dark muffled trumpet fanfare,a bright clear trumpet fanfare,111,3.0,25,4.5,1.0,44100,25,25,880.3349609375,1148.04541015625,892.5280151367188,886.50439453125,-255.51739501953125,255.51739501953125,0.9544543209471229,0.86,,645
ok,,11,transformer.single_transformer_blocks.13,single_transformer_blocks-13,single,13,0,bright_to_dark,bright,dark,a bright clear trumpet fanfare,a dark muffled trumpet fanfare,111,3.0,25,4.5,1.0,44100,25,25,1148.04541015625,880.3349609375,1068.6973876953125,1030.2242431640625,188.3624267578125,188.3624267578125,0.7036050602712892,0.86,,645
ok,,11,transformer.single_transformer_blocks.13,single_transformer_blocks-13,single,13,0,dark_to_bright,dark,bright,a dark muffled trumpet fanfare,a bright clear trumpet fanfare,111,3.0,25,4.5,1.0,44100,25,25,880.3349609375,1148.04541015625,896.0545654296875,890.4492797851562,-251.9908447265625,251.9908447265625,0.9412813189098092,0.86,,645
ok,,11,transformer.single_transformer_blocks.14,single_transformer_blocks-14,single,14,0,bright_to_dark,bright,dark,a bright clear trumpet fanfare,a dark muffled trumpet fanfare,111,3.0,25,4.5,1.0,44100,25,25,1148.04541015625,880.3349609375,1078.7861328125,1041.4447021484375,198.451171875,198.451171875,0.741290347291759,0.861,,645
ok,,11,transformer.single_transformer_blocks.14,single_transformer_blocks-14,single,14,0,dark_to_bright,dark,bright,a dark muffled trumpet fanfare,a bright clear trumpet fanfare,111,3.0,25,4.5,1.0,44100,25,25,880.3349609375,1148.04541015625,884.8493041992188,878.8804321289062,-263.19610595703125,263.19610595703125,0.9831372168143127,0.86,,645
ok,,11,transformer.single_transformer_blocks.15,single_transformer_blocks-15,single,15,0,bright_to_dark,bright,dark,a bright clear trumpet fanfare,a dark muffled trumpet fanfare,111,3.0,25,4.5,1.0,44100,25,25,1148.04541015625,880.3349609375,1081.372314453125,1043.791748046875,201.037353515625,201.037353515625,0.7509507159780473,0.86,,645
ok,,11,transformer.single_transformer_blocks.15,single_transformer_blocks-15,single,15,0,dark_to_bright,dark,bright,a dark muffled trumpet fanfare,a bright clear trumpet fanfare,111,3.0,25,4.5,1.0,44100,25,25,880.3349609375,1148.04541015625,884.05029296875,879.0473022460938,-263.9951171875,263.9951171875,0.9861218266149404,0.86,,645
ok,,11,transformer.single_transformer_blocks.16,single_transformer_blocks-16,single,16,0,bright_to_dark,bright,dark,a bright clear trumpet fanfare,a dark muffled trumpet fanfare,111,3.0,25,4.5,1.0,44100,25,25,1148.04541015625,880.3349609375,1071.1173095703125,1033.4803466796875,190.7823486328125,190.7823486328125,0.7126443857143638,0.863,,645
ok,,11,transformer.single_transformer_blocks.16,single_transformer_blocks-16,single,16,0,dark_to_bright,dark,bright,a dark muffled trumpet fanfare,a bright clear trumpet fanfare,111,3.0,25,4.5,1.0,44100,25,25,880.3349609375,1148.04541015625,901.4236450195312,895.6525268554688,-246.62176513671875,246.62176513671875,0.9212257715618736,0.861,,645
ok,,11,transformer.single_transformer_blocks.17,single_transformer_blocks-17,single,17,0,bright_to_dark,bright,dark,a bright clear trumpet fanfare,a dark muffled trumpet fanfare,111,3.0,25,4.5,1.0,44100,25,25,1148.04541015625,880.3349609375,1157.42578125,1119.44189453125,277.0908203125,277.0908203125,1.0350392415429597,0.865,,645
ok,,11,transformer.single_transformer_blocks.17,single_transformer_blocks-17,single,17,0,dark_to_bright,dark,bright,a dark muffled trumpet fanfare,a bright clear trumpet fanfare,111,3.0,25,4.5,1.0,44100,25,25,880.3349609375,1148.04541015625,869.6242065429688,865.0309448242188,-278.42120361328125,278.42120361328125,1.040008727435885,0.857,,645
ok,,12,transformer.single_transformer_blocks.0,single_transformer_blocks-0,single,0,0,bright_to_dark,bright,dark,a bright lively marimba pattern,a dark slow marimba pattern,112,3.0,25,4.5,1.0,44100,25,25,1964.24658203125,974.3965454101562,2031.08349609375,2135.232177734375,1056.6869506835938,1056.6869506835938,1.067522262554691,0.867,,645
ok,,12,transformer.single_transformer_blocks.0,single_transformer_blocks-0,single,0,0,dark_to_bright,dark,bright,a dark slow marimba pattern,a bright lively marimba pattern,112,3.0,25,4.5,1.0,44100,25,25,974.3965454101562,1964.24658203125,902.705810546875,728.1996459960938,-1061.540771484375,1061.540771484375,1.0724258546355177,0.867,,645
ok,,12,transformer.single_transformer_blocks.1,single_transformer_blocks-1,single,1,0,bright_to_dark,bright,dark,a bright lively marimba pattern,a dark slow marimba pattern,112,3.0,25,4.5,1.0,44100,25,25,1964.24658203125,974.3965454101562,2014.7816162109375,2146.572265625,1040.3850708007812,1040.3850708007812,1.0510532225186267,0.874,,645
ok,,12,transformer.single_transformer_blocks.1,single_transformer_blocks-1,single,1,0,dark_to_bright,dark,bright,a dark slow marimba pattern,a bright lively marimba pattern,112,3.0,25,4.5,1.0,44100,25,25,974.3965454101562,1964.24658203125,912.2307739257812,741.3320922851562,-1052.0158081054688,1052.0158081054688,1.0628032218866013,0.869,,645
ok,,12,transformer.single_transformer_blocks.2,single_transformer_blocks-2,single,2,0,bright_to_dark,bright,dark,a bright lively marimba pattern,a dark slow marimba pattern,112,3.0,25,4.5,1.0,44100,25,25,1964.24658203125,974.3965454101562,1989.8697509765625,2124.947265625,1015.4732055664062,1015.4732055664062,1.0258859099836766,0.867,,645
ok,,12,transformer.single_transformer_blocks.2,single_transformer_blocks-2,single,2,0,dark_to_bright,dark,bright,a dark slow marimba pattern,a bright lively marimba pattern,112,3.0,25,4.5,1.0,44100,25,25,974.3965454101562,1964.24658203125,917.4432983398438,734.991943359375,-1046.8032836914062,1046.8032836914062,1.0575372480307477,0.868,,645
ok,,12,transformer.single_transformer_blocks.3,single_transformer_blocks-3,single,3,0,bright_to_dark,bright,dark,a bright lively marimba pattern,a dark slow marimba pattern,112,3.0,25,4.5,1.0,44100,25,25,1964.24658203125,974.3965454101562,1994.0660400390625,2132.662109375,1019.6694946289062,1019.6694946289062,1.0301252279684736,0.867,,645
ok,,12,transformer.single_transformer_blocks.3,single_transformer_blocks-3,single,3,0,dark_to_bright,dark,bright,a dark slow marimba pattern,a bright lively marimba pattern,112,3.0,25,4.5,1.0,44100,25,25,974.3965454101562,1964.24658203125,909.3775634765625,708.4407348632812,-1054.8690185546875,1054.8690185546875,1.0656856892742455,0.869,,645
ok,,12,transformer.single_transformer_blocks.4,single_transformer_blocks-4,single,4,0,bright_to_dark,bright,dark,a bright lively marimba pattern,a dark slow marimba pattern,112,3.0,25,4.5,1.0,44100,25,25,1964.24658203125,974.3965454101562,1983.1756591796875,2096.07958984375,1008.7791137695312,1008.7791137695312,1.019123176691545,0.87,,645
ok,,12,transformer.single_transformer_blocks.4,single_transformer_blocks-4,single,4,0,dark_to_bright,dark,bright,a dark slow marimba pattern,a bright lively marimba pattern,112,3.0,25,4.5,1.0,44100,25,25,974.3965454101562,1964.24658203125,924.7935180664062,715.8925170898438,-1039.4530639648438,1039.4530639648438,1.050111658845892,0.871,,645
ok,,12,transformer.single_transformer_blocks.5,single_transformer_blocks-5,single,5,0,bright_to_dark,bright,dark,a bright lively marimba pattern,a dark slow marimba pattern,112,3.0,25,4.5,1.0,44100,25,25,1964.24658203125,974.3965454101562,1996.7056884765625,2136.911376953125,1022.3091430664062,1022.3091430664062,1.032791943470663,0.873,,645
ok,,12,transformer.single_transformer_blocks.5,single_transformer_blocks-5,single,5,0,dark_to_bright,dark,bright,a dark slow marimba pattern,a bright lively marimba pattern,112,3.0,25,4.5,1.0,44100,25,25,974.3965454101562,1964.24658203125,930.30322265625,717.3452758789062,-1033.943359375,1033.943359375,1.0445454575163944,0.872,,645
ok,,12,transformer.single_transformer_blocks.6,single_transformer_blocks-6,single,6,0,bright_to_dark,bright,dark,a bright lively marimba pattern,a dark slow marimba pattern,112,3.0,25,4.5,1.0,44100,25,25,1964.24658203125,974.3965454101562,1994.5946044921875,2115.244140625,1020.1980590820312,1020.1980590820312,1.0306592123434497,0.868,,645
ok,,12,transformer.single_transformer_blocks.6,single_transformer_blocks-6,single,6,0,dark_to_bright,dark,bright,a dark slow marimba pattern,a bright lively marimba pattern,112,3.0,25,4.5,1.0,44100,25,25,974.3965454101562,1964.24658203125,931.5897216796875,727.8438720703125,-1032.6568603515625,1032.6568603515625,1.0432457666785488,0.867,,645
ok,,12,transformer.single_transformer_blocks.7,single_transformer_blocks-7,single,7,0,bright_to_dark,bright,dark,a bright lively marimba pattern,a dark slow marimba pattern,112,3.0,25,4.5,1.0,44100,25,25,1964.24658203125,974.3965454101562,1983.6119384765625,2116.623291015625,1009.2153930664062,1009.2153930664062,1.0195639296144465,0.869,,645
ok,,12,transformer.single_transformer_blocks.7,single_transformer_blocks-7,single,7,0,dark_to_bright,dark,bright,a dark slow marimba pattern,a bright lively marimba pattern,112,3.0,25,4.5,1.0,44100,25,25,974.3965454101562,1964.24658203125,930.2153930664062,719.9738159179688,-1034.0311889648438,1034.0311889648438,1.0446341877144993,0.872,,645
ok,,12,transformer.single_transformer_blocks.8,single_transformer_blocks-8,single,8,0,bright_to_dark,bright,dark,a bright lively marimba pattern,a dark slow marimba pattern,112,3.0,25,4.5,1.0,44100,25,25,1964.24658203125,974.3965454101562,1983.252685546875,2103.7412109375,1008.8561401367188,1008.8561401367188,1.0192009928903,0.87,,645
ok,,12,transformer.single_transformer_blocks.8,single_transformer_blocks-8,single,8,0,dark_to_bright,dark,bright,a dark slow marimba pattern,a bright lively marimba pattern,112,3.0,25,4.5,1.0,44100,25,25,974.3965454101562,1964.24658203125,921.9061889648438,708.0723876953125,-1042.3403930664062,1042.3403930664062,1.053028594739958,0.87,,645
ok,,12,transformer.single_transformer_blocks.9,single_transformer_blocks-9,single,9,0,bright_to_dark,bright,dark,a bright lively marimba pattern,a dark slow marimba pattern,112,3.0,25,4.5,1.0,44100,25,25,1964.24658203125,974.3965454101562,1984.1558837890625,2101.810302734375,1009.7593383789062,1009.7593383789062,1.0201134525647684,0.868,,645
ok,,12,transformer.single_transformer_blocks.9,single_transformer_blocks-9,single,9,0,dark_to_bright,dark,bright,a dark slow marimba pattern,a bright lively marimba pattern,112,3.0,25,4.5,1.0,44100,25,25,974.3965454101562,1964.24658203125,917.8065185546875,697.3846435546875,-1046.4400634765625,1046.4400634765625,1.0571703033407382,0.865,,645
ok,,12,transformer.single_transformer_blocks.10,single_transformer_blocks-10,single,10,0,bright_to_dark,bright,dark,a bright lively marimba pattern,a dark slow marimba pattern,112,3.0,25,4.5,1.0,44100,25,25,1964.24658203125,974.3965454101562,1989.2647705078125,2086.556396484375,1014.8682250976562,1014.8682250976562,1.025274726020078,0.87,,645
ok,,12,transformer.single_transformer_blocks.10,single_transformer_blocks-10,single,10,0,dark_to_bright,dark,bright,a dark slow marimba pattern,a bright lively marimba pattern,112,3.0,25,4.5,1.0,44100,25,25,974.3965454101562,1964.24658203125,910.6826782226562,682.82861328125,-1053.5639038085938,1053.5639038085938,1.0643671918273507,0.876,,645
ok,,12,transformer.single_transformer_blocks.11,single_transformer_blocks-11,single,11,0,bright_to_dark,bright,dark,a bright lively marimba pattern,a dark slow marimba pattern,112,3.0,25,4.5,1.0,44100,25,25,1964.24658203125,974.3965454101562,1978.2486572265625,2065.046142578125,1003.8521118164062,1003.8521118164062,1.0141456530557995,0.871,,645
ok,,12,transformer.single_transformer_blocks.11,single_transformer_blocks-11,single,11,0,dark_to_bright,dark,bright,a dark slow marimba pattern,a bright lively marimba pattern,112,3.0,25,4.5,1.0,44100,25,25,974.3965454101562,1964.24658203125,912.5364990234375,697.0881958007812,-1051.7100830078125,1051.7100830078125,1.0624943618710985,0.868,,645
ok,,12,transformer.single_transformer_blocks.12,single_transformer_blocks-12,single,12,0,bright_to_dark,bright,dark,a bright lively marimba pattern,a dark slow marimba pattern,112,3.0,25,4.5,1.0,44100,25,25,1964.24658203125,974.3965454101562,1985.3004150390625,2088.02880859375,1010.9038696289062,1010.9038696289062,1.0212697198857323,0.873,,645
ok,,12,transformer.single_transformer_blocks.12,single_transformer_blocks-12,single,12,0,dark_to_bright,dark,bright,a dark slow marimba pattern,a bright lively marimba pattern,112,3.0,25,4.5,1.0,44100,25,25,974.3965454101562,1964.24658203125,912.0430908203125,690.7001953125,-1052.2034912109375,1052.2034912109375,1.0629928295024271,0.877,,645
ok,,12,transformer.single_transformer_blocks.13,single_transformer_blocks-13,single,13,0,bright_to_dark,bright,dark,a bright lively marimba pattern,a dark slow marimba pattern,112,3.0,25,4.5,1.0,44100,25,25,1964.24658203125,974.3965454101562,1984.932373046875,2057.1240234375,1010.5358276367188,1010.5358276367188,1.020897903975674,0.872,,645
ok,,12,transformer.single_transformer_blocks.13,single_transformer_blocks-13,single,13,0,dark_to_bright,dark,bright,a dark slow marimba pattern,a bright lively marimba pattern,112,3.0,25,4.5,1.0,44100,25,25,974.3965454101562,1964.24658203125,910.6444702148438,702.9205322265625,-1053.6021118164062,1053.6021118164062,1.0644057916216618,0.872,,645
ok,,12,transformer.single_transformer_blocks.14,single_transformer_blocks-14,single,14,0,bright_to_dark,bright,dark,a bright lively marimba pattern,a dark slow marimba pattern,112,3.0,25,4.5,1.0,44100,25,25,1964.24658203125,974.3965454101562,1988.1822509765625,2091.091064453125,1013.7857055664062,1013.7857055664062,1.0241811062886033,0.87,,645
ok,,12,transformer.single_transformer_blocks.14,single_transformer_blocks-14,single,14,0,dark_to_bright,dark,bright,a dark slow marimba pattern,a bright lively marimba pattern,112,3.0,25,4.5,1.0,44100,25,25,974.3965454101562,1964.24658203125,911.6366577148438,699.5896606445312,-1052.6099243164062,1052.6099243164062,1.0634034301898363,0.88,,645
ok,,12,transformer.single_transformer_blocks.15,single_transformer_blocks-15,single,15,0,bright_to_dark,bright,dark,a bright lively marimba pattern,a dark slow marimba pattern,112,3.0,25,4.5,1.0,44100,25,25,1964.24658203125,974.3965454101562,1983.97509765625,2078.115234375,1009.5785522460938,1009.5785522460938,1.0199308126434428,0.874,,645
ok,,12,transformer.single_transformer_blocks.15,single_transformer_blocks-15,single,15,0,dark_to_bright,dark,bright,a dark slow marimba pattern,a bright lively marimba pattern,112,3.0,25,4.5,1.0,44100,25,25,974.3965454101562,1964.24658203125,914.8475952148438,707.3729858398438,-1049.3989868164062,1049.3989868164062,1.0601595676033777,0.872,,645
ok,,12,transformer.single_transformer_blocks.16,single_transformer_blocks-16,single,16,0,bright_to_dark,bright,dark,a bright lively marimba pattern,a dark slow marimba pattern,112,3.0,25,4.5,1.0,44100,25,25,1964.24658203125,974.3965454101562,1956.378662109375,2052.053955078125,981.9821166992188,981.9821166992188,0.9920514021005318,0.875,,645
ok,,12,transformer.single_transformer_blocks.16,single_transformer_blocks-16,single,16,0,dark_to_bright,dark,bright,a dark slow marimba pattern,a bright lively marimba pattern,112,3.0,25,4.5,1.0,44100,25,25,974.3965454101562,1964.24658203125,943.2709350585938,744.5922241210938,-1020.9756469726562,1020.9756469726562,1.0314447736525942,0.873,,645
ok,,12,transformer.single_transformer_blocks.17,single_transformer_blocks-17,single,17,0,bright_to_dark,bright,dark,a bright lively marimba pattern,a dark slow marimba pattern,112,3.0,25,4.5,1.0,44100,25,25,1964.24658203125,974.3965454101562,1944.68359375,2020.266357421875,970.2870483398438,970.2870483398438,0.9802364120245636,0.877,,645
ok,,12,transformer.single_transformer_blocks.17,single_transformer_blocks-17,single,17,0,dark_to_bright,dark,bright,a dark slow marimba pattern,a bright lively marimba pattern,112,3.0,25,4.5,1.0,44100,25,25,974.3965454101562,1964.24658203125,982.5173950195312,795.865478515625,-981.7291870117188,981.7291870117188,0.9917958788615132,0.874,,645
ok,,13,transformer.single_transformer_blocks.0,single_transformer_blocks-0,single,0,0,bright_to_dark,bright,dark,a bright sharp xylophone melody,a dark hollow xylophone melody,113,3.0,25,4.5,1.0,44100,25,25,1775.6761474609375,1008.8287353515625,1854.2509765625,1858.4241943359375,845.4222412109375,845.4222412109375,1.102464750954073,0.864,,645
ok,,13,transformer.single_transformer_blocks.0,single_transformer_blocks-0,single,0,0,dark_to_bright,dark,bright,a dark hollow xylophone melody,a bright sharp xylophone melody,113,3.0,25,4.5,1.0,44100,25,25,1008.8287353515625,1775.6761474609375,977.8125,968.5709228515625,-797.8636474609375,797.8636474609375,1.0404464237106126,0.867,,645
ok,,13,transformer.single_transformer_blocks.1,single_transformer_blocks-1,single,1,0,bright_to_dark,bright,dark,a bright sharp xylophone melody,a dark hollow xylophone melody,113,3.0,25,4.5,1.0,44100,25,25,1775.6761474609375,1008.8287353515625,1845.56640625,1843.2286376953125,836.7376708984375,836.7376708984375,1.0911397204781779,0.866,,645
ok,,13,transformer.single_transformer_blocks.1,single_transformer_blocks-1,single,1,0,dark_to_bright,dark,bright,a dark hollow xylophone melody,a bright sharp xylophone melody,113,3.0,25,4.5,1.0,44100,25,25,1008.8287353515625,1775.6761474609375,980.8129272460938,972.609375,-794.8632202148438,794.8632202148438,1.0365337453880237,0.868,,645
ok,,13,transformer.single_transformer_blocks.2,single_transformer_blocks-2,single,2,0,bright_to_dark,bright,dark,a bright sharp xylophone melody,a dark hollow xylophone melody,113,3.0,25,4.5,1.0,44100,25,25,1775.6761474609375,1008.8287353515625,1838.9912109375,1849.9259033203125,830.1624755859375,830.1624755859375,1.0825654002044567,0.862,,645
ok,,13,transformer.single_transformer_blocks.2,single_transformer_blocks-2,single,2,0,dark_to_bright,dark,bright,a dark hollow xylophone melody,a bright sharp xylophone melody,113,3.0,25,4.5,1.0,44100,25,25,1008.8287353515625,1775.6761474609375,985.5789184570312,975.3132934570312,-790.0972290039062,790.0972290039062,1.0303187003403687,0.866,,645
ok,,13,transformer.single_transformer_blocks.3,single_transformer_blocks-3,single,3,0,bright_to_dark,bright,dark,a bright sharp xylophone melody,a dark hollow xylophone melody,113,3.0,25,4.5,1.0,44100,25,25,1775.6761474609375,1008.8287353515625,1833.4715576171875,1837.8720703125,824.642822265625,824.642822265625,1.07536754932415,0.865,,645
ok,,13,transformer.single_transformer_blocks.3,single_transformer_blocks-3,single,3,0,dark_to_bright,dark,bright,a dark hollow xylophone melody,a bright sharp xylophone melody,113,3.0,25,4.5,1.0,44100,25,25,1008.8287353515625,1775.6761474609375,985.5558471679688,976.6823120117188,-790.1203002929688,790.1203002929688,1.0303487862332048,0.87,,645
ok,,13,transformer.single_transformer_blocks.4,single_transformer_blocks-4,single,4,0,bright_to_dark,bright,dark,a bright sharp xylophone melody,a dark hollow xylophone melody,113,3.0,25,4.5,1.0,44100,25,25,1775.6761474609375,1008.8287353515625,1837.6041259765625,1849.3721923828125,828.775390625,828.775390625,1.0807565853880619,0.868,,645
ok,,13,transformer.single_transformer_blocks.4,single_transformer_blocks-4,single,4,0,dark_to_bright,dark,bright,a dark hollow xylophone melody,a bright sharp xylophone melody,113,3.0,25,4.5,1.0,44100,25,25,1008.8287353515625,1775.6761474609375,982.244384765625,970.1488037109375,-793.4317626953125,793.4317626953125,1.0346670669629199,0.869,,645
ok,,13,transformer.single_transformer_blocks.5,single_transformer_blocks-5,single,5,0,bright_to_dark,bright,dark,a bright sharp xylophone melody,a dark hollow xylophone melody,113,3.0,25,4.5,1.0,44100,25,25,1775.6761474609375,1008.8287353515625,1846.421630859375,1859.8812255859375,837.5928955078125,837.5928955078125,1.0922549679131566,0.867,,645
ok,,13,transformer.single_transformer_blocks.5,single_transformer_blocks-5,single,5,0,dark_to_bright,dark,bright,a dark hollow xylophone melody,a bright sharp xylophone melody,113,3.0,25,4.5,1.0,44100,25,25,1008.8287353515625,1775.6761474609375,982.45263671875,967.7494506835938,-793.2235107421875,793.2235107421875,1.0343954980043024,0.867,,645
ok,,13,transformer.single_transformer_blocks.6,single_transformer_blocks-6,single,6,0,bright_to_dark,bright,dark,a bright sharp xylophone melody,a dark hollow xylophone melody,113,3.0,25,4.5,1.0,44100,25,25,1775.6761474609375,1008.8287353515625,1838.2259521484375,1852.346435546875,829.397216796875,829.397216796875,1.0815674718330777,0.869,,645
ok,,13,transformer.single_transformer_blocks.6,single_transformer_blocks-6,single,6,0,dark_to_bright,dark,bright,a dark hollow xylophone melody,a bright sharp xylophone melody,113,3.0,25,4.5,1.0,44100,25,25,1008.8287353515625,1775.6761474609375,992.2355346679688,978.7980346679688,-783.4406127929688,783.4406127929688,1.0216382039263205,0.867,,645
ok,,13,transformer.single_transformer_blocks.7,single_transformer_blocks-7,single,7,0,bright_to_dark,bright,dark,a bright sharp xylophone melody,a dark hollow xylophone melody,113,3.0,25,4.5,1.0,44100,25,25,1775.6761474609375,1008.8287353515625,1843.0921630859375,1852.671142578125,834.263427734375,834.263427734375,1.0879132074522597,0.868,,645
ok,,13,transformer.single_transformer_blocks.7,single_transformer_blocks-7,single,7,0,dark_to_bright,dark,bright,a dark hollow xylophone melody,a bright sharp xylophone melody,113,3.0,25,4.5,1.0,44100,25,25,1008.8287353515625,1775.6761474609375,989.177734375,974.0906982421875,-786.4984130859375,786.4984130859375,1.0256256990194546,0.86,,645
ok,,13,transformer.single_transformer_blocks.8,single_transformer_blocks-8,single,8,0,bright_to_dark,bright,dark,a bright sharp xylophone melody,a dark hollow xylophone melody,113,3.0,25,4.5,1.0,44100,25,25,1775.6761474609375,1008.8287353515625,1843.63037109375,1856.8692626953125,834.8016357421875,834.8016357421875,1.0886150524338214,0.867,,645
ok,,13,transformer.single_transformer_blocks.8,single_transformer_blocks-8,single,8,0,dark_to_bright,dark,bright,a dark hollow xylophone melody,a bright sharp xylophone melody,113,3.0,25,4.5,1.0,44100,25,25,1008.8287353515625,1775.6761474609375,989.0303955078125,974.6714477539062,-786.645751953125,786.645751953125,1.0258178348535996,0.867,,645
ok,,13,transformer.single_transformer_blocks.9,single_transformer_blocks-9,single,9,0,bright_to_dark,bright,dark,a bright sharp xylophone melody,a dark hollow xylophone melody,113,3.0,25,4.5,1.0,44100,25,25,1775.6761474609375,1008.8287353515625,1834.6636962890625,1844.133056640625,825.8349609375,825.8349609375,1.0769221463053091,0.866,,645
ok,,13,transformer.single_transformer_blocks.9,single_transformer_blocks-9,single,9,0,dark_to_bright,dark,bright,a dark hollow xylophone melody,a bright sharp xylophone melody,113,3.0,25,4.5,1.0,44100,25,25,1008.8287353515625,1775.6761474609375,988.8059692382812,969.7124633789062,-786.8701782226562,786.8701782226562,1.0261104957741258,0.863,,645
ok,,13,transformer.single_transformer_blocks.10,single_transformer_blocks-10,single,10,0,bright_to_dark,bright,dark,a bright sharp xylophone melody,a dark hollow xylophone melody,113,3.0,25,4.5,1.0,44100,25,25,1775.6761474609375,1008.8287353515625,1833.030517578125,1840.168212890625,824.2017822265625,824.2017822265625,1.0747924152986605,0.869,,645
ok,,13,transformer.single_transformer_blocks.10,single_transformer_blocks-10,single,10,0,dark_to_bright,dark,bright,a dark hollow xylophone melody,a bright sharp xylophone melody,113,3.0,25,4.5,1.0,44100,25,25,1008.8287353515625,1775.6761474609375,990.654296875,969.29248046875,-785.0218505859375,785.0218505859375,1.0237002018779329,0.872,,645
ok,,13,transformer.single_transformer_blocks.11,single_transformer_blocks-11,single,11,0,bright_to_dark,bright,dark,a bright sharp xylophone melody,a dark hollow xylophone melody,113,3.0,25,4.5,1.0,44100,25,25,1775.6761474609375,1008.8287353515625,1831.01611328125,1836.0626220703125,822.1873779296875,822.1873779296875,1.0721655507294316,0.871,,645
ok,,13,transformer.single_transformer_blocks.11,single_transformer_blocks-11,single,11,0,dark_to_bright,dark,bright,a dark hollow xylophone melody,a bright sharp xylophone melody,113,3.0,25,4.5,1.0,44100,25,25,1008.8287353515625,1775.6761474609375,994.1568603515625,974.1824951171875,-781.519287109375,781.519287109375,1.0191327176284548,0.87,,645
ok,,13,transformer.single_transformer_blocks.12,single_transformer_blocks-12,single,12,0,bright_to_dark,bright,dark,a bright sharp xylophone melody,a dark hollow xylophone melody,113,3.0,25,4.5,1.0,44100,25,25,1775.6761474609375,1008.8287353515625,1829.513916015625,1837.4449462890625,820.6851806640625,820.6851806640625,1.0702066248180917,0.873,,645
ok,,13,transformer.single_transformer_blocks.12,single_transformer_blocks-12,single,12,0,dark_to_bright,dark,bright,a dark hollow xylophone melody,a bright sharp xylophone melody,113,3.0,25,4.5,1.0,44100,25,25,1008.8287353515625,1775.6761474609375,986.6607055664062,966.8440551757812,-789.0154418945312,789.0154418945312,1.0289080062540452,0.876,,645
ok,,13,transformer.single_transformer_blocks.13,single_transformer_blocks-13,single,13,0,bright_to_dark,bright,dark,a bright sharp xylophone melody,a dark hollow xylophone melody,113,3.0,25,4.5,1.0,44100,25,25,1775.6761474609375,1008.8287353515625,1816.292236328125,1812.3109130859375,807.4635009765625,807.4635009765625,1.0529650204536316,0.872,,645
ok,,13,transformer.single_transformer_blocks.13,single_transformer_blocks-13,single,13,0,dark_to_bright,dark,bright,a dark hollow xylophone melody,a bright sharp xylophone melody,113,3.0,25,4.5,1.0,44100,25,25,1008.8287353515625,1775.6761474609375,991.1243286132812,971.8065185546875,-784.5518188476562,784.5518188476562,1.0230872615056255,0.873,,645
ok,,13,transformer.single_transformer_blocks.14,single_transformer_blocks-14,single,14,0,bright_to_dark,bright,dark,a bright sharp xylophone melody,a dark hollow xylophone melody,113,3.0,25,4.5,1.0,44100,25,25,1775.6761474609375,1008.8287353515625,1807.0224609375,1793.956298828125,798.1937255859375,798.1937255859375,1.040876858918175,0.87,,645
ok,,13,transformer.single_transformer_blocks.14,single_transformer_blocks-14,single,14,0,dark_to_bright,dark,bright,a dark hollow xylophone melody,a bright sharp xylophone melody,113,3.0,25,4.5,1.0,44100,25,25,1008.8287353515625,1775.6761474609375,984.3400268554688,966.40576171875,-791.3361206054688,791.3361206054688,1.0319342650302912,0.874,,645
ok,,13,transformer.single_transformer_blocks.15,single_transformer_blocks-15,single,15,0,bright_to_dark,bright,dark,a bright sharp xylophone melody,a dark hollow xylophone melody,113,3.0,25,4.5,1.0,44100,25,25,1775.6761474609375,1008.8287353515625,1795.141357421875,1786.0106201171875,786.3126220703125,786.3126220703125,1.0253834200305825,0.876,,645
ok,,13,transformer.single_transformer_blocks.15,single_transformer_blocks-15,single,15,0,dark_to_bright,dark,bright,a dark hollow xylophone melody,a bright sharp xylophone melody,113,3.0,25,4.5,1.0,44100,25,25,1008.8287353515625,1775.6761474609375,989.016845703125,970.8433837890625,-786.6593017578125,786.6593017578125,1.0258355043462177,0.871,,645
ok,,13,transformer.single_transformer_blocks.16,single_transformer_blocks-16,single,16,0,bright_to_dark,bright,dark,a bright sharp xylophone melody,a dark hollow xylophone melody,113,3.0,25,4.5,1.0,44100,25,25,1775.6761474609375,1008.8287353515625,1803.307861328125,1799.048095703125,794.4791259765625,794.4791259765625,1.036032870986916,0.875,,645
ok,,13,transformer.single_transformer_blocks.16,single_transformer_blocks-16,single,16,0,dark_to_bright,dark,bright,a dark hollow xylophone melody,a bright sharp xylophone melody,113,3.0,25,4.5,1.0,44100,25,25,1008.8287353515625,1775.6761474609375,990.3277587890625,971.505859375,-785.348388671875,785.348388671875,1.0241260207315679,0.875,,645
ok,,13,transformer.single_transformer_blocks.17,single_transformer_blocks-17,single,17,0,bright_to_dark,bright,dark,a bright sharp xylophone melody,a dark hollow xylophone melody,113,3.0,25,4.5,1.0,44100,25,25,1775.6761474609375,1008.8287353515625,1805.460693359375,1802.8824462890625,796.6319580078125,796.6319580078125,1.0388402509131625,0.878,,645
ok,,13,transformer.single_transformer_blocks.17,single_transformer_blocks-17,single,17,0,dark_to_bright,dark,bright,a dark hollow xylophone melody,a bright sharp xylophone melody,113,3.0,25,4.5,1.0,44100,25,25,1008.8287353515625,1775.6761474609375,996.1484375,974.7646484375,-779.5277099609375,779.5277099609375,1.0165356205828258,0.87,,645
ok,,14,transformer.single_transformer_blocks.0,single_transformer_blocks-0,single,0,0,bright_to_dark,bright,dark,a bright twinkling celesta passage,a dark heavy celesta passage,114,3.0,25,4.5,1.0,44100,25,25,2209.56103515625,2091.044677734375,2111.8251953125,2102.40234375,20.780517578125,20.780517578125,0.17533881423771688,0.869,,645
ok,,14,transformer.single_transformer_blocks.0,single_transformer_blocks-0,single,0,0,dark_to_bright,dark,bright,a dark heavy celesta passage,a bright twinkling celesta passage,114,3.0,25,4.5,1.0,44100,25,25,2091.044677734375,2209.56103515625,2038.50048828125,1986.9801025390625,-171.060546875,171.060546875,1.4433496826609922,0.87,,645
ok,,14,transformer.single_transformer_blocks.1,single_transformer_blocks-1,single,1,0,bright_to_dark,bright,dark,a bright twinkling celesta passage,a dark heavy celesta passage,114,3.0,25,4.5,1.0,44100,25,25,2209.56103515625,2091.044677734375,2092.9951171875,2095.522216796875,1.950439453125,1.950439453125,0.016457132969267246,0.867,,645
ok,,14,transformer.single_transformer_blocks.1,single_transformer_blocks-1,single,1,0,dark_to_bright,dark,bright,a dark heavy celesta passage,a bright twinkling celesta passage,114,3.0,25,4.5,1.0,44100,25,25,2091.044677734375,2209.56103515625,2064.573974609375,2012.22998046875,-144.987060546875,144.987060546875,1.2233506302490715,0.868,,645
ok,,14,transformer.single_transformer_blocks.2,single_transformer_blocks-2,single,2,0,bright_to_dark,bright,dark,a bright twinkling celesta passage,a dark heavy celesta passage,114,3.0,25,4.5,1.0,44100,25,25,2209.56103515625,2091.044677734375,2108.380126953125,2099.615478515625,17.33544921875,17.33544921875,0.14627051991685944,0.863,,645
ok,,14,transformer.single_transformer_blocks.2,single_transformer_blocks-2,single,2,0,dark_to_bright,dark,bright,a dark heavy celesta passage,a bright twinkling celesta passage,114,3.0,25,4.5,1.0,44100,25,25,2091.044677734375,2209.56103515625,2088.3779296875,2042.8109130859375,-121.18310546875,121.18310546875,1.0225010969362005,0.87,,645
ok,,14,transformer.single_transformer_blocks.3,single_transformer_blocks-3,single,3,0,bright_to_dark,bright,dark,a bright twinkling celesta passage,a dark heavy celesta passage,114,3.0,25,4.5,1.0,44100,25,25,2209.56103515625,2091.044677734375,2134.832275390625,2119.844482421875,43.78759765625,43.78759765625,0.3694645921354309,0.867,,645
ok,,14,transformer.single_transformer_blocks.3,single_transformer_blocks-3,single,3,0,dark_to_bright,dark,bright,a dark heavy celesta passage,a bright twinkling celesta passage,114,3.0,25,4.5,1.0,44100,25,25,2091.044677734375,2209.56103515625,2116.14697265625,2063.615966796875,-93.4140625,93.4140625,0.7881955245003018,0.871,,645
ok,,14,transformer.single_transformer_blocks.4,single_transformer_blocks-4,single,4,0,bright_to_dark,bright,dark,a bright twinkling celesta passage,a dark heavy celesta passage,114,3.0,25,4.5,1.0,44100,25,25,2209.56103515625,2091.044677734375,2126.724365234375,2098.260986328125,35.6796875,35.6796875,0.30105285275511234,0.87,,645
ok,,14,transformer.single_transformer_blocks.4,single_transformer_blocks-4,single,4,0,dark_to_bright,dark,bright,a dark heavy celesta passage,a bright twinkling celesta passage,114,3.0,25,4.5,1.0,44100,25,25,2091.044677734375,2209.56103515625,2170.438232421875,2122.65576171875,-39.122802734375,39.122802734375,0.3301046672832856,0.87,,645
ok,,14,transformer.single_transformer_blocks.5,single_transformer_blocks-5,single,5,0,bright_to_dark,bright,dark,a bright twinkling celesta passage,a dark heavy celesta passage,114,3.0,25,4.5,1.0,44100,25,25,2209.56103515625,2091.044677734375,2144.694580078125,2133.84326171875,53.64990234375,53.64990234375,0.4526793052943394,0.869,,645
ok,,14,transformer.single_transformer_blocks.5,single_transformer_blocks-5,single,5,0,dark_to_bright,dark,bright,a dark heavy celesta passage,a bright twinkling celesta passage,114,3.0,25,4.5,1.0,44100,25,25,2091.044677734375,2209.56103515625,2189.315185546875,2145.53955078125,-20.245849609375,20.245849609375,0.17082747099041495,0.873,,645
ok,,14,transformer.single_transformer_blocks.6,single_transformer_blocks-6,single,6,0,bright_to_dark,bright,dark,a bright twinkling celesta passage,a dark heavy celesta passage,114,3.0,25,4.5,1.0,44100,25,25,2209.56103515625,2091.044677734375,2124.031982421875,2120.169677734375,32.9873046875,32.9873046875,0.2783354585399316,0.869,,645
ok,,14,transformer.single_transformer_blocks.6,single_transformer_blocks-6,single,6,0,dark_to_bright,dark,bright,a dark heavy celesta passage,a bright twinkling celesta passage,114,3.0,25,4.5,1.0,44100,25,25,2091.044677734375,2209.56103515625,2232.6083984375,2184.689697265625,23.04736328125,-23.04736328125,-0.19446567362182585,0.868,,645
ok,,14,transformer.single_transformer_blocks.7,single_transformer_blocks-7,single,7,0,bright_to_dark,bright,dark,a bright twinkling celesta passage,a dark heavy celesta passage,114,3.0,25,4.5,1.0,44100,25,25,2209.56103515625,2091.044677734375,2093.90869140625,2100.455078125,2.864013671875,2.864013671875,0.024165555997305552,0.871,,645
ok,,14,transformer.single_transformer_blocks.7,single_transformer_blocks-7,single,7,0,dark_to_bright,dark,bright,a dark heavy celesta passage,a bright twinkling celesta passage,114,3.0,25,4.5,1.0,44100,25,25,2091.044677734375,2209.56103515625,2276.925537109375,2233.083251953125,67.364501953125,-67.364501953125,-0.5683983495487627,0.864,,645
ok,,14,transformer.single_transformer_blocks.8,single_transformer_blocks-8,single,8,0,bright_to_dark,bright,dark,a bright twinkling celesta passage,a dark heavy celesta passage,114,3.0,25,4.5,1.0,44100,25,25,2209.56103515625,2091.044677734375,2096.481201171875,2073.291748046875,5.4365234375,5.4365234375,0.04587150293649306,0.866,,645
ok,,14,transformer.single_transformer_blocks.8,single_transformer_blocks-8,single,8,0,dark_to_bright,dark,bright,a dark heavy celesta passage,a bright twinkling celesta passage,114,3.0,25,4.5,1.0,44100,25,25,2091.044677734375,2209.56103515625,2312.685302734375,2270.623291015625,103.124267578125,-103.124267578125,-0.8701268738039275,0.872,,645
ok,,14,transformer.single_transformer_blocks.9,single_transformer_blocks-9,single,9,0,bright_to_dark,bright,dark,a bright twinkling celesta passage,a dark heavy celesta passage,114,3.0,25,4.5,1.0,44100,25,25,2209.56103515625,2091.044677734375,2093.55078125,2085.58837890625,2.506103515625,2.506103515625,0.02114563398792443,0.87,,645
ok,,14,transformer.single_transformer_blocks.9,single_transformer_blocks-9,single,9,0,dark_to_bright,dark,bright,a dark heavy celesta passage,a bright twinkling celesta passage,114,3.0,25,4.5,1.0,44100,25,25,2091.044677734375,2209.56103515625,2298.5419921875,2256.291259765625,88.98095703125,-88.98095703125,-0.7507905150553206,0.868,,645
ok,,14,transformer.single_transformer_blocks.10,single_transformer_blocks-10,single,10,0,bright_to_dark,bright,dark,a bright twinkling celesta passage,a dark heavy celesta passage,114,3.0,25,4.5,1.0,44100,25,25,2209.56103515625,2091.044677734375,2097.154052734375,2066.008544921875,6.109375,6.109375,0.05154879151620272,0.872,,645
ok,,14,transformer.single_transformer_blocks.10,single_transformer_blocks-10,single,10,0,dark_to_bright,dark,bright,a dark heavy celesta passage,a bright twinkling celesta passage,114,3.0,25,4.5,1.0,44100,25,25,2091.044677734375,2209.56103515625,2284.125244140625,2237.43603515625,74.564208984375,-74.564208984375,-0.6291469853309245,0.877,,645
ok,,14,transformer.single_transformer_blocks.11,single_transformer_blocks-11,single,11,0,bright_to_dark,bright,dark,a bright twinkling celesta passage,a dark heavy celesta passage,114,3.0,25,4.5,1.0,44100,25,25,2209.56103515625,2091.044677734375,2118.354248046875,2119.210693359375,27.3095703125,27.3095703125,0.2304287012069388,0.871,,645
ok,,14,transformer.single_transformer_blocks.11,single_transformer_blocks-11,single,11,0,dark_to_bright,dark,bright,a dark heavy celesta passage,a bright twinkling celesta passage,114,3.0,25,4.5,1.0,44100,25,25,2091.044677734375,2209.56103515625,2282.5546875,2227.873291015625,72.99365234375,-72.99365234375,-0.6158951720387358,0.872,,645
ok,,14,transformer.single_transformer_blocks.12,single_transformer_blocks-12,single,12,0,bright_to_dark,bright,dark,a bright twinkling celesta passage,a dark heavy celesta passage,114,3.0,25,4.5,1.0,44100,25,25,2209.56103515625,2091.044677734375,2113.35302734375,2126.326904296875,22.308349609375,22.308349609375,0.18823013206493863,0.877,,645
ok,,14,transformer.single_transformer_blocks.12,single_transformer_blocks-12,single,12,0,dark_to_bright,dark,bright,a dark heavy celesta passage,a bright twinkling celesta passage,114,3.0,25,4.5,1.0,44100,25,25,2091.044677734375,2209.56103515625,2299.94775390625,2247.339599609375,90.38671875,-90.38671875,-0.7626518458397793,0.873,,645
ok,,14,transformer.single_transformer_blocks.13,single_transformer_blocks-13,single,13,0,bright_to_dark,bright,dark,a bright twinkling celesta passage,a dark heavy celesta passage,114,3.0,25,4.5,1.0,44100,25,25,2209.56103515625,2091.044677734375,2141.419921875,2142.666259765625,50.375244140625,50.375244140625,0.4250488728851791,0.877,,645
ok,,14,transformer.single_transformer_blocks.13,single_transformer_blocks-13,single,13,0,dark_to_bright,dark,bright,a dark heavy celesta passage,a bright twinkling celesta passage,114,3.0,25,4.5,1.0,44100,25,25,2091.044677734375,2209.56103515625,2273.81005859375,2228.275390625,64.2490234375,-64.2490234375,-0.5421110202433653,0.875,,645
ok,,14,transformer.single_transformer_blocks.14,single_transformer_blocks-14,single,14,0,bright_to_dark,bright,dark,a bright twinkling celesta passage,a dark heavy celesta passage,114,3.0,25,4.5,1.0,44100,25,25,2209.56103515625,2091.044677734375,2178.734130859375,2193.10009765625,87.689453125,87.689453125,0.739893252142888,0.874,,645
ok,,14,transformer.single_transformer_blocks.14,single_transformer_blocks-14,single,14,0,dark_to_bright,dark,bright,a dark heavy celesta passage,a bright twinkling celesta passage,114,3.0,25,4.5,1.0,44100,25,25,2091.044677734375,2209.56103515625,2250.12255859375,2206.339111328125,40.5615234375,-40.5615234375,-0.34224409456929034,0.875,,645
ok,,14,transformer.single_transformer_blocks.15,single_transformer_blocks-15,single,15,0,bright_to_dark,bright,dark,a bright twinkling celesta passage,a dark heavy celesta passage,114,3.0,25,4.5,1.0,44100,25,25,2209.56103515625,2091.044677734375,2115.730224609375,2104.18310546875,24.685546875,24.685546875,0.20828809973570533,0.875,,645
ok,,14,transformer.single_transformer_blocks.15,single_transformer_blocks-15,single,15,0,dark_to_bright,dark,bright,a dark heavy celesta passage,a bright twinkling celesta passage,114,3.0,25,4.5,1.0,44100,25,25,2091.044677734375,2209.56103515625,2319.84033203125,2276.330078125,110.279296875,-110.279296875,-0.9304985343284381,0.874,,645
ok,,14,transformer.single_transformer_blocks.16,single_transformer_blocks-16,single,16,0,bright_to_dark,bright,dark,a bright twinkling celesta passage,a dark heavy celesta passage,114,3.0,25,4.5,1.0,44100,25,25,2209.56103515625,2091.044677734375,2153.640380859375,2165.438232421875,62.595703125,62.595703125,0.5281608757361832,0.878,,645
ok,,14,transformer.single_transformer_blocks.16,single_transformer_blocks-16,single,16,0,dark_to_bright,dark,bright,a dark heavy celesta passage,a bright twinkling celesta passage,114,3.0,25,4.5,1.0,44100,25,25,2091.044677734375,2209.56103515625,2297.65771484375,2251.99853515625,88.0966796875,-88.0966796875,-0.7433292889175455,0.876,,645
ok,,14,transformer.single_transformer_blocks.17,single_transformer_blocks-17,single,17,0,bright_to_dark,bright,dark,a bright twinkling celesta passage,a dark heavy celesta passage,114,3.0,25,4.5,1.0,44100,25,25,2209.56103515625,2091.044677734375,2254.70458984375,2271.74658203125,163.659912109375,163.659912109375,1.3809056882064423,0.877,,645
ok,,14,transformer.single_transformer_blocks.17,single_transformer_blocks-17,single,17,0,dark_to_bright,dark,bright,a dark heavy celesta passage,a bright twinkling celesta passage,114,3.0,25,4.5,1.0,44100,25,25,2091.044677734375,2209.56103515625,2041.557861328125,1995.0076904296875,-168.003173828125,168.003173828125,1.41755262718795,0.872,,645
ok,,15,transformer.single_transformer_blocks.0,single_transformer_blocks-0,single,0,0,bright_to_dark,bright,dark,a bright open church organ chord,a dark thunderous church organ chord,115,3.0,25,4.5,1.0,44100,25,25,1077.8778076171875,1176.032958984375,1094.8720703125,1035.1370849609375,-81.160888671875,-81.160888671875,0.8268632623086806,0.813,,645
ok,,15,transformer.single_transformer_blocks.0,single_transformer_blocks-0,single,0,0,dark_to_bright,dark,bright,a dark thunderous church organ chord,a bright open church organ chord,115,3.0,25,4.5,1.0,44100,25,25,1176.032958984375,1077.8778076171875,1144.609130859375,1107.205322265625,66.7313232421875,-66.7313232421875,0.6798555380201396,0.811,,645
ok,,15,transformer.single_transformer_blocks.1,single_transformer_blocks-1,single,1,0,bright_to_dark,bright,dark,a bright open church organ chord,a dark thunderous church organ chord,115,3.0,25,4.5,1.0,44100,25,25,1077.8778076171875,1176.032958984375,1083.6064453125,1025.6737060546875,-92.426513671875,-92.426513671875,0.9416369124236557,0.807,,645
ok,,15,transformer.single_transformer_blocks.1,single_transformer_blocks-1,single,1,0,dark_to_bright,dark,bright,a dark thunderous church organ chord,a bright open church organ chord,115,3.0,25,4.5,1.0,44100,25,25,1176.032958984375,1077.8778076171875,1149.0113525390625,1110.7445068359375,71.133544921875,-71.133544921875,0.7247051625010726,0.804,,645
ok,,15,transformer.single_transformer_blocks.2,single_transformer_blocks-2,single,2,0,bright_to_dark,bright,dark,a bright open church organ chord,a dark thunderous church organ chord,115,3.0,25,4.5,1.0,44100,25,25,1077.8778076171875,1176.032958984375,1080.0919189453125,1024.7576904296875,-95.9410400390625,-95.9410400390625,0.9774427394050644,0.804,,645
ok,,15,transformer.single_transformer_blocks.2,single_transformer_blocks-2,single,2,0,dark_to_bright,dark,bright,a dark thunderous church organ chord,a bright open church organ chord,115,3.0,25,4.5,1.0,44100,25,25,1176.032958984375,1077.8778076171875,1158.3673095703125,1118.9122314453125,80.489501953125,-80.489501953125,0.8200232064440788,0.81,,645
ok,,15,transformer.single_transformer_blocks.3,single_transformer_blocks-3,single,3,0,bright_to_dark,bright,dark,a bright open church organ chord,a dark thunderous church organ chord,115,3.0,25,4.5,1.0,44100,25,25,1077.8778076171875,1176.032958984375,1090.9066162109375,1029.0931396484375,-85.1263427734375,-85.1263427734375,0.8672631195380599,0.812,,645
ok,,15,transformer.single_transformer_blocks.3,single_transformer_blocks-3,single,3,0,dark_to_bright,dark,bright,a dark thunderous church organ chord,a bright open church organ chord,115,3.0,25,4.5,1.0,44100,25,25,1176.032958984375,1077.8778076171875,1154.75341796875,1116.614990234375,76.8756103515625,-76.8756103515625,0.7832050511947091,0.812,,645
ok,,15,transformer.single_transformer_blocks.4,single_transformer_blocks-4,single,4,0,bright_to_dark,bright,dark,a bright open church organ chord,a dark thunderous church organ chord,115,3.0,25,4.5,1.0,44100,25,25,1077.8778076171875,1176.032958984375,1085.2823486328125,1025.3046875,-90.7506103515625,-90.7506103515625,0.9245628893390889,0.808,,645
ok,,15,transformer.single_transformer_blocks.4,single_transformer_blocks-4,single,4,0,dark_to_bright,dark,bright,a dark thunderous church organ chord,a bright open church organ chord,115,3.0,25,4.5,1.0,44100,25,25,1176.032958984375,1077.8778076171875,1148.8599853515625,1111.364990234375,70.982177734375,-70.982177734375,0.7231630408152352,0.808,,645
ok,,15,transformer.single_transformer_blocks.5,single_transformer_blocks-5,single,5,0,bright_to_dark,bright,dark,a bright open church organ chord,a dark thunderous church organ chord,115,3.0,25,4.5,1.0,44100,25,25,1077.8778076171875,1176.032958984375,1075.958251953125,1014.7607421875,-100.07470703125,-100.07470703125,1.0195563415401567,0.808,,645
ok,,15,transformer.single_transformer_blocks.5,single_transformer_blocks-5,single,5,0,dark_to_bright,dark,bright,a dark thunderous church organ chord,a bright open church organ chord,115,3.0,25,4.5,1.0,44100,25,25,1176.032958984375,1077.8778076171875,1147.6458740234375,1109.6617431640625,69.76806640625,-69.76806640625,0.7107937325189936,0.81,,645
ok,,15,transformer.single_transformer_blocks.6,single_transformer_blocks-6,single,6,0,bright_to_dark,bright,dark,a bright open church organ chord,a dark thunderous church organ chord,115,3.0,25,4.5,1.0,44100,25,25,1077.8778076171875,1176.032958984375,1070.42236328125,1006.4964599609375,-105.610595703125,-105.610595703125,1.0759557112601,0.809,,645
ok,,15,transformer.single_transformer_blocks.6,single_transformer_blocks-6,single,6,0,dark_to_bright,dark,bright,a dark thunderous church organ chord,a bright open church organ chord,115,3.0,25,4.5,1.0,44100,25,25,1176.032958984375,1077.8778076171875,1148.057861328125,1106.432373046875,70.1800537109375,-70.1800537109375,0.7149910395268174,0.808,,645
ok,,15,transformer.single_transformer_blocks.7,single_transformer_blocks-7,single,7,0,bright_to_dark,bright,dark,a bright open church organ chord,a dark thunderous church organ chord,115,3.0,25,4.5,1.0,44100,25,25,1077.8778076171875,1176.032958984375,1075.8670654296875,1014.6610717773438,-100.1658935546875,-100.1658935546875,1.0204853454912217,0.807,,645
ok,,15,transformer.single_transformer_blocks.7,single_transformer_blocks-7,single,7,0,dark_to_bright,dark,bright,a dark thunderous church organ chord,a bright open church organ chord,115,3.0,25,4.5,1.0,44100,25,25,1176.032958984375,1077.8778076171875,1154.8792724609375,1117.1373291015625,77.00146484375,-77.00146484375,0.7844872507576917,0.8,,645
ok,,15,transformer.single_transformer_blocks.8,single_transformer_blocks-8,single,8,0,bright_to_dark,bright,dark,a bright open church organ chord,a dark thunderous church organ chord,115,3.0,25,4.5,1.0,44100,25,25,1077.8778076171875,1176.032958984375,1077.177490234375,1014.5291748046875,-98.85546875,-98.85546875,1.00713480009004,0.805,,645
ok,,15,transformer.single_transformer_blocks.8,single_transformer_blocks-8,single,8,0,dark_to_bright,dark,bright,a dark thunderous church organ chord,a bright open church organ chord,115,3.0,25,4.5,1.0,44100,25,25,1176.032958984375,1077.8778076171875,1177.020751953125,1136.4427490234375,99.1429443359375,-99.1429443359375,1.0100635876466104,0.809,,645
ok,,15,transformer.single_transformer_blocks.9,single_transformer_blocks-9,single,9,0,bright_to_dark,bright,dark,a bright open church organ chord,a dark thunderous church organ chord,115,3.0,25,4.5,1.0,44100,25,25,1077.8778076171875,1176.032958984375,1068.35400390625,1003.721923828125,-107.678955078125,-107.678955078125,1.0970280579091567,0.808,,645
ok,,15,transformer.single_transformer_blocks.9,single_transformer_blocks-9,single,9,0,dark_to_bright,dark,bright,a dark thunderous church organ chord,a bright open church organ chord,115,3.0,25,4.5,1.0,44100,25,25,1176.032958984375,1077.8778076171875,1182.4327392578125,1142.983154296875,104.554931640625,-104.554931640625,1.0652006561479044,0.807,,645
ok,,15,transformer.single_transformer_blocks.10,single_transformer_blocks-10,single,10,0,bright_to_dark,bright,dark,a bright open church organ chord,a dark thunderous church organ chord,115,3.0,25,4.5,1.0,44100,25,25,1077.8778076171875,1176.032958984375,1059.121826171875,999.9603881835938,-116.9111328125,-116.9111328125,1.1910850442800345,0.811,,645
ok,,15,transformer.single_transformer_blocks.10,single_transformer_blocks-10,single,10,0,dark_to_bright,dark,bright,a dark thunderous church organ chord,a bright open church organ chord,115,3.0,25,4.5,1.0,44100,25,25,1176.032958984375,1077.8778076171875,1189.9403076171875,1153.15576171875,112.0625,-112.0625,1.1416874044724017,0.809,,645
ok,,15,transformer.single_transformer_blocks.11,single_transformer_blocks-11,single,11,0,bright_to_dark,bright,dark,a bright open church organ chord,a dark thunderous church organ chord,115,3.0,25,4.5,1.0,44100,25,25,1077.8778076171875,1176.032958984375,1055.7835693359375,998.3299560546875,-120.2493896484375,-120.2493896484375,1.2250950456853549,0.811,,645
ok,,15,transformer.single_transformer_blocks.11,single_transformer_blocks-11,single,11,0,dark_to_bright,dark,bright,a dark thunderous church organ chord,a bright open church organ chord,115,3.0,25,4.5,1.0,44100,25,25,1176.032958984375,1077.8778076171875,1199.3416748046875,1164.3707275390625,121.4638671875,-121.4638671875,1.237468084921159,0.808,,645
ok,,15,transformer.single_transformer_blocks.12,single_transformer_blocks-12,single,12,0,bright_to_dark,bright,dark,a bright open church organ chord,a dark thunderous church organ chord,115,3.0,25,4.5,1.0,44100,25,25,1077.8778076171875,1176.032958984375,1061.398681640625,1002.012939453125,-114.63427734375,-114.63427734375,1.1678885493733886,0.815,,645
ok,,15,transformer.single_transformer_blocks.12,single_transformer_blocks-12,single,12,0,dark_to_bright,dark,bright,a dark thunderous church organ chord,a bright open church organ chord,115,3.0,25,4.5,1.0,44100,25,25,1176.032958984375,1077.8778076171875,1189.02490234375,1154.0885009765625,111.1470947265625,-111.1470947265625,1.1323612992126475,0.816,,645
ok,,15,transformer.single_transformer_blocks.13,single_transformer_blocks-13,single,13,0,bright_to_dark,bright,dark,a bright open church organ chord,a dark thunderous church organ chord,115,3.0,25,4.5,1.0,44100,25,25,1077.8778076171875,1176.032958984375,1065.005859375,1002.5906372070312,-111.027099609375,-111.027099609375,1.131138794682665,0.812,,645
ok,,15,transformer.single_transformer_blocks.13,single_transformer_blocks-13,single,13,0,dark_to_bright,dark,bright,a dark thunderous church organ chord,a bright open church organ chord,115,3.0,25,4.5,1.0,44100,25,25,1176.032958984375,1077.8778076171875,1180.779541015625,1145.204345703125,102.9017333984375,-102.9017333984375,1.0483579513162133,0.812,,645
ok,,15,transformer.single_transformer_blocks.14,single_transformer_blocks-14,single,14,0,bright_to_dark,bright,dark,a bright open church organ chord,a dark thunderous church organ chord,115,3.0,25,4.5,1.0,44100,25,25,1077.8778076171875,1176.032958984375,1070.3953857421875,1003.1748657226562,-105.6375732421875,-105.6375732421875,1.076230557141205,0.812,,645
ok,,15,transformer.single_transformer_blocks.14,single_transformer_blocks-14,single,14,0,dark_to_bright,dark,bright,a dark thunderous church organ chord,a bright open church organ chord,115,3.0,25,4.5,1.0,44100,25,25,1176.032958984375,1077.8778076171875,1168.1519775390625,1127.5281982421875,90.274169921875,-90.274169921875,0.9197089369682634,0.813,,645
ok,,15,transformer.single_transformer_blocks.15,single_transformer_blocks-15,single,15,0,bright_to_dark,bright,dark,a bright open church organ chord,a dark thunderous church organ chord,115,3.0,25,4.5,1.0,44100,25,25,1077.8778076171875,1176.032958984375,1072.0047607421875,999.3947143554688,-104.0281982421875,-104.0281982421875,1.0598343214104942,0.814,,645
ok,,15,transformer.single_transformer_blocks.15,single_transformer_blocks-15,single,15,0,dark_to_bright,dark,bright,a dark thunderous church organ chord,a bright open church organ chord,115,3.0,25,4.5,1.0,44100,25,25,1176.032958984375,1077.8778076171875,1183.4248046875,1139.4512939453125,105.5469970703125,-105.5469970703125,1.0753077714227441,0.813,,645
ok,,15,transformer.single_transformer_blocks.16,single_transformer_blocks-16,single,16,0,bright_to_dark,bright,dark,a bright open church organ chord,a dark thunderous church organ chord,115,3.0,25,4.5,1.0,44100,25,25,1077.8778076171875,1176.032958984375,1078.6553955078125,998.7575073242188,-97.3775634765625,-97.3775634765625,0.9920779716622704,0.814,,645
ok,,15,transformer.single_transformer_blocks.16,single_transformer_blocks-16,single,16,0,dark_to_bright,dark,bright,a dark thunderous church organ chord,a bright open church organ chord,115,3.0,25,4.5,1.0,44100,25,25,1176.032958984375,1077.8778076171875,1203.6104736328125,1159.1275634765625,125.732666015625,-125.732666015625,1.2809584037548176,0.814,,645
ok,,15,transformer.single_transformer_blocks.17,single_transformer_blocks-17,single,17,0,bright_to_dark,bright,dark,a bright open church organ chord,a dark thunderous church organ chord,115,3.0,25,4.5,1.0,44100,25,25,1077.8778076171875,1176.032958984375,1079.0196533203125,1005.6348876953125,-97.0133056640625,-97.0133056640625,0.9883669304440937,0.828,,645
ok,,15,transformer.single_transformer_blocks.17,single_transformer_blocks-17,single,17,0,dark_to_bright,dark,bright,a dark thunderous church organ chord,a bright open church organ chord,115,3.0,25,4.5,1.0,44100,25,25,1176.032958984375,1077.8778076171875,1164.9642333984375,1122.8662109375,87.08642578125,-87.08642578125,0.8872323517231344,0.81,,645
ok,,16,transformer.single_transformer_blocks.0,single_transformer_blocks-0,single,0,0,bright_to_dark,bright,dark,a bright lively folk fiddle tune,a dark slow folk fiddle tune,116,3.0,25,4.5,1.0,44100,25,25,1658.6729736328125,1054.4742431640625,1628.3082275390625,1610.838134765625,573.833984375,573.833984375,0.9497437770678657,0.861,,645
ok,,16,transformer.single_transformer_blocks.0,single_transformer_blocks-0,single,0,0,dark_to_bright,dark,bright,a dark slow folk fiddle tune,a bright lively folk fiddle tune,116,3.0,25,4.5,1.0,44100,25,25,1054.4742431640625,1658.6729736328125,1029.0391845703125,1023.3677978515625,-629.6337890625,629.6337890625,1.0420971731834274,0.864,,645
ok,,16,transformer.single_transformer_blocks.1,single_transformer_blocks-1,single,1,0,bright_to_dark,bright,dark,a bright lively folk fiddle tune,a dark slow folk fiddle tune,116,3.0,25,4.5,1.0,44100,25,25,1658.6729736328125,1054.4742431640625,1639.630859375,1618.70947265625,585.1566162109375,585.1566162109375,0.9684836903860436,0.864,,645
ok,,16,transformer.single_transformer_blocks.1,single_transformer_blocks-1,single,1,0,dark_to_bright,dark,bright,a dark slow folk fiddle tune,a bright lively folk fiddle tune,116,3.0,25,4.5,1.0,44100,25,25,1054.4742431640625,1658.6729736328125,1020.372802734375,1013.8082275390625,-638.3001708984375,638.3001708984375,1.0564407680950123,0.861,,645
ok,,16,transformer.single_transformer_blocks.2,single_transformer_blocks-2,single,2,0,bright_to_dark,bright,dark,a bright lively folk fiddle tune,a dark slow folk fiddle tune,116,3.0,25,4.5,1.0,44100,25,25,1658.6729736328125,1054.4742431640625,1636.7904052734375,1618.434814453125,582.316162109375,582.316162109375,0.9637824986120079,0.855,,645
ok,,16,transformer.single_transformer_blocks.2,single_transformer_blocks-2,single,2,0,dark_to_bright,dark,bright,a dark slow folk fiddle tune,a bright lively folk fiddle tune,116,3.0,25,4.5,1.0,44100,25,25,1054.4742431640625,1658.6729736328125,1024.9539794921875,1019.8048706054688,-633.718994140625,633.718994140625,1.0488585331004794,0.864,,645
ok,,16,transformer.single_transformer_blocks.3,single_transformer_blocks-3,single,3,0,bright_to_dark,bright,dark,a bright lively folk fiddle tune,a dark slow folk fiddle tune,116,3.0,25,4.5,1.0,44100,25,25,1658.6729736328125,1054.4742431640625,1641.8270263671875,1625.8531494140625,587.352783203125,587.352783203125,0.9721185325024507,0.861,,645
ok,,16,transformer.single_transformer_blocks.3,single_transformer_blocks-3,single,3,0,dark_to_bright,dark,bright,a dark slow folk fiddle tune,a bright lively folk fiddle tune,116,3.0,25,4.5,1.0,44100,25,25,1054.4742431640625,1658.6729736328125,1022.5248413085938,1015.4180908203125,-636.1481323242188,636.1481323242188,1.052878962242575,0.861,,645
ok,,16,transformer.single_transformer_blocks.4,single_transformer_blocks-4,single,4,0,bright_to_dark,bright,dark,a bright lively folk fiddle tune,a dark slow folk fiddle tune,116,3.0,25,4.5,1.0,44100,25,25,1658.6729736328125,1054.4742431640625,1642.74169921875,1627.169189453125,588.2674560546875,588.2674560546875,0.9736323934317064,0.864,,645
ok,,16,transformer.single_transformer_blocks.4,single_transformer_blocks-4,single,4,0,dark_to_bright,dark,bright,a dark slow folk fiddle tune,a bright lively folk fiddle tune,116,3.0,25,4.5,1.0,44100,25,25,1054.4742431640625,1658.6729736328125,1028.166015625,1018.278076171875,-630.5069580078125,630.5069580078125,1.0435423416375802,0.865,,645
ok,,16,transformer.single_transformer_blocks.5,single_transformer_blocks-5,single,5,0,bright_to_dark,bright,dark,a bright lively folk fiddle tune,a dark slow folk fiddle tune,116,3.0,25,4.5,1.0,44100,25,25,1658.6729736328125,1054.4742431640625,1642.9959716796875,1626.7952880859375,588.521728515625,588.521728515625,0.9740532358600581,0.863,,645
ok,,16,transformer.single_transformer_blocks.5,single_transformer_blocks-5,single,5,0,dark_to_bright,dark,bright,a dark slow folk fiddle tune,a bright lively folk fiddle tune,116,3.0,25,4.5,1.0,44100,25,25,1054.4742431640625,1658.6729736328125,1029.4212646484375,1021.0314331054688,-629.251708984375,629.251708984375,1.0414647983390968,0.865,,645
ok,,16,transformer.single_transformer_blocks.6,single_transformer_blocks-6,single,6,0,bright_to_dark,bright,dark,a bright lively folk fiddle tune,a dark slow folk fiddle tune,116,3.0,25,4.5,1.0,44100,25,25,1658.6729736328125,1054.4742431640625,1643.271240234375,1623.1346435546875,588.7969970703125,588.7969970703125,0.9745088285993443,0.863,,645
ok,,16,transformer.single_transformer_blocks.6,single_transformer_blocks-6,single,6,0,dark_to_bright,dark,bright,a dark slow folk fiddle tune,a bright lively folk fiddle tune,116,3.0,25,4.5,1.0,44100,25,25,1054.4742431640625,1658.6729736328125,1031.849365234375,1021.8817138671875,-626.8236083984375,626.8236083984375,1.0374460865088786,0.861,,645
ok,,16,transformer.single_transformer_blocks.7,single_transformer_blocks-7,single,7,0,bright_to_dark,bright,dark,a bright lively folk fiddle tune,a dark slow folk fiddle tune,116,3.0,25,4.5,1.0,44100,25,25,1658.6729736328125,1054.4742431640625,1641.3294677734375,1622.5655517578125,586.855224609375,586.855224609375,0.9712950309479804,0.862,,645
ok,,16,transformer.single_transformer_blocks.7,single_transformer_blocks-7,single,7,0,dark_to_bright,dark,bright,a dark slow folk fiddle tune,a bright lively folk fiddle tune,116,3.0,25,4.5,1.0,44100,25,25,1054.4742431640625,1658.6729736328125,1031.3370361328125,1017.3427124023438,-627.3359375,627.3359375,1.038294034503018,0.858,,645
ok,,16,transformer.single_transformer_blocks.8,single_transformer_blocks-8,single,8,0,bright_to_dark,bright,dark,a bright lively folk fiddle tune,a dark slow folk fiddle tune,116,3.0,25,4.5,1.0,44100,25,25,1658.6729736328125,1054.4742431640625,1633.1556396484375,1609.079345703125,578.681396484375,578.681396484375,0.9577666540865153,0.862,,645
ok,,16,transformer.single_transformer_blocks.8,single_transformer_blocks-8,single,8,0,dark_to_bright,dark,bright,a dark slow folk fiddle tune,a bright lively folk fiddle tune,116,3.0,25,4.5,1.0,44100,25,25,1054.4742431640625,1658.6729736328125,1028.74658203125,1012.114013671875,-629.9263916015625,629.9263916015625,1.0425814551329038,0.863,,645
ok,,16,transformer.single_transformer_blocks.9,single_transformer_blocks-9,single,9,0,bright_to_dark,bright,dark,a bright lively folk fiddle tune,a dark slow folk fiddle tune,116,3.0,25,4.5,1.0,44100,25,25,1658.6729736328125,1054.4742431640625,1627.5169677734375,1605.170654296875,573.042724609375,573.042724609375,0.9484341752336959,0.862,,645
ok,,16,transformer.single_transformer_blocks.9,single_transformer_blocks-9,single,9,0,dark_to_bright,dark,bright,a dark slow folk fiddle tune,a bright lively folk fiddle tune,116,3.0,25,4.5,1.0,44100,25,25,1054.4742431640625,1658.6729736328125,1034.3885498046875,1015.9754028320312,-624.284423828125,624.284423828125,1.0332435212894144,0.86,,645
ok,,16,transformer.single_transformer_blocks.10,single_transformer_blocks-10,single,10,0,bright_to_dark,bright,dark,a bright lively folk fiddle tune,a dark slow folk fiddle tune,116,3.0,25,4.5,1.0,44100,25,25,1658.6729736328125,1054.4742431640625,1626.1229248046875,1599.9071044921875,571.648681640625,571.648681640625,0.9461269162170003,0.866,,645
ok,,16,transformer.single_transformer_blocks.10,single_transformer_blocks-10,single,10,0,dark_to_bright,dark,bright,a dark slow folk fiddle tune,a bright lively folk fiddle tune,116,3.0,25,4.5,1.0,44100,25,25,1054.4742431640625,1658.6729736328125,1040.660888671875,1026.001953125,-618.0120849609375,618.0120849609375,1.022862269971125,0.866,,645
ok,,16,transformer.single_transformer_blocks.11,single_transformer_blocks-11,single,11,0,bright_to_dark,bright,dark,a bright lively folk fiddle tune,a dark slow folk fiddle tune,116,3.0,25,4.5,1.0,44100,25,25,1658.6729736328125,1054.4742431640625,1634.2618408203125,1613.3238525390625,579.78759765625,579.78759765625,0.9595975105847022,0.864,,645
ok,,16,transformer.single_transformer_blocks.11,single_transformer_blocks-11,single,11,0,dark_to_bright,dark,bright,a dark slow folk fiddle tune,a bright lively folk fiddle tune,116,3.0,25,4.5,1.0,44100,25,25,1054.4742431640625,1658.6729736328125,1041.8385009765625,1026.7720947265625,-616.83447265625,616.83447265625,1.0209132220084225,0.859,,645
ok,,16,transformer.single_transformer_blocks.12,single_transformer_blocks-12,single,12,0,bright_to_dark,bright,dark,a bright lively folk fiddle tune,a dark slow folk fiddle tune,116,3.0,25,4.5,1.0,44100,25,25,1658.6729736328125,1054.4742431640625,1644.855712890625,1629.837890625,590.3814697265625,590.3814697265625,0.9771312648547478,0.87,,645
ok,,16,transformer.single_transformer_blocks.12,single_transformer_blocks-12,single,12,0,dark_to_bright,dark,bright,a dark slow folk fiddle tune,a bright lively folk fiddle tune,116,3.0,25,4.5,1.0,44100,25,25,1054.4742431640625,1658.6729736328125,1032.669189453125,1019.76025390625,-626.0037841796875,626.0037841796875,1.0360892080889026,0.868,,645
ok,,16,transformer.single_transformer_blocks.13,single_transformer_blocks-13,single,13,0,bright_to_dark,bright,dark,a bright lively folk fiddle tune,a dark slow folk fiddle tune,116,3.0,25,4.5,1.0,44100,25,25,1658.6729736328125,1054.4742431640625,1653.128173828125,1639.3935546875,598.6539306640625,598.6539306640625,0.9908228873629282,0.867,,645
ok,,16,transformer.single_transformer_blocks.13,single_transformer_blocks-13,single,13,0,dark_to_bright,dark,bright,a dark slow folk fiddle tune,a bright lively folk fiddle tune,116,3.0,25,4.5,1.0,44100,25,25,1054.4742431640625,1658.6729736328125,1024.0567626953125,1010.51611328125,-634.6162109375,634.6162109375,1.0503435027828534,0.868,,645
ok,,16,transformer.single_transformer_blocks.14,single_transformer_blocks-14,single,14,0,bright_to_dark,bright,dark,a bright lively folk fiddle tune,a dark slow folk fiddle tune,116,3.0,25,4.5,1.0,44100,25,25,1658.6729736328125,1054.4742431640625,1656.89892578125,1641.28759765625,602.4246826171875,602.4246826171875,0.9970638007627289,0.865,,645
ok,,16,transformer.single_transformer_blocks.14,single_transformer_blocks-14,single,14,0,dark_to_bright,dark,bright,a dark slow folk fiddle tune,a bright lively folk fiddle tune,116,3.0,25,4.5,1.0,44100,25,25,1054.4742431640625,1658.6729736328125,1020.4026489257812,1004.7620239257812,-638.2703247070312,638.2703247070312,1.0563913701239456,0.866,,645
ok,,16,transformer.single_transformer_blocks.15,single_transformer_blocks-15,single,15,0,bright_to_dark,bright,dark,a bright lively folk fiddle tune,a dark slow folk fiddle tune,116,3.0,25,4.5,1.0,44100,25,25,1658.6729736328125,1054.4742431640625,1647.169921875,1623.2225341796875,592.6956787109375,592.6956787109375,0.9809614764518154,0.868,,645
ok,,16,transformer.single_transformer_blocks.15,single_transformer_blocks-15,single,15,0,dark_to_bright,dark,bright,a dark slow folk fiddle tune,a bright lively folk fiddle tune,116,3.0,25,4.5,1.0,44100,25,25,1054.4742431640625,1658.6729736328125,1039.7374267578125,1024.43896484375,-618.935546875,618.935546875,1.0243906775421672,0.865,,645
ok,,16,transformer.single_transformer_blocks.16,single_transformer_blocks-16,single,16,0,bright_to_dark,bright,dark,a bright lively folk fiddle tune,a dark slow folk fiddle tune,116,3.0,25,4.5,1.0,44100,25,25,1658.6729736328125,1054.4742431640625,1659.523681640625,1638.03759765625,605.0494384765625,605.0494384765625,1.0014079937029203,0.867,,645
ok,,16,transformer.single_transformer_blocks.16,single_transformer_blocks-16,single,16,0,dark_to_bright,dark,bright,a dark slow folk fiddle tune,a bright lively folk fiddle tune,116,3.0,25,4.5,1.0,44100,25,25,1054.4742431640625,1658.6729736328125,1043.20947265625,1028.2237548828125,-615.4635009765625,615.4635009765625,1.0186441479264166,0.869,,645
ok,,16,transformer.single_transformer_blocks.17,single_transformer_blocks-17,single,17,0,bright_to_dark,bright,dark,a bright lively folk fiddle tune,a dark slow folk fiddle tune,116,3.0,25,4.5,1.0,44100,25,25,1658.6729736328125,1054.4742431640625,1672.2552490234375,1651.9183349609375,617.781005859375,617.781005859375,1.0224798145141543,0.87,,645
ok,,16,transformer.single_transformer_blocks.17,single_transformer_blocks-17,single,17,0,dark_to_bright,dark,bright,a dark slow folk fiddle tune,a bright lively folk fiddle tune,116,3.0,25,4.5,1.0,44100,25,25,1054.4742431640625,1658.6729736328125,1040.58203125,1025.034912109375,-618.0909423828125,618.0909423828125,1.0229927856738206,0.866,,645
ok,,17,transformer.single_transformer_blocks.0,single_transformer_blocks-0,single,0,0,bright_to_dark,bright,dark,a bright pop synth arpeggio,a dark cinematic synth arpeggio,117,3.0,25,4.5,1.0,44100,25,25,3296.32373046875,979.0730590820312,2840.34765625,2784.07861328125,1861.2745971679688,1861.2745971679688,0.8032253998891372,0.963,,645
ok,,17,transformer.single_transformer_blocks.0,single_transformer_blocks-0,single,0,0,dark_to_bright,dark,bright,a dark cinematic synth arpeggio,a bright pop synth arpeggio,117,3.0,25,4.5,1.0,44100,25,25,979.0730590820312,3296.32373046875,1059.290771484375,1027.0430908203125,-2237.032958984375,2237.032958984375,0.9653823760230744,0.973,,645
ok,,17,transformer.single_transformer_blocks.1,single_transformer_blocks-1,single,1,0,bright_to_dark,bright,dark,a bright pop synth arpeggio,a dark cinematic synth arpeggio,117,3.0,25,4.5,1.0,44100,25,25,3296.32373046875,979.0730590820312,2833.611083984375,2761.97216796875,1854.5380249023438,1854.5380249023438,0.8003182598249189,0.973,,645
ok,,17,transformer.single_transformer_blocks.1,single_transformer_blocks-1,single,1,0,dark_to_bright,dark,bright,a dark cinematic synth arpeggio,a bright pop synth arpeggio,117,3.0,25,4.5,1.0,44100,25,25,979.0730590820312,3296.32373046875,1056.0155029296875,1027.9718017578125,-2240.3082275390625,2240.3082275390625,0.96679580470178,0.971,,645
ok,,17,transformer.single_transformer_blocks.2,single_transformer_blocks-2,single,2,0,bright_to_dark,bright,dark,a bright pop synth arpeggio,a dark cinematic synth arpeggio,117,3.0,25,4.5,1.0,44100,25,25,3296.32373046875,979.0730590820312,2816.85205078125,2730.635498046875,1837.7789916992188,1837.7789916992188,0.7930859679498686,0.963,,645
ok,,17,transformer.single_transformer_blocks.2,single_transformer_blocks-2,single,2,0,dark_to_bright,dark,bright,a dark cinematic synth arpeggio,a bright pop synth arpeggio,117,3.0,25,4.5,1.0,44100,25,25,979.0730590820312,3296.32373046875,1078.675048828125,1048.3548583984375,-2217.648681640625,2217.648681640625,0.957017170832671,0.977,,645
ok,,17,transformer.single_transformer_blocks.3,single_transformer_blocks-3,single,3,0,bright_to_dark,bright,dark,a bright pop synth arpeggio,a dark cinematic synth arpeggio,117,3.0,25,4.5,1.0,44100,25,25,3296.32373046875,979.0730590820312,2856.737060546875,2783.343994140625,1877.6640014648438,1877.6640014648438,0.8102981799294023,0.969,,645
ok,,17,transformer.single_transformer_blocks.3,single_transformer_blocks-3,single,3,0,dark_to_bright,dark,bright,a dark cinematic synth arpeggio,a bright pop synth arpeggio,117,3.0,25,4.5,1.0,44100,25,25,979.0730590820312,3296.32373046875,1061.55615234375,1032.5711669921875,-2234.767578125,2234.767578125,0.9644047602271885,0.971,,645
ok,,17,transformer.single_transformer_blocks.4,single_transformer_blocks-4,single,4,0,bright_to_dark,bright,dark,a bright pop synth arpeggio,a dark cinematic synth arpeggio,117,3.0,25,4.5,1.0,44100,25,25,3296.32373046875,979.0730590820312,2873.977294921875,2810.544677734375,1894.9042358398438,1894.9042358398438,0.8177381321917455,0.975,,645
ok,,17,transformer.single_transformer_blocks.4,single_transformer_blocks-4,single,4,0,dark_to_bright,dark,bright,a dark cinematic synth arpeggio,a bright pop synth arpeggio,117,3.0,25,4.5,1.0,44100,25,25,979.0730590820312,3296.32373046875,1051.077392578125,1019.2633666992188,-2245.246337890625,2245.246337890625,0.9689268259212526,0.969,,645
ok,,17,transformer.single_transformer_blocks.5,single_transformer_blocks-5,single,5,0,bright_to_dark,bright,dark,a bright pop synth arpeggio,a dark cinematic synth arpeggio,117,3.0,25,4.5,1.0,44100,25,25,3296.32373046875,979.0730590820312,2942.724853515625,2876.906982421875,1963.6517944335938,1963.6517944335938,0.8474058584514209,0.974,,645
ok,,17,transformer.single_transformer_blocks.5,single_transformer_blocks-5,single,5,0,dark_to_bright,dark,bright,a dark cinematic synth arpeggio,a bright pop synth arpeggio,117,3.0,25,4.5,1.0,44100,25,25,979.0730590820312,3296.32373046875,1043.9071044921875,1012.5997924804688,-2252.4166259765625,2252.4166259765625,0.9720211342645302,0.971,,645
ok,,17,transformer.single_transformer_blocks.6,single_transformer_blocks-6,single,6,0,bright_to_dark,bright,dark,a bright pop synth arpeggio,a dark cinematic synth arpeggio,117,3.0,25,4.5,1.0,44100,25,25,3296.32373046875,979.0730590820312,2974.114013671875,2923.770263671875,1995.0409545898438,1995.0409545898438,0.8609517214622041,0.97,,645
ok,,17,transformer.single_transformer_blocks.6,single_transformer_blocks-6,single,6,0,dark_to_bright,dark,bright,a dark cinematic synth arpeggio,a bright pop synth arpeggio,117,3.0,25,4.5,1.0,44100,25,25,979.0730590820312,3296.32373046875,1032.9193115234375,1002.32373046875,-2263.4044189453125,2263.4044189453125,0.9767628711445435,0.962,,645
ok,,17,transformer.single_transformer_blocks.7,single_transformer_blocks-7,single,7,0,bright_to_dark,bright,dark,a bright pop synth arpeggio,a dark cinematic synth arpeggio,117,3.0,25,4.5,1.0,44100,25,25,3296.32373046875,979.0730590820312,3042.27685546875,2963.356201171875,2063.2037963867188,2063.2037963867188,0.890367115592216,0.962,,645
ok,,17,transformer.single_transformer_blocks.7,single_transformer_blocks-7,single,7,0,dark_to_bright,dark,bright,a dark cinematic synth arpeggio,a bright pop synth arpeggio,117,3.0,25,4.5,1.0,44100,25,25,979.0730590820312,3296.32373046875,1005.5690307617188,973.1498413085938,-2290.7546997070312,2290.7546997070312,0.9885657723582268,0.962,,645
ok,,17,transformer.single_transformer_blocks.8,single_transformer_blocks-8,single,8,0,bright_to_dark,bright,dark,a bright pop synth arpeggio,a dark cinematic synth arpeggio,117,3.0,25,4.5,1.0,44100,25,25,3296.32373046875,979.0730590820312,3081.4326171875,2995.590576171875,2102.3595581054688,2102.3595581054688,0.9072646235753803,0.961,,645
ok,,17,transformer.single_transformer_blocks.8,single_transformer_blocks-8,single,8,0,dark_to_bright,dark,bright,a dark cinematic synth arpeggio,a bright pop synth arpeggio,117,3.0,25,4.5,1.0,44100,25,25,979.0730590820312,3296.32373046875,986.972412109375,955.5987548828125,-2309.351318359375,2309.351318359375,0.9965910666787653,0.966,,645
ok,,17,transformer.single_transformer_blocks.9,single_transformer_blocks-9,single,9,0,bright_to_dark,bright,dark,a bright pop synth arpeggio,a dark cinematic synth arpeggio,117,3.0,25,4.5,1.0,44100,25,25,3296.32373046875,979.0730590820312,3107.231689453125,3027.34130859375,2128.1586303710938,2128.1586303710938,0.9183981071402749,0.967,,645
ok,,17,transformer.single_transformer_blocks.9,single_transformer_blocks-9,single,9,0,dark_to_bright,dark,bright,a dark cinematic synth arpeggio,a bright pop synth arpeggio,117,3.0,25,4.5,1.0,44100,25,25,979.0730590820312,3296.32373046875,972.6898803710938,940.174072265625,-2323.6338500976562,2323.6338500976562,1.0027546345286493,0.963,,645
ok,,17,transformer.single_transformer_blocks.10,single_transformer_blocks-10,single,10,0,bright_to_dark,bright,dark,a bright pop synth arpeggio,a dark cinematic synth arpeggio,117,3.0,25,4.5,1.0,44100,25,25,3296.32373046875,979.0730590820312,3123.09716796875,3063.320556640625,2144.0241088867188,2144.0241088867188,0.925244789163731,0.971,,645
ok,,17,transformer.single_transformer_blocks.10,single_transformer_blocks-10,single,10,0,dark_to_bright,dark,bright,a dark cinematic synth arpeggio,a bright pop synth arpeggio,117,3.0,25,4.5,1.0,44100,25,25,979.0730590820312,3296.32373046875,917.3230590820312,887.134521484375,-2379.0006713867188,2379.0006713867188,1.0266479586185844,0.969,,645
ok,,17,transformer.single_transformer_blocks.11,single_transformer_blocks-11,single,11,0,bright_to_dark,bright,dark,a bright pop synth arpeggio,a dark cinematic synth arpeggio,117,3.0,25,4.5,1.0,44100,25,25,3296.32373046875,979.0730590820312,3127.057373046875,3040.263427734375,2147.9843139648438,2147.9843139648438,0.9269537993830506,0.969,,645
ok,,17,transformer.single_transformer_blocks.11,single_transformer_blocks-11,single,11,0,dark_to_bright,dark,bright,a dark cinematic synth arpeggio,a bright pop synth arpeggio,117,3.0,25,4.5,1.0,44100,25,25,979.0730590820312,3296.32373046875,987.2630004882812,962.8720092773438,-2309.0607299804688,2309.0607299804688,0.996465664458585,0.969,,645
ok,,17,transformer.single_transformer_blocks.12,single_transformer_blocks-12,single,12,0,bright_to_dark,bright,dark,a bright pop synth arpeggio,a dark cinematic synth arpeggio,117,3.0,25,4.5,1.0,44100,25,25,3296.32373046875,979.0730590820312,3214.536376953125,3146.451416015625,2235.4633178710938,2235.4633178710938,0.964705003854123,0.973,,645
ok,,17,transformer.single_transformer_blocks.12,single_transformer_blocks-12,single,12,0,dark_to_bright,dark,bright,a dark cinematic synth arpeggio,a bright pop synth arpeggio,117,3.0,25,4.5,1.0,44100,25,25,979.0730590820312,3296.32373046875,952.24951171875,932.6342163085938,-2344.07421875,2344.07421875,1.0115755915812203,0.981,,645
ok,,17,transformer.single_transformer_blocks.13,single_transformer_blocks-13,single,13,0,bright_to_dark,bright,dark,a bright pop synth arpeggio,a dark cinematic synth arpeggio,117,3.0,25,4.5,1.0,44100,25,25,3296.32373046875,979.0730590820312,3214.379150390625,3160.092529296875,2235.3060913085938,2235.3060913085938,0.9646371533775038,0.966,,645
ok,,17,transformer.single_transformer_blocks.13,single_transformer_blocks-13,single,13,0,dark_to_bright,dark,bright,a dark cinematic synth arpeggio,a bright pop synth arpeggio,117,3.0,25,4.5,1.0,44100,25,25,979.0730590820312,3296.32373046875,963.3356323242188,951.7507934570312,-2332.9880981445312,2332.9880981445312,1.0067914218138492,0.977,,645
ok,,17,transformer.single_transformer_blocks.14,single_transformer_blocks-14,single,14,0,bright_to_dark,bright,dark,a bright pop synth arpeggio,a dark cinematic synth arpeggio,117,3.0,25,4.5,1.0,44100,25,25,3296.32373046875,979.0730590820312,3281.804443359375,3243.92333984375,2302.7313842773438,2302.7313842773438,0.993734261343126,0.974,,645
ok,,17,transformer.single_transformer_blocks.14,single_transformer_blocks-14,single,14,0,dark_to_bright,dark,bright,a dark cinematic synth arpeggio,a bright pop synth arpeggio,117,3.0,25,4.5,1.0,44100,25,25,979.0730590820312,3296.32373046875,948.1158447265625,931.6434936523438,-2348.2078857421875,2348.2078857421875,1.0133594585763752,0.975,,645
ok,,17,transformer.single_transformer_blocks.15,single_transformer_blocks-15,single,15,0,bright_to_dark,bright,dark,a bright pop synth arpeggio,a dark cinematic synth arpeggio,117,3.0,25,4.5,1.0,44100,25,25,3296.32373046875,979.0730590820312,3206.498779296875,3141.107666015625,2227.4257202148438,2227.4257202148438,0.9612364116316683,0.976,,645
ok,,17,transformer.single_transformer_blocks.15,single_transformer_blocks-15,single,15,0,dark_to_bright,dark,bright,a dark cinematic synth arpeggio,a bright pop synth arpeggio,117,3.0,25,4.5,1.0,44100,25,25,979.0730590820312,3296.32373046875,998.7732543945312,972.7117309570312,-2297.5504760742188,2297.5504760742188,0.9914984617090603,0.98,,645
ok,,17,transformer.single_transformer_blocks.16,single_transformer_blocks-16,single,16,0,bright_to_dark,bright,dark,a bright pop synth arpeggio,a dark cinematic synth arpeggio,117,3.0,25,4.5,1.0,44100,25,25,3296.32373046875,979.0730590820312,3297.137451171875,3223.959716796875,2318.0643920898438,2318.0643920898438,1.0003511578238697,0.975,,645
ok,,17,transformer.single_transformer_blocks.16,single_transformer_blocks-16,single,16,0,dark_to_bright,dark,bright,a dark cinematic synth arpeggio,a bright pop synth arpeggio,117,3.0,25,4.5,1.0,44100,25,25,979.0730590820312,3296.32373046875,1006.2946166992188,981.518310546875,-2290.0291137695312,2290.0291137695312,0.9882526487301017,0.979,,645
ok,,17,transformer.single_transformer_blocks.17,single_transformer_blocks-17,single,17,0,bright_to_dark,bright,dark,a bright pop synth arpeggio,a dark cinematic synth arpeggio,117,3.0,25,4.5,1.0,44100,25,25,3296.32373046875,979.0730590820312,3349.36865234375,3283.40234375,2370.2955932617188,2370.2955932617188,1.0228913179441463,0.981,,645
ok,,17,transformer.single_transformer_blocks.17,single_transformer_blocks-17,single,17,0,dark_to_bright,dark,bright,a dark cinematic synth arpeggio,a bright pop synth arpeggio,117,3.0,25,4.5,1.0,44100,25,25,979.0730590820312,3296.32373046875,961.4164428710938,931.6869506835938,-2334.9072875976562,2334.9072875976562,1.0076196401317132,0.975,,645
ok,,18,transformer.single_transformer_blocks.0,single_transformer_blocks-0,single,0,0,bright_to_dark,bright,dark,a bright crisp snare drum roll,a dark muffled snare drum roll,118,3.0,25,4.5,1.0,44100,25,25,3301.8857421875,1677.6182861328125,3168.70166015625,3468.72021484375,1491.0833740234375,1491.0833740234375,0.9180036012327973,0.856,,645
ok,,18,transformer.single_transformer_blocks.0,single_transformer_blocks-0,single,0,0,dark_to_bright,dark,bright,a dark muffled snare drum roll,a bright crisp snare drum roll,118,3.0,25,4.5,1.0,44100,25,25,1677.6182861328125,3301.8857421875,1666.9927978515625,1506.7589111328125,-1634.8929443359375,1634.8929443359375,1.0065417109981747,0.859,,645
ok,,18,transformer.single_transformer_blocks.1,single_transformer_blocks-1,single,1,0,bright_to_dark,bright,dark,a bright crisp snare drum roll,a dark muffled snare drum roll,118,3.0,25,4.5,1.0,44100,25,25,3301.8857421875,1677.6182861328125,3156.8349609375,3485.713623046875,1479.2166748046875,1479.2166748046875,0.9106977236357826,0.857,,645
ok,,18,transformer.single_transformer_blocks.1,single_transformer_blocks-1,single,1,0,dark_to_bright,dark,bright,a dark muffled snare drum roll,a bright crisp snare drum roll,118,3.0,25,4.5,1.0,44100,25,25,1677.6182861328125,3301.8857421875,1669.484619140625,1511.052978515625,-1632.401123046875,1632.401123046875,1.0050075909369902,0.854,,645
ok,,18,transformer.single_transformer_blocks.2,single_transformer_blocks-2,single,2,0,bright_to_dark,bright,dark,a bright crisp snare drum roll,a dark muffled snare drum roll,118,3.0,25,4.5,1.0,44100,25,25,3301.8857421875,1677.6182861328125,3146.4052734375,3494.72265625,1468.7869873046875,1468.7869873046875,0.9042765597682669,0.852,,645
ok,,18,transformer.single_transformer_blocks.2,single_transformer_blocks-2,single,2,0,dark_to_bright,dark,bright,a dark muffled snare drum roll,a bright crisp snare drum roll,118,3.0,25,4.5,1.0,44100,25,25,1677.6182861328125,3301.8857421875,1659.936767578125,1490.2198486328125,-1641.948974609375,1641.948974609375,1.010885841792112,0.857,,645
ok,,18,transformer.single_transformer_blocks.3,single_transformer_blocks-3,single,3,0,bright_to_dark,bright,dark,a bright crisp snare drum roll,a dark muffled snare drum roll,118,3.0,25,4.5,1.0,44100,25,25,3301.8857421875,1677.6182861328125,3160.89990234375,3494.248779296875,1483.2816162109375,1483.2816162109375,0.9132003542161697,0.859,,645
ok,,18,transformer.single_transformer_blocks.3,single_transformer_blocks-3,single,3,0,dark_to_bright,dark,bright,a dark muffled snare drum roll,a bright crisp snare drum roll,118,3.0,25,4.5,1.0,44100,25,25,1677.6182861328125,3301.8857421875,1667.91650390625,1520.8013916015625,-1633.96923828125,1633.96923828125,1.005973020139262,0.859,,645
ok,,18,transformer.single_transformer_blocks.4,single_transformer_blocks-4,single,4,0,bright_to_dark,bright,dark,a bright crisp snare drum roll,a dark muffled snare drum roll,118,3.0,25,4.5,1.0,44100,25,25,3301.8857421875,1677.6182861328125,3176.98388671875,3527.03955078125,1499.3656005859375,1499.3656005859375,0.9231026546747824,0.86,,645
ok,,18,transformer.single_transformer_blocks.4,single_transformer_blocks-4,single,4,0,dark_to_bright,dark,bright,a dark muffled snare drum roll,a bright crisp snare drum roll,118,3.0,25,4.5,1.0,44100,25,25,1677.6182861328125,3301.8857421875,1682.6474609375,1523.7911376953125,-1619.23828125,1619.23828125,0.9969037274089679,0.861,,645
ok,,18,transformer.single_transformer_blocks.5,single_transformer_blocks-5,single,5,0,bright_to_dark,bright,dark,a bright crisp snare drum roll,a dark muffled snare drum roll,118,3.0,25,4.5,1.0,44100,25,25,3301.8857421875,1677.6182861328125,3173.813232421875,3472.233642578125,1496.1949462890625,1496.1949462890625,0.9211506028220805,0.857,,645
ok,,18,transformer.single_transformer_blocks.5,single_transformer_blocks-5,single,5,0,dark_to_bright,dark,bright,a dark muffled snare drum roll,a bright crisp snare drum roll,118,3.0,25,4.5,1.0,44100,25,25,1677.6182861328125,3301.8857421875,1685.893310546875,1512.2750244140625,-1615.992431640625,1615.992431640625,0.9949053806482324,0.859,,645
ok,,18,transformer.single_transformer_blocks.6,single_transformer_blocks-6,single,6,0,bright_to_dark,bright,dark,a bright crisp snare drum roll,a dark muffled snare drum roll,118,3.0,25,4.5,1.0,44100,25,25,3301.8857421875,1677.6182861328125,3162.043212890625,3475.342529296875,1484.4249267578125,1484.4249267578125,0.9139042472496803,0.86,,645
ok,,18,transformer.single_transformer_blocks.6,single_transformer_blocks-6,single,6,0,dark_to_bright,dark,bright,a dark muffled snare drum roll,a bright crisp snare drum roll,118,3.0,25,4.5,1.0,44100,25,25,1677.6182861328125,3301.8857421875,1687.334228515625,1500.7056884765625,-1614.551513671875,1614.551513671875,0.994018261988446,0.857,,645
ok,,18,transformer.single_transformer_blocks.7,single_transformer_blocks-7,single,7,0,bright_to_dark,bright,dark,a bright crisp snare drum roll,a dark muffled snare drum roll,118,3.0,25,4.5,1.0,44100,25,25,3301.8857421875,1677.6182861328125,3123.17578125,3442.7802734375,1445.5574951171875,1445.5574951171875,0.8899750405813197,0.858,,645
ok,,18,transformer.single_transformer_blocks.7,single_transformer_blocks-7,single,7,0,dark_to_bright,dark,bright,a dark muffled snare drum roll,a bright crisp snare drum roll,118,3.0,25,4.5,1.0,44100,25,25,1677.6182861328125,3301.8857421875,1669.5355224609375,1476.4752197265625,-1632.3502197265625,1632.3502197265625,1.0049762516891818,0.851,,645
ok,,18,transformer.single_transformer_blocks.8,single_transformer_blocks-8,single,8,0,bright_to_dark,bright,dark,a bright crisp snare drum roll,a dark muffled snare drum roll,118,3.0,25,4.5,1.0,44100,25,25,3301.8857421875,1677.6182861328125,3087.896484375,3417.7021484375,1410.2781982421875,1410.2781982421875,0.8682549126901332,0.857,,645
ok,,18,transformer.single_transformer_blocks.8,single_transformer_blocks-8,single,8,0,dark_to_bright,dark,bright,a dark muffled snare drum roll,a bright crisp snare drum roll,118,3.0,25,4.5,1.0,44100,25,25,1677.6182861328125,3301.8857421875,1651.6641845703125,1465.9078369140625,-1650.2215576171875,1650.2215576171875,1.0159789580624499,0.859,,645
ok,,18,transformer.single_transformer_blocks.9,single_transformer_blocks-9,single,9,0,bright_to_dark,bright,dark,a bright crisp snare drum roll,a dark muffled snare drum roll,118,3.0,25,4.5,1.0,44100,25,25,3301.8857421875,1677.6182861328125,3085.67138671875,3428.006103515625,1408.0531005859375,1408.0531005859375,0.8668850042751394,0.859,,645
ok,,18,transformer.single_transformer_blocks.9,single_transformer_blocks-9,single,9,0,dark_to_bright,dark,bright,a dark muffled snare drum roll,a bright crisp snare drum roll,118,3.0,25,4.5,1.0,44100,25,25,1677.6182861328125,3301.8857421875,1633.9691162109375,1428.123291015625,-1667.9166259765625,1667.9166259765625,1.0268731419564965,0.857,,645
ok,,18,transformer.single_transformer_blocks.10,single_transformer_blocks-10,single,10,0,bright_to_dark,bright,dark,a bright crisp snare drum roll,a dark muffled snare drum roll,118,3.0,25,4.5,1.0,44100,25,25,3301.8857421875,1677.6182861328125,3082.16552734375,3364.36572265625,1404.5472412109375,1404.5472412109375,0.8647265793421448,0.863,,645
ok,,18,transformer.single_transformer_blocks.10,single_transformer_blocks-10,single,10,0,dark_to_bright,dark,bright,a dark muffled snare drum roll,a bright crisp snare drum roll,118,3.0,25,4.5,1.0,44100,25,25,1677.6182861328125,3301.8857421875,1652.582763671875,1439.413818359375,-1649.302978515625,1649.302978515625,1.0154134236745396,0.861,,645
ok,,18,transformer.single_transformer_blocks.11,single_transformer_blocks-11,single,11,0,bright_to_dark,bright,dark,a bright crisp snare drum roll,a dark muffled snare drum roll,118,3.0,25,4.5,1.0,44100,25,25,3301.8857421875,1677.6182861328125,3087.346923828125,3378.654296875,1409.7286376953125,1409.7286376953125,0.8679165690603163,0.861,,645
ok,,18,transformer.single_transformer_blocks.11,single_transformer_blocks-11,single,11,0,dark_to_bright,dark,bright,a dark muffled snare drum roll,a bright crisp snare drum roll,118,3.0,25,4.5,1.0,44100,25,25,1677.6182861328125,3301.8857421875,1684.0272216796875,1504.15087890625,-1617.8585205078125,1617.8585205078125,0.9960542609389945,0.858,,645
ok,,18,transformer.single_transformer_blocks.12,single_transformer_blocks-12,single,12,0,bright_to_dark,bright,dark,a bright crisp snare drum roll,a dark muffled snare drum roll,118,3.0,25,4.5,1.0,44100,25,25,3301.8857421875,1677.6182861328125,3100.781982421875,3400.93212890625,1423.1636962890625,1423.1636962890625,0.8761880261677458,0.864,,645
ok,,18,transformer.single_transformer_blocks.12,single_transformer_blocks-12,single,12,0,dark_to_bright,dark,bright,a dark muffled snare drum roll,a bright crisp snare drum roll,118,3.0,25,4.5,1.0,44100,25,25,1677.6182861328125,3301.8857421875,1662.9937744140625,1466.4580078125,-1638.8919677734375,1638.8919677734375,1.0090037583799607,0.863,,645
ok,,18,transformer.single_transformer_blocks.13,single_transformer_blocks-13,single,13,0,bright_to_dark,bright,dark,a bright crisp snare drum roll,a dark muffled snare drum roll,118,3.0,25,4.5,1.0,44100,25,25,3301.8857421875,1677.6182861328125,3130.147216796875,3437.587646484375,1452.5289306640625,1452.5289306640625,0.8942670896037194,0.862,,645
ok,,18,transformer.single_transformer_blocks.13,single_transformer_blocks-13,single,13,0,dark_to_bright,dark,bright,a dark muffled snare drum roll,a bright crisp snare drum roll,118,3.0,25,4.5,1.0,44100,25,25,1677.6182861328125,3301.8857421875,1678.85205078125,1478.22119140625,-1623.03369140625,1623.03369140625,0.9992404177995203,0.861,,645
ok,,18,transformer.single_transformer_blocks.14,single_transformer_blocks-14,single,14,0,bright_to_dark,bright,dark,a bright crisp snare drum roll,a dark muffled snare drum roll,118,3.0,25,4.5,1.0,44100,25,25,3301.8857421875,1677.6182861328125,3157.590576171875,3478.13671875,1479.9722900390625,1479.9722900390625,0.911162927338263,0.862,,645
ok,,18,transformer.single_transformer_blocks.14,single_transformer_blocks-14,single,14,0,dark_to_bright,dark,bright,a dark muffled snare drum roll,a bright crisp snare drum roll,118,3.0,25,4.5,1.0,44100,25,25,1677.6182861328125,3301.8857421875,1662.1990966796875,1449.2269287109375,-1639.6866455078125,1639.6866455078125,1.0094930113853158,0.863,,645
ok,,18,transformer.single_transformer_blocks.15,single_transformer_blocks-15,single,15,0,bright_to_dark,bright,dark,a bright crisp snare drum roll,a dark muffled snare drum roll,118,3.0,25,4.5,1.0,44100,25,25,3301.8857421875,1677.6182861328125,3118.8017578125,3382.787353515625,1441.1834716796875,1441.1834716796875,0.8872821198919375,0.861,,645
ok,,18,transformer.single_transformer_blocks.15,single_transformer_blocks-15,single,15,0,dark_to_bright,dark,bright,a dark muffled snare drum roll,a bright crisp snare drum roll,118,3.0,25,4.5,1.0,44100,25,25,1677.6182861328125,3301.8857421875,1656.5672607421875,1414.940673828125,-1645.3184814453125,1645.3184814453125,1.0129603196272599,0.863,,645
ok,,18,transformer.single_transformer_blocks.16,single_transformer_blocks-16,single,16,0,bright_to_dark,bright,dark,a bright crisp snare drum roll,a dark muffled snare drum roll,118,3.0,25,4.5,1.0,44100,25,25,3301.8857421875,1677.6182861328125,3138.59375,3448.806396484375,1460.9754638671875,1460.9754638671875,0.8994673004259207,0.863,,645
ok,,18,transformer.single_transformer_blocks.16,single_transformer_blocks-16,single,16,0,dark_to_bright,dark,bright,a dark muffled snare drum roll,a bright crisp snare drum roll,118,3.0,25,4.5,1.0,44100,25,25,1677.6182861328125,3301.8857421875,1674.90869140625,1489.2381591796875,-1626.97705078125,1626.97705078125,1.0016681949247104,0.862,,645
ok,,18,transformer.single_transformer_blocks.17,single_transformer_blocks-17,single,17,0,bright_to_dark,bright,dark,a bright crisp snare drum roll,a dark muffled snare drum roll,118,3.0,25,4.5,1.0,44100,25,25,3301.8857421875,1677.6182861328125,3207.51318359375,3552.92626953125,1529.8948974609375,1529.8948974609375,0.9418983873364187,0.866,,645
ok,,18,transformer.single_transformer_blocks.17,single_transformer_blocks-17,single,17,0,dark_to_bright,dark,bright,a dark muffled snare drum roll,a bright crisp snare drum roll,118,3.0,25,4.5,1.0,44100,25,25,1677.6182861328125,3301.8857421875,1661.2965087890625,1466.4158935546875,-1640.5892333984375,1640.5892333984375,1.0100487005898617,0.86,,645
ok,,19,transformer.single_transformer_blocks.0,single_transformer_blocks-0,single,0,0,bright_to_dark,bright,dark,a bright clean jazz saxophone phrase,a dark smoky jazz saxophone phrase,119,3.0,25,4.5,1.0,44100,25,25,1626.734375,1724.774658203125,1755.2725830078125,1728.3477783203125,30.4979248046875,30.4979248046875,-0.3110754458093547,0.863,,645
ok,,19,transformer.single_transformer_blocks.0,single_transformer_blocks-0,single,0,0,dark_to_bright,dark,bright,a dark smoky jazz saxophone phrase,a bright clean jazz saxophone phrase,119,3.0,25,4.5,1.0,44100,25,25,1724.774658203125,1626.734375,1585.3909912109375,1544.1484375,-41.3433837890625,41.3433837890625,-0.42169792291812447,0.865,,645
ok,,19,transformer.single_transformer_blocks.1,single_transformer_blocks-1,single,1,0,bright_to_dark,bright,dark,a bright clean jazz saxophone phrase,a dark smoky jazz saxophone phrase,119,3.0,25,4.5,1.0,44100,25,25,1626.734375,1724.774658203125,1746.7552490234375,1716.925537109375,21.9805908203125,21.9805908203125,-0.22419958513147048,0.867,,645
ok,,19,transformer.single_transformer_blocks.1,single_transformer_blocks-1,single,1,0,dark_to_bright,dark,bright,a dark smoky jazz saxophone phrase,a bright clean jazz saxophone phrase,119,3.0,25,4.5,1.0,44100,25,25,1724.774658203125,1626.734375,1595.1234130859375,1563.1292724609375,-31.6109619140625,31.6109619140625,-0.32242830070746786,0.864,,645
ok,,19,transformer.single_transformer_blocks.2,single_transformer_blocks-2,single,2,0,bright_to_dark,bright,dark,a bright clean jazz saxophone phrase,a dark smoky jazz saxophone phrase,119,3.0,25,4.5,1.0,44100,25,25,1626.734375,1724.774658203125,1743.9495849609375,1709.8450927734375,19.1749267578125,19.1749267578125,-0.19558212330012226,0.861,,645
ok,,19,transformer.single_transformer_blocks.2,single_transformer_blocks-2,single,2,0,dark_to_bright,dark,bright,a dark smoky jazz saxophone phrase,a bright clean jazz saxophone phrase,119,3.0,25,4.5,1.0,44100,25,25,1724.774658203125,1626.734375,1600.9605712890625,1568.672119140625,-25.7738037109375,25.7738037109375,-0.2628899353293175,0.865,,645
ok,,19,transformer.single_transformer_blocks.3,single_transformer_blocks-3,single,3,0,bright_to_dark,bright,dark,a bright clean jazz saxophone phrase,a dark smoky jazz saxophone phrase,119,3.0,25,4.5,1.0,44100,25,25,1626.734375,1724.774658203125,1745.2872314453125,1713.4251708984375,20.5125732421875,20.5125732421875,-0.20922596887738967,0.866,,645
ok,,19,transformer.single_transformer_blocks.3,single_transformer_blocks-3,single,3,0,dark_to_bright,dark,bright,a dark smoky jazz saxophone phrase,a bright clean jazz saxophone phrase,119,3.0,25,4.5,1.0,44100,25,25,1724.774658203125,1626.734375,1612.3162841796875,1568.5023193359375,-14.4180908203125,14.4180908203125,-0.14706292504725169,0.868,,645
ok,,19,transformer.single_transformer_blocks.4,single_transformer_blocks-4,single,4,0,bright_to_dark,bright,dark,a bright clean jazz saxophone phrase,a dark smoky jazz saxophone phrase,119,3.0,25,4.5,1.0,44100,25,25,1626.734375,1724.774658203125,1750.1807861328125,1712.1634521484375,25.4061279296875,25.4061279296875,-0.2591396831958324,0.866,,645
ok,,19,transformer.single_transformer_blocks.4,single_transformer_blocks-4,single,4,0,dark_to_bright,dark,bright,a dark smoky jazz saxophone phrase,a bright clean jazz saxophone phrase,119,3.0,25,4.5,1.0,44100,25,25,1724.774658203125,1626.734375,1606.022216796875,1566.3529052734375,-20.712158203125,20.712158203125,-0.21126171331239899,0.865,,645
ok,,19,transformer.single_transformer_blocks.5,single_transformer_blocks-5,single,5,0,bright_to_dark,bright,dark,a bright clean jazz saxophone phrase,a dark smoky jazz saxophone phrase,119,3.0,25,4.5,1.0,44100,25,25,1626.734375,1724.774658203125,1750.4796142578125,1710.2799072265625,25.7049560546875,25.7049560546875,-0.2621876968820115,0.867,,645
ok,,19,transformer.single_transformer_blocks.5,single_transformer_blocks-5,single,5,0,dark_to_bright,dark,bright,a dark smoky jazz saxophone phrase,a bright clean jazz saxophone phrase,119,3.0,25,4.5,1.0,44100,25,25,1724.774658203125,1626.734375,1609.5487060546875,1581.348876953125,-17.1856689453125,17.1856689453125,-0.17529191454604767,0.868,,645
ok,,19,transformer.single_transformer_blocks.6,single_transformer_blocks-6,single,6,0,bright_to_dark,bright,dark,a bright clean jazz saxophone phrase,a dark smoky jazz saxophone phrase,119,3.0,25,4.5,1.0,44100,25,25,1626.734375,1724.774658203125,1742.2215576171875,1698.3731689453125,17.4468994140625,17.4468994140625,-0.17795643631419444,0.867,,645
ok,,19,transformer.single_transformer_blocks.6,single_transformer_blocks-6,single,6,0,dark_to_bright,dark,bright,a dark smoky jazz saxophone phrase,a bright clean jazz saxophone phrase,119,3.0,25,4.5,1.0,44100,25,25,1724.774658203125,1626.734375,1624.2230224609375,1592.731201171875,-2.5113525390625,2.5113525390625,-0.0256155169794782,0.865,,645
ok,,19,transformer.single_transformer_blocks.7,single_transformer_blocks-7,single,7,0,bright_to_dark,bright,dark,a bright clean jazz saxophone phrase,a dark smoky jazz saxophone phrase,119,3.0,25,4.5,1.0,44100,25,25,1626.734375,1724.774658203125,1752.7562255859375,1711.8857421875,27.9815673828125,27.9815673828125,-0.28540887958104755,0.867,,645
ok,,19,transformer.single_transformer_blocks.7,single_transformer_blocks-7,single,7,0,dark_to_bright,dark,bright,a dark smoky jazz saxophone phrase,a bright clean jazz saxophone phrase,119,3.0,25,4.5,1.0,44100,25,25,1724.774658203125,1626.734375,1613.52880859375,1577.302734375,-13.20556640625,13.20556640625,-0.13469531069070878,0.857,,645
ok,,19,transformer.single_transformer_blocks.8,single_transformer_blocks-8,single,8,0,bright_to_dark,bright,dark,a bright clean jazz saxophone phrase,a dark smoky jazz saxophone phrase,119,3.0,25,4.5,1.0,44100,25,25,1626.734375,1724.774658203125,1746.2860107421875,1703.7889404296875,21.5113525390625,21.5113525390625,-0.21941340677784613,0.867,,645
ok,,19,transformer.single_transformer_blocks.8,single_transformer_blocks-8,single,8,0,dark_to_bright,dark,bright,a dark smoky jazz saxophone phrase,a bright clean jazz saxophone phrase,119,3.0,25,4.5,1.0,44100,25,25,1724.774658203125,1626.734375,1609.2525634765625,1580.200439453125,-17.4818115234375,17.4818115234375,-0.17831253595236732,0.868,,645
ok,,19,transformer.single_transformer_blocks.9,single_transformer_blocks-9,single,9,0,bright_to_dark,bright,dark,a bright clean jazz saxophone phrase,a dark smoky jazz saxophone phrase,119,3.0,25,4.5,1.0,44100,25,25,1626.734375,1724.774658203125,1750.3824462890625,1706.3309326171875,25.6077880859375,25.6077880859375,-0.2611965943925513,0.864,,645
ok,,19,transformer.single_transformer_blocks.9,single_transformer_blocks-9,single,9,0,dark_to_bright,dark,bright,a dark smoky jazz saxophone phrase,a bright clean jazz saxophone phrase,119,3.0,25,4.5,1.0,44100,25,25,1724.774658203125,1626.734375,1607.0679931640625,1579.3607177734375,-19.6663818359375,19.6663818359375,-0.20059491051440212,0.864,,645
ok,,19,transformer.single_transformer_blocks.10,single_transformer_blocks-10,single,10,0,bright_to_dark,bright,dark,a bright clean jazz saxophone phrase,a dark smoky jazz saxophone phrase,119,3.0,25,4.5,1.0,44100,25,25,1626.734375,1724.774658203125,1749.758056640625,1704.8990478515625,24.9833984375,24.9833984375,-0.25482788932522854,0.869,,645
ok,,19,transformer.single_transformer_blocks.10,single_transformer_blocks-10,single,10,0,dark_to_bright,dark,bright,a dark smoky jazz saxophone phrase,a bright clean jazz saxophone phrase,119,3.0,25,4.5,1.0,44100,25,25,1724.774658203125,1626.734375,1621.13525390625,1589.08544921875,-5.59912109375,5.59912109375,-0.05711041329969893,0.866,,645
ok,,19,transformer.single_transformer_blocks.11,single_transformer_blocks-11,single,11,0,bright_to_dark,bright,dark,a bright clean jazz saxophone phrase,a dark smoky jazz saxophone phrase,119,3.0,25,4.5,1.0,44100,25,25,1626.734375,1724.774658203125,1746.005615234375,1694.9345703125,21.23095703125,21.23095703125,-0.21655340373979326,0.871,,645
ok,,19,transformer.single_transformer_blocks.11,single_transformer_blocks-11,single,11,0,dark_to_bright,dark,bright,a dark smoky jazz saxophone phrase,a bright clean jazz saxophone phrase,119,3.0,25,4.5,1.0,44100,25,25,1724.774658203125,1626.734375,1631.31103515625,1594.0562744140625,4.57666015625,-4.57666015625,0.04668142529502731,0.866,,645
ok,,19,transformer.single_transformer_blocks.12,single_transformer_blocks-12,single,12,0,bright_to_dark,bright,dark,a bright clean jazz saxophone phrase,a dark smoky jazz saxophone phrase,119,3.0,25,4.5,1.0,44100,25,25,1626.734375,1724.774658203125,1730.93603515625,1674.9449462890625,6.161376953125,6.161376953125,-0.06284536061936435,0.87,,645
ok,,19,transformer.single_transformer_blocks.12,single_transformer_blocks-12,single,12,0,dark_to_bright,dark,bright,a dark smoky jazz saxophone phrase,a bright clean jazz saxophone phrase,119,3.0,25,4.5,1.0,44100,25,25,1724.774658203125,1626.734375,1637.59375,1602.1619873046875,10.859375,-10.859375,0.11076441892258693,0.875,,645
ok,,19,transformer.single_transformer_blocks.13,single_transformer_blocks-13,single,13,0,bright_to_dark,bright,dark,a bright clean jazz saxophone phrase,a dark smoky jazz saxophone phrase,119,3.0,25,4.5,1.0,44100,25,25,1626.734375,1724.774658203125,1715.73388671875,1656.8289794921875,-9.040771484375,-9.040771484375,0.09221486504321755,0.874,,645
ok,,19,transformer.single_transformer_blocks.13,single_transformer_blocks-13,single,13,0,dark_to_bright,dark,bright,a dark smoky jazz saxophone phrase,a bright clean jazz saxophone phrase,119,3.0,25,4.5,1.0,44100,25,25,1724.774658203125,1626.734375,1650.05419921875,1613.490478515625,23.31982421875,-23.31982421875,0.23785961705592756,0.87,,645
ok,,19,transformer.single_transformer_blocks.14,single_transformer_blocks-14,single,14,0,bright_to_dark,bright,dark,a bright clean jazz saxophone phrase,a dark smoky jazz saxophone phrase,119,3.0,25,4.5,1.0,44100,25,25,1626.734375,1724.774658203125,1724.537353515625,1672.8828125,-0.2373046875,-0.2373046875,0.002420481456671639,0.867,,645
ok,,19,transformer.single_transformer_blocks.14,single_transformer_blocks-14,single,14,0,dark_to_bright,dark,bright,a dark smoky jazz saxophone phrase,a bright clean jazz saxophone phrase,119,3.0,25,4.5,1.0,44100,25,25,1724.774658203125,1626.734375,1650.2431640625,1613.38330078125,23.5087890625,-23.5087890625,0.23978703747512906,0.868,,645
ok,,19,transformer.single_transformer_blocks.15,single_transformer_blocks-15,single,15,0,bright_to_dark,bright,dark,a bright clean jazz saxophone phrase,a dark smoky jazz saxophone phrase,119,3.0,25,4.5,1.0,44100,25,25,1626.734375,1724.774658203125,1723.987548828125,1673.257568359375,-0.787109375,-0.787109375,0.008028428206079592,0.872,,645
ok,,19,transformer.single_transformer_blocks.15,single_transformer_blocks-15,single,15,0,dark_to_bright,dark,bright,a dark smoky jazz saxophone phrase,a bright clean jazz saxophone phrase,119,3.0,25,4.5,1.0,44100,25,25,1724.774658203125,1626.734375,1646.3480224609375,1611.7655029296875,19.6136474609375,-19.6136474609375,0.20005702574625286,0.866,,645
ok,,19,transformer.single_transformer_blocks.16,single_transformer_blocks-16,single,16,0,bright_to_dark,bright,dark,a bright clean jazz saxophone phrase,a dark smoky jazz saxophone phrase,119,3.0,25,4.5,1.0,44100,25,25,1626.734375,1724.774658203125,1697.785888671875,1648.941162109375,-26.98876953125,-26.98876953125,0.27528245175845983,0.873,,645
ok,,19,transformer.single_transformer_blocks.16,single_transformer_blocks-16,single,16,0,dark_to_bright,dark,bright,a dark smoky jazz saxophone phrase,a bright clean jazz saxophone phrase,119,3.0,25,4.5,1.0,44100,25,25,1724.774658203125,1626.734375,1666.408203125,1623.7310791015625,39.673828125,-39.673828125,0.4046686405709547,0.87,,645
ok,,19,transformer.single_transformer_blocks.17,single_transformer_blocks-17,single,17,0,bright_to_dark,bright,dark,a bright clean jazz saxophone phrase,a dark smoky jazz saxophone phrase,119,3.0,25,4.5,1.0,44100,25,25,1626.734375,1724.774658203125,1645.3935546875,1604.0257568359375,-79.381103515625,-79.381103515625,0.8096784395365226,0.872,,645
ok,,19,transformer.single_transformer_blocks.17,single_transformer_blocks-17,single,17,0,dark_to_bright,dark,bright,a dark smoky jazz saxophone phrase,a bright clean jazz saxophone phrase,119,3.0,25,4.5,1.0,44100,25,25,1724.774658203125,1626.734375,1676.8262939453125,1619.6680908203125,50.0919189453125,-50.0919189453125,0.5109320098711816,0.865,,645
ok,,20,transformer.single_transformer_blocks.0,single_transformer_blocks-0,single,0,0,bright_to_dark,bright,dark,a bright airy choir voicing,a dark heavy choir voicing,120,3.0,25,4.5,1.0,44100,25,25,1307.371337890625,1456.322265625,1462.458740234375,1422.6630859375,6.136474609375,6.136474609375,-0.04119796165565486,0.863,,645
ok,,20,transformer.single_transformer_blocks.0,single_transformer_blocks-0,single,0,0,dark_to_bright,dark,bright,a dark heavy choir voicing,a bright airy choir voicing,120,3.0,25,4.5,1.0,44100,25,25,1456.322265625,1307.371337890625,1395.599609375,1384.6773681640625,88.228271484375,-88.228271484375,0.5923311309729669,0.866,,645
ok,,20,transformer.single_transformer_blocks.1,single_transformer_blocks-1,single,1,0,bright_to_dark,bright,dark,a bright airy choir voicing,a dark heavy choir voicing,120,3.0,25,4.5,1.0,44100,25,25,1307.371337890625,1456.322265625,1458.12841796875,1419.8963623046875,1.80615234375,1.80615234375,-0.012125821377701797,0.864,,645
ok,,20,transformer.single_transformer_blocks.1,single_transformer_blocks-1,single,1,0,dark_to_bright,dark,bright,a dark heavy choir voicing,a bright airy choir voicing,120,3.0,25,4.5,1.0,44100,25,25,1456.322265625,1307.371337890625,1398.40087890625,1385.585205078125,91.029541015625,-91.029541015625,0.6111377914876668,0.864,,645
ok,,20,transformer.single_transformer_blocks.2,single_transformer_blocks-2,single,2,0,bright_to_dark,bright,dark,a bright airy choir voicing,a dark heavy choir voicing,120,3.0,25,4.5,1.0,44100,25,25,1307.371337890625,1456.322265625,1472.0313720703125,1430.8326416015625,15.7091064453125,15.7091064453125,-0.10546497886422457,0.859,,645
ok,,20,transformer.single_transformer_blocks.2,single_transformer_blocks-2,single,2,0,dark_to_bright,dark,bright,a dark heavy choir voicing,a bright airy choir voicing,120,3.0,25,4.5,1.0,44100,25,25,1456.322265625,1307.371337890625,1396.140625,1385.6474609375,88.769287109375,-88.769287109375,0.5959633045567716,0.867,,645
ok,,20,transformer.single_transformer_blocks.3,single_transformer_blocks-3,single,3,0,bright_to_dark,bright,dark,a bright airy choir voicing,a dark heavy choir voicing,120,3.0,25,4.5,1.0,44100,25,25,1307.371337890625,1456.322265625,1489.8505859375,1450.9876708984375,33.5283203125,33.5283203125,-0.22509641814578848,0.867,,645
ok,,20,transformer.single_transformer_blocks.3,single_transformer_blocks-3,single,3,0,dark_to_bright,dark,bright,a dark heavy choir voicing,a bright airy choir voicing,120,3.0,25,4.5,1.0,44100,25,25,1456.322265625,1307.371337890625,1383.6556396484375,1372.6092529296875,76.2843017578125,-76.2843017578125,0.5121438511202207,0.867,,645
ok,,20,transformer.single_transformer_blocks.4,single_transformer_blocks-4,single,4,0,bright_to_dark,bright,dark,a bright airy choir voicing,a dark heavy choir voicing,120,3.0,25,4.5,1.0,44100,25,25,1307.371337890625,1456.322265625,1481.729248046875,1441.663330078125,25.406982421875,25.406982421875,-0.17057283770117504,0.865,,645
ok,,20,transformer.single_transformer_blocks.4,single_transformer_blocks-4,single,4,0,dark_to_bright,dark,bright,a dark heavy choir voicing,a bright airy choir voicing,120,3.0,25,4.5,1.0,44100,25,25,1456.322265625,1307.371337890625,1397.537841796875,1386.0869140625,90.16650390625,-90.16650390625,0.6053436878690975,0.871,,645
ok,,20,transformer.single_transformer_blocks.5,single_transformer_blocks-5,single,5,0,bright_to_dark,bright,dark,a bright airy choir voicing,a dark heavy choir voicing,120,3.0,25,4.5,1.0,44100,25,25,1307.371337890625,1456.322265625,1470.60302734375,1429.8135986328125,14.28076171875,14.28076171875,-0.0958756144454297,0.865,,645
ok,,20,transformer.single_transformer_blocks.5,single_transformer_blocks-5,single,5,0,dark_to_bright,dark,bright,a dark heavy choir voicing,a bright airy choir voicing,120,3.0,25,4.5,1.0,44100,25,25,1456.322265625,1307.371337890625,1399.5133056640625,1388.3104248046875,92.1419677734375,-92.1419677734375,0.61860620255924,0.868,,645
ok,,20,transformer.single_transformer_blocks.6,single_transformer_blocks-6,single,6,0,bright_to_dark,bright,dark,a bright airy choir voicing,a dark heavy choir voicing,120,3.0,25,4.5,1.0,44100,25,25,1307.371337890625,1456.322265625,1461.95849609375,1423.6749267578125,5.63623046875,5.63623046875,-0.03783951234463689,0.869,,645
ok,,20,transformer.single_transformer_blocks.6,single_transformer_blocks-6,single,6,0,dark_to_bright,dark,bright,a dark heavy choir voicing,a bright airy choir voicing,120,3.0,25,4.5,1.0,44100,25,25,1456.322265625,1307.371337890625,1403.9022216796875,1394.41552734375,96.5308837890625,-96.5308837890625,0.6480717190376051,0.867,,645
ok,,20,transformer.single_transformer_blocks.7,single_transformer_blocks-7,single,7,0,bright_to_dark,bright,dark,a bright airy choir voicing,a dark heavy choir voicing,120,3.0,25,4.5,1.0,44100,25,25,1307.371337890625,1456.322265625,1439.361083984375,1405.5130615234375,-16.961181640625,-16.961181640625,0.11387093654677981,0.867,,645
ok,,20,transformer.single_transformer_blocks.7,single_transformer_blocks-7,single,7,0,dark_to_bright,dark,bright,a dark heavy choir voicing,a bright airy choir voicing,120,3.0,25,4.5,1.0,44100,25,25,1456.322265625,1307.371337890625,1412.0224609375,1399.5738525390625,104.651123046875,-104.651123046875,0.7025879236784609,0.86,,645
ok,,20,transformer.single_transformer_blocks.8,single_transformer_blocks-8,single,8,0,bright_to_dark,bright,dark,a bright airy choir voicing,a dark heavy choir voicing,120,3.0,25,4.5,1.0,44100,25,25,1307.371337890625,1456.322265625,1436.920166015625,1400.6488037109375,-19.402099609375,-19.402099609375,0.1302583334289456,0.865,,645
ok,,20,transformer.single_transformer_blocks.8,single_transformer_blocks-8,single,8,0,dark_to_bright,dark,bright,a dark heavy choir voicing,a bright airy choir voicing,120,3.0,25,4.5,1.0,44100,25,25,1456.322265625,1307.371337890625,1407.5902099609375,1394.06787109375,100.2188720703125,-100.2188720703125,0.6728314727185409,0.867,,645
ok,,20,transformer.single_transformer_blocks.9,single_transformer_blocks-9,single,9,0,bright_to_dark,bright,dark,a bright airy choir voicing,a dark heavy choir voicing,120,3.0,25,4.5,1.0,44100,25,25,1307.371337890625,1456.322265625,1412.4698486328125,1381.751220703125,-43.8524169921875,-43.8524169921875,0.2944084851246429,0.866,,645
ok,,20,transformer.single_transformer_blocks.9,single_transformer_blocks-9,single,9,0,dark_to_bright,dark,bright,a dark heavy choir voicing,a bright airy choir voicing,120,3.0,25,4.5,1.0,44100,25,25,1456.322265625,1307.371337890625,1416.5770263671875,1404.5203857421875,109.2056884765625,-109.2056884765625,0.7331655474567409,0.864,,645
ok,,20,transformer.single_transformer_blocks.10,single_transformer_blocks-10,single,10,0,bright_to_dark,bright,dark,a bright airy choir voicing,a dark heavy choir voicing,120,3.0,25,4.5,1.0,44100,25,25,1307.371337890625,1456.322265625,1405.8375244140625,1372.8221435546875,-50.4847412109375,-50.4847412109375,0.3389353928762848,0.867,,645
ok,,20,transformer.single_transformer_blocks.10,single_transformer_blocks-10,single,10,0,dark_to_bright,dark,bright,a dark heavy choir voicing,a bright airy choir voicing,120,3.0,25,4.5,1.0,44100,25,25,1456.322265625,1307.371337890625,1426.3096923828125,1414.6546630859375,118.9383544921875,-118.9383544921875,0.7985069734126861,0.87,,645
ok,,20,transformer.single_transformer_blocks.11,single_transformer_blocks-11,single,11,0,bright_to_dark,bright,dark,a bright airy choir voicing,a dark heavy choir voicing,120,3.0,25,4.5,1.0,44100,25,25,1307.371337890625,1456.322265625,1400.8685302734375,1364.5877685546875,-55.4537353515625,-55.4537353515625,0.37229533373872936,0.868,,645
ok,,20,transformer.single_transformer_blocks.11,single_transformer_blocks-11,single,11,0,dark_to_bright,dark,bright,a dark heavy choir voicing,a bright airy choir voicing,120,3.0,25,4.5,1.0,44100,25,25,1456.322265625,1307.371337890625,1439.5233154296875,1427.4501953125,132.1519775390625,-132.1519775390625,0.8872182238081111,0.864,,645
ok,,20,transformer.single_transformer_blocks.12,single_transformer_blocks-12,single,12,0,bright_to_dark,bright,dark,a bright airy choir voicing,a dark heavy choir voicing,120,3.0,25,4.5,1.0,44100,25,25,1307.371337890625,1456.322265625,1397.4471435546875,1358.19580078125,-58.8751220703125,-58.8751220703125,0.3952652257077903,0.872,,645
ok,,20,transformer.single_transformer_blocks.12,single_transformer_blocks-12,single,12,0,dark_to_bright,dark,bright,a dark heavy choir voicing,a bright airy choir voicing,120,3.0,25,4.5,1.0,44100,25,25,1456.322265625,1307.371337890625,1447.01904296875,1434.69775390625,139.647705078125,-139.647705078125,0.937541693779575,0.872,,645
ok,,20,transformer.single_transformer_blocks.13,single_transformer_blocks-13,single,13,0,bright_to_dark,bright,dark,a bright airy choir voicing,a dark heavy choir voicing,120,3.0,25,4.5,1.0,44100,25,25,1307.371337890625,1456.322265625,1390.037109375,1349.0523681640625,-66.28515625,-66.28515625,0.4450133829861515,0.868,,645
ok,,20,transformer.single_transformer_blocks.13,single_transformer_blocks-13,single,13,0,dark_to_bright,dark,bright,a dark heavy choir voicing,a bright airy choir voicing,120,3.0,25,4.5,1.0,44100,25,25,1456.322265625,1307.371337890625,1446.860595703125,1434.0430908203125,139.4892578125,-139.4892578125,0.9364779389709607,0.871,,645
ok,,20,transformer.single_transformer_blocks.14,single_transformer_blocks-14,single,14,0,bright_to_dark,bright,dark,a bright airy choir voicing,a dark heavy choir voicing,120,3.0,25,4.5,1.0,44100,25,25,1307.371337890625,1456.322265625,1382.5960693359375,1340.665283203125,-73.7261962890625,-73.7261962890625,0.49496970183723077,0.868,,645
ok,,20,transformer.single_transformer_blocks.14,single_transformer_blocks-14,single,14,0,dark_to_bright,dark,bright,a dark heavy choir voicing,a bright airy choir voicing,120,3.0,25,4.5,1.0,44100,25,25,1456.322265625,1307.371337890625,1452.792236328125,1439.9942626953125,145.4208984375,-145.4208984375,0.976300722992675,0.87,,645
ok,,20,transformer.single_transformer_blocks.15,single_transformer_blocks-15,single,15,0,bright_to_dark,bright,dark,a bright airy choir voicing,a dark heavy choir voicing,120,3.0,25,4.5,1.0,44100,25,25,1307.371337890625,1456.322265625,1383.4996337890625,1342.7994384765625,-72.8226318359375,-72.8226318359375,0.4889035130133764,0.88,,645
ok,,20,transformer.single_transformer_blocks.15,single_transformer_blocks-15,single,15,0,dark_to_bright,dark,bright,a dark heavy choir voicing,a bright airy choir voicing,120,3.0,25,4.5,1.0,44100,25,25,1456.322265625,1307.371337890625,1447.57568359375,1433.7572021484375,140.204345703125,-140.204345703125,0.9412787676834895,0.879,,645
ok,,20,transformer.single_transformer_blocks.16,single_transformer_blocks-16,single,16,0,bright_to_dark,bright,dark,a bright airy choir voicing,a dark heavy choir voicing,120,3.0,25,4.5,1.0,44100,25,25,1307.371337890625,1456.322265625,1356.7332763671875,1314.2027587890625,-99.5889892578125,-99.5889892578125,0.6686026785641113,0.876,,645
ok,,20,transformer.single_transformer_blocks.16,single_transformer_blocks-16,single,16,0,dark_to_bright,dark,bright,a dark heavy choir voicing,a bright airy choir voicing,120,3.0,25,4.5,1.0,44100,25,25,1456.322265625,1307.371337890625,1468.5325927734375,1452.4603271484375,161.1612548828125,-161.1612548828125,1.0819755024971194,0.879,,645
ok,,20,transformer.single_transformer_blocks.17,single_transformer_blocks-17,single,17,0,bright_to_dark,bright,dark,a bright airy choir voicing,a dark heavy choir voicing,120,3.0,25,4.5,1.0,44100,25,25,1307.371337890625,1456.322265625,1310.61328125,1267.11962890625,-145.708984375,-145.708984375,0.978234822644701,0.877,,645
ok,,20,transformer.single_transformer_blocks.17,single_transformer_blocks-17,single,17,0,dark_to_bright,dark,bright,a dark heavy choir voicing,a bright airy choir voicing,120,3.0,25,4.5,1.0,44100,25,25,1456.322265625,1307.371337890625,1452.1685791015625,1431.542724609375,144.7972412109375,-144.7972412109375,0.9721137250595391,0.874,,645
